"customer_id","customer_name","email","signup_date","customer_segment","state","region_id"
1,Noah White,customer0001@example.com,2024-08-27,Small Business,AZ,4
2,Mason White,customer0002@example.com,2025-09-21,Consumer,PA,1
3,Ethan Anderson,customer0003@example.com,2023-04-06,Small Business,NY,1
4,Emma Wilson,customer0004@example.com,2024-08-31,Consumer,NJ,1
5,Zoe Clark,customer0005@example.com,2023-02-03,Small Business,OK,4
6,Leah Wilson,customer0006@example.com,2022-10-30,Consumer,TX,4
7,Zoe Wilson,customer0007@example.com,2022-12-27,Small Business,CT,1
8,Emma Harris,customer0008@example.com,2023-05-26,Corporate,TX,4
9,Mia Martin,customer0009@example.com,2025-09-29,Consumer,NV,4
10,Aria Martin,customer0010@example.com,2025-06-08,Small Business,UT,5
11,Ryan Martin,customer0011@example.com,2022-11-22,Small Business,OK,4
12,Lucas Wilson,customer0012@example.com,2025-07-29,Consumer,NV,4
13,Ethan Martinez,customer0013@example.com,2024-06-19,Consumer,NM,4
14,Lucas Thomas,customer0014@example.com,2023-10-17,Corporate,FL,2
15,Mia Wilson,customer0015@example.com,2024-02-24,Small Business,GA,2
16,Zoe Jackson,customer0016@example.com,2023-11-09,Consumer,MA,1
17,Noah Jackson,customer0017@example.com,2024-03-08,Corporate,CT,1
18,Owen Moore,customer0018@example.com,2024-09-03,Consumer,PA,1
19,Leah Jackson,customer0019@example.com,2025-01-07,Small Business,WI,3
20,Ethan Thompson,customer0020@example.com,2023-03-26,Consumer,CO,5
21,Leah Thomas,customer0021@example.com,2025-10-01,Small Business,MA,1
22,Ella Brown,customer0022@example.com,2025-06-28,Consumer,VA,2
23,Owen Patel,customer0023@example.com,2022-06-21,Consumer,WA,5
24,Liam Smith,customer0024@example.com,2023-06-17,Consumer,AZ,4
25,Aria Thomas,customer0025@example.com,2024-02-16,Consumer,OK,4
26,Olivia Thompson,customer0026@example.com,2022-02-09,Small Business,IL,3
27,Ethan Johnson,customer0027@example.com,2025-08-27,Consumer,IL,3
28,Noah Patel,customer0028@example.com,2025-06-26,Consumer,GA,2
29,Sophia Clark,customer0029@example.com,2023-03-23,Consumer,NM,4
30,Liam Lewis,customer0030@example.com,2025-05-28,Corporate,IL,3
31,Mason Garcia,customer0031@example.com,2025-03-31,Consumer,NC,2
32,Leah Moore,customer0032@example.com,2023-02-11,Consumer,WA,5
33,Mason Lewis,customer0033@example.com,2022-09-05,Small Business,CT,1
34,Nora Harris,customer0034@example.com,2024-05-27,Small Business,NJ,1
35,Aria Patel,customer0035@example.com,2024-05-10,Small Business,CA,5
36,Nora Martin,customer0036@example.com,2025-12-19,Consumer,AZ,4
37,Lucas Lewis,customer0037@example.com,2025-01-07,Small Business,CO,5
38,Owen Martinez,customer0038@example.com,2023-10-23,Small Business,TX,4
39,Ella Wilson,customer0039@example.com,2024-08-09,Consumer,MN,3
40,Ava Thompson,customer0040@example.com,2023-10-28,Consumer,OH,3
41,Lucas Thomas,customer0041@example.com,2023-07-27,Corporate,MI,3
42,Ava White,customer0042@example.com,2023-01-27,Consumer,CO,5
43,Ryan Wilson,customer0043@example.com,2025-11-15,Consumer,OK,4
44,Ava Johnson,customer0044@example.com,2023-08-26,Consumer,AZ,4
45,Owen Taylor,customer0045@example.com,2024-08-27,Consumer,MI,3
46,Ryan Thomas,customer0046@example.com,2023-12-22,Small Business,NM,4
47,Lucas Wilson,customer0047@example.com,2022-09-05,Small Business,MI,3
48,Ryan Lee,customer0048@example.com,2023-01-28,Consumer,MA,1
49,Owen White,customer0049@example.com,2025-05-07,Consumer,IL,3
50,Mason Wilson,customer0050@example.com,2024-01-10,Consumer,FL,2
51,Mia Martinez,customer0051@example.com,2022-04-04,Corporate,UT,5
52,Mia Thompson,customer0052@example.com,2022-07-30,Small Business,WI,3
53,Aiden Thompson,customer0053@example.com,2024-06-21,Consumer,IL,3
54,Aiden Garcia,customer0054@example.com,2022-05-14,Consumer,IL,3
55,Emma Brown,customer0055@example.com,2022-11-02,Small Business,OR,5
56,Ethan Garcia,customer0056@example.com,2025-02-16,Small Business,CT,1
57,Jack Wilson,customer0057@example.com,2024-12-06,Consumer,CO,5
58,Owen Jackson,customer0058@example.com,2023-09-18,Consumer,IL,3
59,Sophia Davis,customer0059@example.com,2025-07-05,Consumer,CA,5
60,Ethan Lee,customer0060@example.com,2025-02-04,Consumer,FL,2
61,Ella Lewis,customer0061@example.com,2024-08-20,Consumer,AZ,4
62,Mason Martin,customer0062@example.com,2022-05-26,Small Business,MI,3
63,Noah Jackson,customer0063@example.com,2022-08-24,Consumer,WA,5
64,Mia Johnson,customer0064@example.com,2022-05-03,Consumer,MI,3
65,Owen Anderson,customer0065@example.com,2024-06-18,Consumer,OR,5
66,Lucas White,customer0066@example.com,2025-01-10,Consumer,TX,4
67,Emma Jackson,customer0067@example.com,2023-10-23,Consumer,CA,5
68,Ethan Clark,customer0068@example.com,2025-04-17,Corporate,PA,1
69,Emma Lee,customer0069@example.com,2024-08-21,Consumer,CO,5
70,Liam Clark,customer0070@example.com,2024-06-11,Consumer,MN,3
71,Aiden Taylor,customer0071@example.com,2024-04-16,Consumer,NJ,1
72,Aria Jackson,customer0072@example.com,2025-11-21,Consumer,VA,2
73,Emma Martin,customer0073@example.com,2022-06-30,Consumer,OR,5
74,Leah White,customer0074@example.com,2022-01-03,Consumer,CT,1
75,Zoe Smith,customer0075@example.com,2023-01-20,Consumer,NV,4
76,Ella Smith,customer0076@example.com,2023-02-21,Consumer,AZ,4
77,Ella Thompson,customer0077@example.com,2022-09-06,Consumer,WI,3
78,Liam Anderson,customer0078@example.com,2025-02-02,Consumer,VA,2
79,Ethan Garcia,customer0079@example.com,2024-08-03,Corporate,NY,1
80,Mason White,customer0080@example.com,2025-12-15,Consumer,OK,4
81,Ethan Martin,customer0081@example.com,2025-02-02,Consumer,AZ,4
82,Leo Brown,customer0082@example.com,2022-05-23,Consumer,CO,5
83,Leo Martinez,customer0083@example.com,2022-01-06,Consumer,MI,3
84,Owen Thompson,customer0084@example.com,2022-11-01,Consumer,CO,5
85,Aria Harris,customer0085@example.com,2025-01-17,Consumer,MI,3
86,Ethan Clark,customer0086@example.com,2024-02-24,Consumer,VA,2
87,Aria Thompson,customer0087@example.com,2025-12-15,Corporate,MA,1
88,Mia Thompson,customer0088@example.com,2022-03-17,Consumer,NV,4
89,Sophia Martin,customer0089@example.com,2022-07-24,Consumer,MN,3
90,Mia Jackson,customer0090@example.com,2025-09-02,Corporate,NJ,1
91,Lucas Thomas,customer0091@example.com,2025-06-30,Small Business,TX,4
92,Ryan Moore,customer0092@example.com,2023-10-11,Consumer,MN,3
93,Emma Lewis,customer0093@example.com,2022-05-21,Consumer,OR,5
94,Olivia Jackson,customer0094@example.com,2022-07-21,Small Business,FL,2
95,Liam Anderson,customer0095@example.com,2022-03-01,Consumer,TX,4
96,Nora Taylor,customer0096@example.com,2024-06-01,Consumer,WI,3
97,Owen Lee,customer0097@example.com,2022-12-15,Consumer,NV,4
98,Jack Wilson,customer0098@example.com,2024-10-16,Corporate,AZ,4
99,Ella Martinez,customer0099@example.com,2024-07-30,Consumer,FL,2
100,Mason Harris,customer0100@example.com,2022-11-20,Consumer,NM,4
101,Mason Jackson,customer0101@example.com,2025-11-14,Consumer,OR,5
102,Leah Thompson,customer0102@example.com,2022-08-07,Consumer,TN,2
103,Owen Anderson,customer0103@example.com,2025-12-03,Consumer,MN,3
104,Ava Clark,customer0104@example.com,2025-11-05,Small Business,IL,3
105,Aiden Anderson,customer0105@example.com,2023-04-17,Consumer,OR,5
106,Noah Lewis,customer0106@example.com,2023-05-29,Small Business,GA,2
107,Emma Anderson,customer0107@example.com,2024-06-21,Consumer,PA,1
108,Olivia Anderson,customer0108@example.com,2023-11-01,Small Business,GA,2
109,Mia Harris,customer0109@example.com,2024-01-20,Consumer,NC,2
110,Lucas Thompson,customer0110@example.com,2023-08-28,Small Business,NC,2
111,Ella Johnson,customer0111@example.com,2022-10-16,Small Business,NY,1
112,Ryan Taylor,customer0112@example.com,2022-07-04,Small Business,TX,4
113,Ryan Garcia,customer0113@example.com,2024-07-20,Consumer,MI,3
114,Leah Taylor,customer0114@example.com,2022-08-10,Small Business,CO,5
115,Jack Harris,customer0115@example.com,2023-11-03,Corporate,NY,1
116,Ella Anderson,customer0116@example.com,2025-08-22,Consumer,NY,1
117,Emma Anderson,customer0117@example.com,2024-10-05,Consumer,NY,1
118,Mia Moore,customer0118@example.com,2024-07-18,Consumer,UT,5
119,Owen Brown,customer0119@example.com,2024-04-29,Consumer,OK,4
120,Zoe Martinez,customer0120@example.com,2022-03-09,Small Business,WA,5
121,Ella Wilson,customer0121@example.com,2024-01-13,Consumer,NM,4
122,Nora Smith,customer0122@example.com,2024-03-26,Consumer,CA,5
123,Olivia Davis,customer0123@example.com,2025-08-07,Consumer,TX,4
124,Aria Wilson,customer0124@example.com,2022-09-15,Small Business,NY,1
125,Ryan Davis,customer0125@example.com,2025-04-15,Consumer,NY,1
126,Mia Lewis,customer0126@example.com,2022-01-06,Consumer,OH,3
127,Ryan Martinez,customer0127@example.com,2022-12-24,Consumer,FL,2
128,Ava Taylor,customer0128@example.com,2023-05-03,Consumer,FL,2
129,Lucas Smith,customer0129@example.com,2022-09-17,Small Business,TN,2
130,Olivia Thompson,customer0130@example.com,2024-07-07,Small Business,CT,1
131,Sophia Martin,customer0131@example.com,2024-10-28,Consumer,UT,5
132,Leo Anderson,customer0132@example.com,2024-07-27,Consumer,NJ,1
133,Aiden Moore,customer0133@example.com,2024-05-23,Small Business,MA,1
134,Olivia Johnson,customer0134@example.com,2023-10-22,Consumer,TX,4
135,Lucas Lewis,customer0135@example.com,2025-07-20,Consumer,NC,2
136,Jack White,customer0136@example.com,2023-08-27,Consumer,NV,4
137,Sophia Garcia,customer0137@example.com,2025-09-02,Consumer,NV,4
138,Zoe Martin,customer0138@example.com,2023-04-13,Consumer,VA,2
139,Zoe Garcia,customer0139@example.com,2023-10-03,Consumer,NM,4
140,Mia Thompson,customer0140@example.com,2022-05-18,Consumer,IL,3
141,Zoe Garcia,customer0141@example.com,2024-02-03,Small Business,CT,1
142,Owen Harris,customer0142@example.com,2025-02-24,Consumer,NJ,1
143,Nora Jackson,customer0143@example.com,2022-04-16,Corporate,NV,4
144,Nora Garcia,customer0144@example.com,2025-03-29,Consumer,OH,3
145,Ethan Garcia,customer0145@example.com,2023-12-19,Small Business,NM,4
146,Lucas Clark,customer0146@example.com,2023-04-09,Small Business,CT,1
147,Jack Harris,customer0147@example.com,2022-02-23,Consumer,OR,5
148,Liam Martinez,customer0148@example.com,2025-12-10,Small Business,PA,1
149,Ava Lee,customer0149@example.com,2022-10-21,Consumer,MN,3
150,Mia Patel,customer0150@example.com,2022-07-07,Small Business,NY,1
151,Zoe Martin,customer0151@example.com,2023-11-30,Consumer,NM,4
152,Owen Lewis,customer0152@example.com,2022-06-23,Corporate,OH,3
153,Jack Smith,customer0153@example.com,2025-10-12,Consumer,VA,2
154,Aiden Lewis,customer0154@example.com,2024-06-24,Consumer,AZ,4
155,Sophia Taylor,customer0155@example.com,2024-05-30,Consumer,UT,5
156,Leo Anderson,customer0156@example.com,2022-04-04,Consumer,NV,4
157,Ava Davis,customer0157@example.com,2023-09-10,Corporate,NY,1
158,Mason Thomas,customer0158@example.com,2022-09-03,Consumer,MN,3
159,Mia Moore,customer0159@example.com,2024-12-26,Small Business,TN,2
160,Nora Johnson,customer0160@example.com,2024-03-24,Small Business,CA,5
161,Ava Martin,customer0161@example.com,2022-06-09,Small Business,NV,4
162,Owen Moore,customer0162@example.com,2025-12-24,Consumer,NM,4
163,Leah Patel,customer0163@example.com,2023-10-28,Consumer,CT,1
164,Nora Johnson,customer0164@example.com,2024-06-13,Small Business,AZ,4
165,Owen Moore,customer0165@example.com,2024-12-09,Consumer,NM,4
166,Ethan Thomas,customer0166@example.com,2022-12-11,Consumer,IL,3
167,Leo Davis,customer0167@example.com,2023-12-17,Consumer,WA,5
168,Sophia Brown,customer0168@example.com,2023-06-09,Consumer,TN,2
169,Olivia Lee,customer0169@example.com,2025-07-10,Consumer,TN,2
170,Ella Clark,customer0170@example.com,2025-08-09,Consumer,UT,5
171,Aria Brown,customer0171@example.com,2024-06-19,Consumer,MN,3
172,Lucas Clark,customer0172@example.com,2022-04-26,Consumer,IL,3
173,Ella Martin,customer0173@example.com,2022-03-19,Consumer,MI,3
174,Olivia Lewis,customer0174@example.com,2025-05-01,Consumer,MA,1
175,Ryan Smith,customer0175@example.com,2024-07-10,Corporate,UT,5
176,Aria Lewis,customer0176@example.com,2024-09-01,Consumer,FL,2
177,Sophia Thomas,customer0177@example.com,2022-06-22,Consumer,AZ,4
178,Ethan Martin,customer0178@example.com,2024-06-18,Consumer,CT,1
179,Nora Taylor,customer0179@example.com,2023-08-03,Consumer,NC,2
180,Emma Thomas,customer0180@example.com,2022-05-15,Consumer,UT,5
181,Mason Martinez,customer0181@example.com,2025-09-06,Corporate,NV,4
182,Aria Johnson,customer0182@example.com,2025-04-08,Small Business,NC,2
183,Leah Brown,customer0183@example.com,2025-05-03,Small Business,IL,3
184,Ryan Moore,customer0184@example.com,2025-08-10,Small Business,OH,3
185,Olivia Jackson,customer0185@example.com,2024-11-07,Consumer,OR,5
186,Liam Davis,customer0186@example.com,2023-12-01,Corporate,MN,3
187,Ethan Brown,customer0187@example.com,2022-11-14,Consumer,FL,2
188,Ryan White,customer0188@example.com,2022-03-19,Small Business,UT,5
189,Jack Moore,customer0189@example.com,2022-11-12,Consumer,TN,2
190,Ella Smith,customer0190@example.com,2024-04-21,Consumer,GA,2
191,Jack Anderson,customer0191@example.com,2024-07-08,Consumer,AZ,4
192,Aiden Davis,customer0192@example.com,2024-01-24,Small Business,WI,3
193,Ella Anderson,customer0193@example.com,2024-02-22,Consumer,OK,4
194,Noah Lewis,customer0194@example.com,2022-10-11,Small Business,FL,2
195,Nora Harris,customer0195@example.com,2022-07-30,Small Business,NV,4
196,Mason Johnson,customer0196@example.com,2022-11-25,Consumer,CT,1
197,Zoe Johnson,customer0197@example.com,2023-03-31,Small Business,NC,2
198,Zoe Smith,customer0198@example.com,2024-03-22,Consumer,NY,1
199,Olivia Taylor,customer0199@example.com,2023-04-05,Consumer,TX,4
200,Mia Brown,customer0200@example.com,2022-03-20,Consumer,MN,3
201,Aiden Martin,customer0201@example.com,2025-06-14,Consumer,FL,2
202,Lucas Davis,customer0202@example.com,2022-11-03,Consumer,CT,1
203,Zoe Garcia,customer0203@example.com,2023-08-14,Consumer,CA,5
204,Ethan Jackson,customer0204@example.com,2025-08-01,Small Business,MA,1
205,Sophia Thompson,customer0205@example.com,2025-05-07,Consumer,CT,1
206,Ethan Brown,customer0206@example.com,2023-08-20,Consumer,UT,5
207,Ethan Clark,customer0207@example.com,2024-05-03,Consumer,IL,3
208,Nora Johnson,customer0208@example.com,2024-12-13,Consumer,UT,5
209,Ava Moore,customer0209@example.com,2024-08-20,Consumer,CO,5
210,Lucas Patel,customer0210@example.com,2024-01-02,Small Business,MI,3
211,Sophia Clark,customer0211@example.com,2023-11-12,Consumer,NC,2
212,Aria Lee,customer0212@example.com,2025-11-03,Consumer,CO,5
213,Mia Johnson,customer0213@example.com,2024-07-26,Consumer,GA,2
214,Noah Smith,customer0214@example.com,2023-10-09,Corporate,CT,1
215,Ryan Thompson,customer0215@example.com,2023-06-03,Consumer,AZ,4
216,Nora Smith,customer0216@example.com,2025-09-04,Consumer,IL,3
217,Zoe Moore,customer0217@example.com,2024-06-19,Corporate,MN,3
218,Liam Thompson,customer0218@example.com,2025-11-18,Consumer,WI,3
219,Olivia Jackson,customer0219@example.com,2022-06-11,Consumer,OH,3
220,Mason Thomas,customer0220@example.com,2022-07-30,Consumer,OR,5
221,Ella Lewis,customer0221@example.com,2024-05-22,Consumer,MN,3
222,Ella Smith,customer0222@example.com,2023-12-24,Consumer,MN,3
223,Emma Johnson,customer0223@example.com,2025-10-06,Consumer,MI,3
224,Liam Patel,customer0224@example.com,2022-10-20,Small Business,CO,5
225,Mia Johnson,customer0225@example.com,2023-04-29,Small Business,PA,1
226,Leah Clark,customer0226@example.com,2022-03-08,Consumer,MN,3
227,Nora Martin,customer0227@example.com,2022-06-07,Consumer,WI,3
228,Leah Thomas,customer0228@example.com,2025-08-23,Consumer,IL,3
229,Liam Thompson,customer0229@example.com,2024-11-26,Consumer,CT,1
230,Lucas Martinez,customer0230@example.com,2025-12-12,Consumer,CT,1
231,Aiden Davis,customer0231@example.com,2022-09-09,Consumer,IL,3
232,Liam Martin,customer0232@example.com,2022-06-29,Small Business,NM,4
233,Olivia Harris,customer0233@example.com,2025-01-15,Consumer,MI,3
234,Liam Taylor,customer0234@example.com,2024-11-07,Consumer,GA,2
235,Ethan Thompson,customer0235@example.com,2022-02-23,Consumer,TN,2
236,Ella Harris,customer0236@example.com,2022-09-23,Consumer,IL,3
237,Mason Moore,customer0237@example.com,2024-09-07,Consumer,MA,1
238,Olivia Brown,customer0238@example.com,2023-10-12,Consumer,CO,5
239,Leo Taylor,customer0239@example.com,2022-09-20,Small Business,NV,4
240,Liam Brown,customer0240@example.com,2024-06-05,Consumer,CA,5
241,Leo Brown,customer0241@example.com,2023-09-15,Consumer,PA,1
242,Nora White,customer0242@example.com,2023-08-05,Small Business,NC,2
243,Ryan Martinez,customer0243@example.com,2022-09-14,Consumer,TN,2
244,Olivia White,customer0244@example.com,2025-08-05,Consumer,UT,5
245,Liam Lewis,customer0245@example.com,2025-05-24,Consumer,TN,2
246,Ava Johnson,customer0246@example.com,2022-04-04,Corporate,CT,1
247,Noah Clark,customer0247@example.com,2024-05-03,Consumer,IL,3
248,Ryan Anderson,customer0248@example.com,2025-08-07,Corporate,OK,4
249,Leah Anderson,customer0249@example.com,2024-07-17,Consumer,FL,2
250,Ella Jackson,customer0250@example.com,2024-09-18,Consumer,NC,2
251,Mia Thomas,customer0251@example.com,2023-10-16,Small Business,OR,5
252,Mia Taylor,customer0252@example.com,2024-11-20,Consumer,NM,4
253,Ella Garcia,customer0253@example.com,2023-07-02,Consumer,GA,2
254,Emma Anderson,customer0254@example.com,2024-02-26,Small Business,MA,1
255,Liam Thomas,customer0255@example.com,2025-03-29,Small Business,GA,2
256,Aiden White,customer0256@example.com,2024-08-14,Consumer,NC,2
257,Ava Johnson,customer0257@example.com,2024-03-16,Consumer,AZ,4
258,Owen Taylor,customer0258@example.com,2022-04-10,Consumer,VA,2
259,Aiden Anderson,customer0259@example.com,2025-01-04,Consumer,CA,5
260,Mia Martinez,customer0260@example.com,2024-01-20,Small Business,NM,4
261,Leah Smith,customer0261@example.com,2025-03-13,Consumer,PA,1
262,Mason Johnson,customer0262@example.com,2024-03-02,Consumer,UT,5
263,Jack Lewis,customer0263@example.com,2022-09-01,Consumer,IL,3
264,Nora Thomas,customer0264@example.com,2025-02-16,Corporate,AZ,4
265,Jack White,customer0265@example.com,2024-04-02,Consumer,FL,2
266,Mia Thomas,customer0266@example.com,2024-08-28,Consumer,NY,1
267,Leo Brown,customer0267@example.com,2023-11-03,Corporate,OR,5
268,Leah Lewis,customer0268@example.com,2023-09-05,Consumer,TN,2
269,Ryan Thompson,customer0269@example.com,2025-12-22,Consumer,CO,5
270,Nora Thomas,customer0270@example.com,2025-10-11,Consumer,MA,1
271,Mason Patel,customer0271@example.com,2025-05-07,Consumer,UT,5
272,Ethan Smith,customer0272@example.com,2025-04-10,Consumer,UT,5
273,Leah Brown,customer0273@example.com,2025-10-26,Consumer,UT,5
274,Noah Patel,customer0274@example.com,2024-06-22,Consumer,NY,1
275,Noah Jackson,customer0275@example.com,2024-10-24,Small Business,OK,4
276,Mia White,customer0276@example.com,2023-03-01,Consumer,MA,1
277,Leah Thomas,customer0277@example.com,2022-12-21,Consumer,UT,5
278,Ryan Taylor,customer0278@example.com,2025-10-16,Small Business,MI,3
279,Aiden Davis,customer0279@example.com,2023-05-20,Consumer,OR,5
280,Mason Anderson,customer0280@example.com,2025-12-14,Consumer,VA,2
281,Aiden Taylor,customer0281@example.com,2025-02-21,Corporate,MI,3
282,Sophia Clark,customer0282@example.com,2025-10-17,Consumer,MN,3
283,Mia Anderson,customer0283@example.com,2022-03-28,Consumer,IL,3
284,Ella Martinez,customer0284@example.com,2024-09-08,Consumer,WI,3
285,Ryan Martinez,customer0285@example.com,2022-10-09,Consumer,WI,3
286,Ethan Smith,customer0286@example.com,2025-10-03,Corporate,GA,2
287,Emma Garcia,customer0287@example.com,2024-04-26,Consumer,VA,2
288,Mia Patel,customer0288@example.com,2025-02-01,Corporate,NY,1
289,Aiden Thompson,customer0289@example.com,2025-08-25,Consumer,NM,4
290,Mason Smith,customer0290@example.com,2022-07-03,Consumer,OH,3
291,Emma Lee,customer0291@example.com,2024-05-05,Corporate,WA,5
292,Leah Thompson,customer0292@example.com,2023-01-17,Corporate,PA,1
293,Ava Anderson,customer0293@example.com,2025-03-09,Consumer,PA,1
294,Ella Harris,customer0294@example.com,2024-12-09,Consumer,OH,3
295,Ella Martinez,customer0295@example.com,2023-01-30,Small Business,OR,5
296,Ella Martinez,customer0296@example.com,2023-01-17,Consumer,NC,2
297,Owen Davis,customer0297@example.com,2022-12-26,Consumer,MN,3
298,Leo Thomas,customer0298@example.com,2022-06-27,Consumer,TX,4
299,Mia Thompson,customer0299@example.com,2023-10-25,Corporate,FL,2
300,Leah Wilson,customer0300@example.com,2024-07-03,Small Business,MI,3
301,Owen Clark,customer0301@example.com,2022-01-24,Consumer,MI,3
302,Emma Garcia,customer0302@example.com,2024-08-11,Consumer,VA,2
303,Mason Garcia,customer0303@example.com,2025-08-01,Corporate,OR,5
304,Jack Wilson,customer0304@example.com,2023-03-25,Corporate,MN,3
305,Ella Lewis,customer0305@example.com,2024-02-05,Consumer,TN,2
306,Ryan Davis,customer0306@example.com,2023-05-22,Small Business,NV,4
307,Leo Martin,customer0307@example.com,2024-12-17,Small Business,NJ,1
308,Sophia Smith,customer0308@example.com,2025-01-26,Corporate,WA,5
309,Ryan Brown,customer0309@example.com,2022-12-03,Consumer,UT,5
310,Sophia Davis,customer0310@example.com,2025-04-09,Consumer,NV,4
311,Emma Martin,customer0311@example.com,2022-09-28,Consumer,OK,4
312,Emma Harris,customer0312@example.com,2024-08-04,Small Business,OR,5
313,Leah Martinez,customer0313@example.com,2022-01-07,Small Business,CT,1
314,Emma Jackson,customer0314@example.com,2023-12-07,Small Business,CT,1
315,Olivia Thompson,customer0315@example.com,2022-03-06,Consumer,NY,1
316,Zoe Taylor,customer0316@example.com,2024-02-23,Consumer,VA,2
317,Olivia Harris,customer0317@example.com,2022-09-30,Consumer,NM,4
318,Liam Harris,customer0318@example.com,2024-03-15,Consumer,NY,1
319,Ava Anderson,customer0319@example.com,2024-08-06,Small Business,CT,1
320,Ryan Moore,customer0320@example.com,2023-04-16,Consumer,NM,4
321,Lucas Davis,customer0321@example.com,2022-08-20,Consumer,VA,2
322,Ava Wilson,customer0322@example.com,2023-02-27,Consumer,UT,5
323,Ella Lewis,customer0323@example.com,2025-10-08,Small Business,NJ,1
324,Emma Moore,customer0324@example.com,2024-06-17,Consumer,GA,2
325,Mia White,customer0325@example.com,2023-08-16,Consumer,CT,1
326,Owen Lewis,customer0326@example.com,2025-10-09,Small Business,OH,3
327,Mia White,customer0327@example.com,2023-03-29,Consumer,MI,3
328,Ryan Clark,customer0328@example.com,2022-12-25,Consumer,MA,1
329,Aiden Smith,customer0329@example.com,2023-12-07,Corporate,CO,5
330,Aria Jackson,customer0330@example.com,2024-04-16,Consumer,CO,5
331,Ryan Thompson,customer0331@example.com,2023-05-09,Small Business,NC,2
332,Ella Smith,customer0332@example.com,2025-02-25,Consumer,VA,2
333,Leo Brown,customer0333@example.com,2024-03-06,Consumer,WA,5
334,Olivia Martin,customer0334@example.com,2024-01-30,Consumer,OH,3
335,Lucas Moore,customer0335@example.com,2025-10-11,Consumer,NJ,1
336,Noah Clark,customer0336@example.com,2025-10-07,Consumer,MA,1
337,Aria Anderson,customer0337@example.com,2022-02-01,Consumer,GA,2
338,Aiden Wilson,customer0338@example.com,2025-11-25,Consumer,NY,1
339,Ethan Harris,customer0339@example.com,2023-10-21,Small Business,OK,4
340,Ryan Taylor,customer0340@example.com,2023-09-24,Consumer,NV,4
341,Ella Garcia,customer0341@example.com,2024-08-19,Small Business,NM,4
342,Nora Thomas,customer0342@example.com,2024-04-27,Consumer,GA,2
343,Ava Martinez,customer0343@example.com,2025-02-07,Corporate,TN,2
344,Mason Brown,customer0344@example.com,2023-02-06,Consumer,OK,4
345,Ethan Thompson,customer0345@example.com,2025-02-01,Consumer,OR,5
346,Aiden Thompson,customer0346@example.com,2024-08-01,Consumer,MI,3
347,Mia Harris,customer0347@example.com,2024-09-27,Consumer,TN,2
348,Leo Smith,customer0348@example.com,2022-06-02,Corporate,NJ,1
349,Zoe Brown,customer0349@example.com,2025-07-15,Consumer,NY,1
350,Noah White,customer0350@example.com,2024-07-22,Consumer,CT,1
351,Aiden Thompson,customer0351@example.com,2022-02-02,Consumer,UT,5
352,Ava Patel,customer0352@example.com,2024-12-20,Small Business,NV,4
353,Ava White,customer0353@example.com,2025-11-30,Small Business,OH,3
354,Sophia White,customer0354@example.com,2022-11-01,Consumer,CT,1
355,Lucas Taylor,customer0355@example.com,2023-07-02,Small Business,CA,5
356,Leah Martin,customer0356@example.com,2025-03-03,Consumer,OH,3
357,Olivia Smith,customer0357@example.com,2022-07-11,Consumer,MN,3
358,Aiden Smith,customer0358@example.com,2025-07-28,Consumer,WA,5
359,Aiden Jackson,customer0359@example.com,2025-08-13,Small Business,CT,1
360,Leo Smith,customer0360@example.com,2023-04-16,Consumer,CT,1
361,Lucas Smith,customer0361@example.com,2022-06-02,Small Business,NM,4
362,Owen Smith,customer0362@example.com,2023-01-03,Corporate,OR,5
363,Noah Clark,customer0363@example.com,2022-10-23,Small Business,MA,1
364,Mason Lee,customer0364@example.com,2025-02-28,Consumer,MA,1
365,Aria Moore,customer0365@example.com,2022-10-14,Small Business,CA,5
366,Nora Smith,customer0366@example.com,2022-07-20,Consumer,CA,5
367,Jack Lewis,customer0367@example.com,2025-05-04,Consumer,MI,3
368,Lucas Martin,customer0368@example.com,2024-10-01,Consumer,CT,1
369,Zoe Lee,customer0369@example.com,2025-10-24,Consumer,OK,4
370,Jack Anderson,customer0370@example.com,2023-05-20,Small Business,NJ,1
371,Mia Moore,customer0371@example.com,2025-12-28,Small Business,OH,3
372,Aria Taylor,customer0372@example.com,2022-08-07,Consumer,NM,4
373,Nora Martinez,customer0373@example.com,2022-07-29,Consumer,AZ,4
374,Ella Harris,customer0374@example.com,2025-02-10,Consumer,TX,4
375,Olivia Taylor,customer0375@example.com,2025-02-09,Consumer,CT,1
376,Leah Patel,customer0376@example.com,2023-08-21,Consumer,IL,3
377,Ethan Clark,customer0377@example.com,2024-12-03,Consumer,CO,5
378,Mia Martinez,customer0378@example.com,2023-09-09,Consumer,GA,2
379,Liam Jackson,customer0379@example.com,2023-07-20,Consumer,MA,1
380,Nora Martinez,customer0380@example.com,2023-05-21,Small Business,MA,1
381,Jack Davis,customer0381@example.com,2024-07-26,Consumer,OR,5
382,Leah Thomas,customer0382@example.com,2025-06-24,Consumer,PA,1
383,Aria Jackson,customer0383@example.com,2025-08-26,Corporate,AZ,4
384,Aria Lewis,customer0384@example.com,2025-11-24,Consumer,MI,3
385,Leah Thomas,customer0385@example.com,2023-08-20,Small Business,VA,2
386,Ethan Thomas,customer0386@example.com,2024-02-10,Consumer,CO,5
387,Sophia Clark,customer0387@example.com,2023-02-14,Consumer,WI,3
388,Ryan Patel,customer0388@example.com,2024-08-03,Corporate,GA,2
389,Mason Johnson,customer0389@example.com,2024-04-17,Small Business,AZ,4
390,Ethan Martinez,customer0390@example.com,2025-09-10,Consumer,MN,3
391,Olivia Martin,customer0391@example.com,2025-05-09,Consumer,OK,4
392,Leo Jackson,customer0392@example.com,2025-01-18,Consumer,OR,5
393,Jack Johnson,customer0393@example.com,2022-08-12,Small Business,OR,5
394,Jack Smith,customer0394@example.com,2025-02-27,Corporate,VA,2
395,Zoe Garcia,customer0395@example.com,2022-01-22,Consumer,OH,3
396,Leo Harris,customer0396@example.com,2025-04-03,Small Business,WA,5
397,Nora Moore,customer0397@example.com,2024-08-06,Small Business,NV,4
398,Mia Taylor,customer0398@example.com,2022-02-20,Consumer,OR,5
399,Olivia Garcia,customer0399@example.com,2022-10-18,Consumer,NM,4
400,Noah White,customer0400@example.com,2024-09-16,Consumer,TX,4
401,Ella Thomas,customer0401@example.com,2022-05-18,Consumer,TX,4
402,Aria Garcia,customer0402@example.com,2025-10-18,Small Business,NY,1
403,Liam Harris,customer0403@example.com,2022-11-24,Consumer,CO,5
404,Ethan Moore,customer0404@example.com,2025-07-13,Consumer,OK,4
405,Ava Lewis,customer0405@example.com,2023-02-09,Consumer,OK,4
406,Ava Davis,customer0406@example.com,2023-02-26,Consumer,TX,4
407,Sophia Harris,customer0407@example.com,2023-01-18,Consumer,WA,5
408,Sophia Martinez,customer0408@example.com,2025-10-05,Small Business,NV,4
409,Jack Moore,customer0409@example.com,2025-06-05,Consumer,IL,3
410,Nora Martin,customer0410@example.com,2025-06-18,Consumer,MI,3
411,Owen Johnson,customer0411@example.com,2025-10-08,Consumer,CA,5
412,Mason Garcia,customer0412@example.com,2023-01-10,Consumer,GA,2
413,Leah Jackson,customer0413@example.com,2025-05-06,Consumer,CO,5
414,Liam Thompson,customer0414@example.com,2025-07-25,Consumer,AZ,4
415,Liam Thompson,customer0415@example.com,2023-08-15,Consumer,OR,5
416,Jack Smith,customer0416@example.com,2024-01-06,Corporate,OK,4
417,Noah Moore,customer0417@example.com,2025-02-24,Consumer,VA,2
418,Aiden Jackson,customer0418@example.com,2025-12-25,Small Business,OK,4
419,Olivia Clark,customer0419@example.com,2022-03-05,Small Business,GA,2
420,Emma Martinez,customer0420@example.com,2023-04-06,Consumer,OH,3
421,Owen Thompson,customer0421@example.com,2025-01-30,Consumer,NV,4
422,Lucas Harris,customer0422@example.com,2024-01-22,Consumer,NJ,1
423,Ryan Davis,customer0423@example.com,2024-05-20,Consumer,AZ,4
424,Emma Martin,customer0424@example.com,2023-06-23,Consumer,IL,3
425,Sophia Wilson,customer0425@example.com,2023-03-06,Small Business,NV,4
426,Jack Jackson,customer0426@example.com,2022-12-06,Consumer,OH,3
427,Emma Clark,customer0427@example.com,2023-12-20,Consumer,TN,2
428,Liam Thomas,customer0428@example.com,2025-12-12,Consumer,UT,5
429,Leo Garcia,customer0429@example.com,2022-10-05,Corporate,MN,3
430,Lucas Brown,customer0430@example.com,2025-12-07,Small Business,NY,1
431,Aria Wilson,customer0431@example.com,2025-10-16,Consumer,GA,2
432,Lucas Jackson,customer0432@example.com,2024-02-08,Consumer,CA,5
433,Leo Martinez,customer0433@example.com,2025-11-23,Corporate,NM,4
434,Aiden Thomas,customer0434@example.com,2025-04-06,Consumer,TX,4
435,Nora Johnson,customer0435@example.com,2024-12-30,Consumer,OK,4
436,Aiden Martinez,customer0436@example.com,2023-10-24,Small Business,NC,2
437,Owen Brown,customer0437@example.com,2025-03-05,Small Business,OR,5
438,Emma Garcia,customer0438@example.com,2025-07-06,Small Business,MA,1
439,Sophia Lee,customer0439@example.com,2024-06-22,Consumer,MA,1
440,Mia Anderson,customer0440@example.com,2022-11-22,Small Business,NC,2
441,Nora Martinez,customer0441@example.com,2022-06-18,Consumer,NY,1
442,Leah Anderson,customer0442@example.com,2025-12-03,Small Business,MA,1
443,Sophia Patel,customer0443@example.com,2023-03-14,Consumer,NY,1
444,Ethan White,customer0444@example.com,2025-10-24,Consumer,CA,5
445,Sophia Jackson,customer0445@example.com,2025-11-22,Consumer,IL,3
446,Leah Johnson,customer0446@example.com,2022-07-29,Consumer,NC,2
447,Mia Moore,customer0447@example.com,2022-09-30,Consumer,OH,3
448,Leo Clark,customer0448@example.com,2022-01-18,Consumer,NY,1
449,Nora Davis,customer0449@example.com,2025-07-10,Small Business,OK,4
450,Ella Davis,customer0450@example.com,2022-06-27,Corporate,WA,5
451,Owen Moore,customer0451@example.com,2023-12-21,Corporate,PA,1
452,Ethan Martinez,customer0452@example.com,2025-08-13,Consumer,TN,2
453,Jack Lewis,customer0453@example.com,2023-08-07,Small Business,CA,5
454,Noah White,customer0454@example.com,2025-05-27,Consumer,MN,3
455,Emma Wilson,customer0455@example.com,2024-10-10,Consumer,OH,3
456,Jack Johnson,customer0456@example.com,2024-12-17,Corporate,TX,4
457,Aria Brown,customer0457@example.com,2024-03-03,Small Business,WI,3
458,Nora Harris,customer0458@example.com,2025-10-30,Consumer,OK,4
459,Ava Clark,customer0459@example.com,2022-05-19,Consumer,NY,1
460,Emma Moore,customer0460@example.com,2024-11-03,Consumer,CT,1
461,Zoe Moore,customer0461@example.com,2022-06-18,Consumer,NV,4
462,Mia Martinez,customer0462@example.com,2022-06-21,Consumer,UT,5
463,Mia Harris,customer0463@example.com,2023-11-01,Consumer,FL,2
464,Zoe Wilson,customer0464@example.com,2022-04-29,Consumer,MN,3
465,Ella Lewis,customer0465@example.com,2025-05-31,Consumer,NY,1
466,Ava Brown,customer0466@example.com,2025-12-07,Consumer,MA,1
467,Leo White,customer0467@example.com,2023-06-15,Consumer,OH,3
468,Sophia Patel,customer0468@example.com,2023-11-18,Small Business,MI,3
469,Olivia Martinez,customer0469@example.com,2025-12-29,Corporate,CA,5
470,Ella White,customer0470@example.com,2024-01-08,Consumer,NV,4
471,Nora Lee,customer0471@example.com,2023-06-07,Small Business,TN,2
472,Ethan White,customer0472@example.com,2022-01-06,Consumer,NJ,1
473,Emma Thompson,customer0473@example.com,2024-01-16,Consumer,GA,2
474,Emma Harris,customer0474@example.com,2025-09-04,Consumer,NC,2
475,Zoe Thomas,customer0475@example.com,2023-07-10,Small Business,TN,2
476,Sophia White,customer0476@example.com,2025-10-10,Corporate,OH,3
477,Leo Smith,customer0477@example.com,2024-04-01,Consumer,VA,2
478,Mason Thomas,customer0478@example.com,2022-06-26,Consumer,IL,3
479,Noah Anderson,customer0479@example.com,2025-02-28,Small Business,WI,3
480,Ella Taylor,customer0480@example.com,2025-04-26,Corporate,GA,2
481,Ethan Brown,customer0481@example.com,2022-01-14,Corporate,CA,5
482,Ryan Taylor,customer0482@example.com,2025-07-26,Small Business,FL,2
483,Ava Moore,customer0483@example.com,2023-09-22,Consumer,WI,3
484,Zoe Thompson,customer0484@example.com,2022-05-03,Corporate,GA,2
485,Olivia Smith,customer0485@example.com,2023-04-20,Corporate,WI,3
486,Nora Martin,customer0486@example.com,2022-06-23,Consumer,NV,4
487,Leah Johnson,customer0487@example.com,2025-04-27,Consumer,VA,2
488,Ethan Anderson,customer0488@example.com,2023-06-19,Small Business,VA,2
489,Aria Martin,customer0489@example.com,2023-07-11,Consumer,OH,3
490,Owen Garcia,customer0490@example.com,2022-11-15,Consumer,VA,2
491,Aria Jackson,customer0491@example.com,2022-09-05,Consumer,AZ,4
492,Mason Martin,customer0492@example.com,2023-06-27,Small Business,TX,4
493,Mason Lewis,customer0493@example.com,2022-03-24,Consumer,NC,2
494,Olivia Wilson,customer0494@example.com,2023-12-30,Consumer,FL,2
495,Lucas Lee,customer0495@example.com,2022-03-05,Corporate,MN,3
496,Ryan Wilson,customer0496@example.com,2022-07-13,Consumer,WA,5
497,Ava Smith,customer0497@example.com,2023-04-01,Consumer,MA,1
498,Olivia Clark,customer0498@example.com,2025-04-15,Consumer,IL,3
499,Olivia Davis,customer0499@example.com,2025-08-15,Consumer,NY,1
500,Aria Garcia,customer0500@example.com,2022-03-29,Corporate,NJ,1
501,Owen Jackson,customer0501@example.com,2024-03-19,Consumer,VA,2
502,Liam Taylor,customer0502@example.com,2023-03-16,Corporate,NM,4
503,Ella Brown,customer0503@example.com,2022-03-12,Consumer,WI,3
504,Mason Thompson,customer0504@example.com,2024-04-23,Corporate,VA,2
505,Olivia Martinez,customer0505@example.com,2024-02-24,Consumer,NY,1
506,Ethan Harris,customer0506@example.com,2022-02-09,Corporate,OR,5
507,Ryan Thompson,customer0507@example.com,2023-12-06,Corporate,NV,4
508,Leah Martinez,customer0508@example.com,2023-01-04,Consumer,WI,3
509,Ava Martinez,customer0509@example.com,2022-04-30,Small Business,VA,2
510,Nora Clark,customer0510@example.com,2023-04-22,Corporate,CA,5
511,Ethan Martinez,customer0511@example.com,2024-12-28,Small Business,FL,2
512,Owen Moore,customer0512@example.com,2023-12-28,Corporate,GA,2
513,Ethan Clark,customer0513@example.com,2023-10-14,Small Business,NC,2
514,Ava Taylor,customer0514@example.com,2025-03-08,Consumer,UT,5
515,Aiden Harris,customer0515@example.com,2023-09-25,Consumer,FL,2
516,Emma Wilson,customer0516@example.com,2025-05-17,Consumer,CT,1
517,Ava Thomas,customer0517@example.com,2025-06-11,Consumer,AZ,4
518,Liam Thomas,customer0518@example.com,2022-05-02,Consumer,WI,3
519,Sophia White,customer0519@example.com,2024-01-18,Corporate,NC,2
520,Owen Garcia,customer0520@example.com,2023-11-21,Consumer,AZ,4
521,Zoe Thompson,customer0521@example.com,2025-08-22,Consumer,TN,2
522,Nora Wilson,customer0522@example.com,2025-09-25,Consumer,WA,5
523,Mason Anderson,customer0523@example.com,2022-09-18,Consumer,TX,4
524,Leah Clark,customer0524@example.com,2022-03-08,Consumer,OR,5
525,Ethan Clark,customer0525@example.com,2022-08-02,Corporate,WA,5
526,Olivia Wilson,customer0526@example.com,2023-12-12,Corporate,OH,3
527,Aria Martin,customer0527@example.com,2022-01-24,Consumer,NY,1
528,Nora Martinez,customer0528@example.com,2022-08-10,Small Business,NJ,1
529,Ella Jackson,customer0529@example.com,2022-12-07,Corporate,OK,4
530,Nora Harris,customer0530@example.com,2024-02-08,Consumer,OK,4
531,Ethan Lee,customer0531@example.com,2024-07-13,Consumer,CA,5
532,Ava Thomas,customer0532@example.com,2023-06-19,Corporate,IL,3
533,Liam Moore,customer0533@example.com,2022-11-26,Small Business,WI,3
534,Aria Lewis,customer0534@example.com,2025-06-10,Corporate,NJ,1
535,Liam Lewis,customer0535@example.com,2024-06-08,Consumer,TX,4
536,Noah Davis,customer0536@example.com,2024-04-18,Small Business,WI,3
537,Mason Anderson,customer0537@example.com,2023-05-02,Consumer,MN,3
538,Ryan Thompson,customer0538@example.com,2022-11-11,Consumer,CA,5
539,Olivia Anderson,customer0539@example.com,2025-09-17,Consumer,OK,4
540,Sophia Patel,customer0540@example.com,2023-02-28,Consumer,NC,2
541,Aiden Garcia,customer0541@example.com,2023-09-24,Small Business,MA,1
542,Lucas Johnson,customer0542@example.com,2025-08-07,Consumer,AZ,4
543,Leah Taylor,customer0543@example.com,2023-01-18,Consumer,MI,3
544,Ella Martinez,customer0544@example.com,2023-04-09,Small Business,NV,4
545,Mia Garcia,customer0545@example.com,2022-06-25,Small Business,CT,1
546,Owen Wilson,customer0546@example.com,2025-02-07,Consumer,OK,4
547,Zoe Harris,customer0547@example.com,2025-11-08,Small Business,CO,5
548,Ethan Thompson,customer0548@example.com,2023-09-05,Consumer,CA,5
549,Owen White,customer0549@example.com,2025-03-16,Small Business,UT,5
550,Sophia Martin,customer0550@example.com,2022-12-21,Corporate,GA,2
551,Noah Brown,customer0551@example.com,2022-03-29,Consumer,VA,2
552,Mia Lewis,customer0552@example.com,2023-06-13,Consumer,FL,2
553,Leah Harris,customer0553@example.com,2024-03-24,Consumer,PA,1
554,Ella Patel,customer0554@example.com,2025-12-05,Consumer,UT,5
555,Sophia Jackson,customer0555@example.com,2022-11-03,Consumer,NV,4
556,Sophia Garcia,customer0556@example.com,2025-02-26,Small Business,OR,5
557,Nora Jackson,customer0557@example.com,2023-06-25,Consumer,CO,5
558,Jack Thompson,customer0558@example.com,2022-03-18,Consumer,CO,5
559,Jack Lewis,customer0559@example.com,2025-10-26,Small Business,FL,2
560,Aria Wilson,customer0560@example.com,2022-04-11,Small Business,NM,4
561,Ava Thomas,customer0561@example.com,2023-09-13,Consumer,MN,3
562,Ethan Brown,customer0562@example.com,2023-09-08,Corporate,MA,1
563,Lucas Jackson,customer0563@example.com,2025-05-23,Consumer,OH,3
564,Noah Jackson,customer0564@example.com,2024-09-19,Small Business,NM,4
565,Leo Lee,customer0565@example.com,2022-05-15,Consumer,CT,1
566,Mia White,customer0566@example.com,2025-03-10,Consumer,AZ,4
567,Emma Wilson,customer0567@example.com,2022-03-09,Consumer,NC,2
568,Lucas Taylor,customer0568@example.com,2024-08-08,Consumer,FL,2
569,Ethan Taylor,customer0569@example.com,2024-09-28,Consumer,NY,1
570,Owen Harris,customer0570@example.com,2023-12-18,Consumer,NM,4
571,Mason Patel,customer0571@example.com,2024-03-02,Consumer,CT,1
572,Ethan Wilson,customer0572@example.com,2025-10-19,Consumer,VA,2
573,Ava Patel,customer0573@example.com,2024-08-28,Corporate,WA,5
574,Ava Wilson,customer0574@example.com,2023-06-01,Consumer,OR,5
575,Zoe Moore,customer0575@example.com,2023-12-16,Consumer,OH,3
576,Mason White,customer0576@example.com,2025-07-01,Consumer,TX,4
577,Leo Taylor,customer0577@example.com,2025-02-23,Consumer,CT,1
578,Mason Garcia,customer0578@example.com,2024-09-13,Consumer,MI,3
579,Lucas Martinez,customer0579@example.com,2025-09-05,Small Business,MI,3
580,Mia White,customer0580@example.com,2023-05-08,Corporate,TN,2
581,Aria Brown,customer0581@example.com,2022-02-22,Consumer,NM,4
582,Zoe Moore,customer0582@example.com,2024-03-06,Small Business,WI,3
583,Noah Thomas,customer0583@example.com,2025-12-31,Consumer,UT,5
584,Nora White,customer0584@example.com,2023-09-07,Small Business,NV,4
585,Mason Garcia,customer0585@example.com,2024-08-22,Consumer,NC,2
586,Liam Thomas,customer0586@example.com,2025-09-02,Consumer,OR,5
587,Mason Jackson,customer0587@example.com,2023-11-10,Consumer,TN,2
588,Ella Garcia,customer0588@example.com,2024-08-21,Consumer,WI,3
589,Jack Johnson,customer0589@example.com,2024-08-25,Corporate,UT,5
590,Leah White,customer0590@example.com,2023-09-04,Consumer,NY,1
591,Noah Thomas,customer0591@example.com,2024-04-18,Corporate,VA,2
592,Aria Lee,customer0592@example.com,2022-06-15,Consumer,GA,2
593,Emma Patel,customer0593@example.com,2024-07-14,Consumer,OH,3
594,Liam Thompson,customer0594@example.com,2022-06-30,Consumer,CO,5
595,Leah Jackson,customer0595@example.com,2024-09-04,Consumer,TX,4
596,Noah Taylor,customer0596@example.com,2022-01-29,Corporate,UT,5
597,Ava Patel,customer0597@example.com,2025-07-07,Small Business,GA,2
598,Mason Brown,customer0598@example.com,2022-07-30,Consumer,WI,3
599,Liam Johnson,customer0599@example.com,2022-04-04,Consumer,MI,3
600,Leo Lewis,customer0600@example.com,2024-12-09,Consumer,AZ,4
601,Aiden Taylor,customer0601@example.com,2023-01-21,Consumer,MN,3
602,Ethan Wilson,customer0602@example.com,2022-09-26,Consumer,NJ,1
603,Leo Lee,customer0603@example.com,2022-09-10,Consumer,CA,5
604,Lucas Harris,customer0604@example.com,2025-06-30,Consumer,TX,4
605,Ava Smith,customer0605@example.com,2025-11-13,Consumer,MA,1
606,Sophia Harris,customer0606@example.com,2023-06-02,Consumer,AZ,4
607,Ava Anderson,customer0607@example.com,2024-05-11,Small Business,TN,2
608,Jack Lewis,customer0608@example.com,2025-12-06,Consumer,IL,3
609,Jack Garcia,customer0609@example.com,2023-08-02,Consumer,CA,5
610,Noah Lewis,customer0610@example.com,2023-02-14,Small Business,NV,4
611,Nora Jackson,customer0611@example.com,2023-08-28,Consumer,TN,2
612,Noah Thompson,customer0612@example.com,2023-11-09,Consumer,TX,4
613,Sophia Clark,customer0613@example.com,2025-10-02,Consumer,NJ,1
614,Olivia Garcia,customer0614@example.com,2023-06-09,Consumer,CO,5
615,Lucas Martin,customer0615@example.com,2022-04-13,Consumer,OH,3
616,Mason Taylor,customer0616@example.com,2025-10-18,Consumer,NJ,1
617,Emma Patel,customer0617@example.com,2022-10-11,Small Business,NY,1
618,Nora Martin,customer0618@example.com,2025-06-27,Consumer,IL,3
619,Aria Lee,customer0619@example.com,2022-08-22,Consumer,MN,3
620,Leah Thompson,customer0620@example.com,2024-05-13,Consumer,OH,3
621,Mia Smith,customer0621@example.com,2022-11-23,Consumer,CT,1
622,Owen Martin,customer0622@example.com,2023-01-07,Consumer,NM,4
623,Ava Brown,customer0623@example.com,2024-09-16,Corporate,CA,5
624,Ella Smith,customer0624@example.com,2022-05-10,Consumer,NM,4
625,Leo Clark,customer0625@example.com,2025-03-03,Consumer,PA,1
626,Leo Lewis,customer0626@example.com,2022-07-15,Consumer,WA,5
627,Nora Moore,customer0627@example.com,2022-11-01,Small Business,NV,4
628,Emma Patel,customer0628@example.com,2025-08-10,Corporate,UT,5
629,Aiden Lee,customer0629@example.com,2022-06-03,Small Business,NM,4
630,Aria Martinez,customer0630@example.com,2022-04-14,Consumer,TN,2
631,Leah Wilson,customer0631@example.com,2022-06-11,Consumer,NV,4
632,Olivia Thompson,customer0632@example.com,2024-07-04,Consumer,OK,4
633,Sophia Moore,customer0633@example.com,2024-04-24,Consumer,CT,1
634,Olivia Lewis,customer0634@example.com,2025-06-21,Consumer,CT,1
635,Noah Martin,customer0635@example.com,2023-11-30,Consumer,CA,5
636,Ella Thomas,customer0636@example.com,2025-02-21,Small Business,TN,2
637,Nora Martin,customer0637@example.com,2022-08-22,Consumer,AZ,4
638,Aria Taylor,customer0638@example.com,2025-07-21,Corporate,PA,1
639,Leo Taylor,customer0639@example.com,2025-12-08,Consumer,WA,5
640,Mia Jackson,customer0640@example.com,2022-08-08,Consumer,AZ,4
641,Sophia Moore,customer0641@example.com,2023-03-18,Consumer,GA,2
642,Sophia Jackson,customer0642@example.com,2022-04-06,Corporate,WI,3
643,Ella Martin,customer0643@example.com,2025-09-10,Consumer,CT,1
644,Aiden Patel,customer0644@example.com,2024-12-22,Small Business,TN,2
645,Owen Thompson,customer0645@example.com,2024-11-07,Small Business,AZ,4
646,Liam Brown,customer0646@example.com,2022-08-01,Consumer,UT,5
647,Aria White,customer0647@example.com,2024-02-27,Consumer,UT,5
648,Lucas Moore,customer0648@example.com,2023-12-04,Corporate,VA,2
649,Mia Jackson,customer0649@example.com,2025-05-18,Small Business,TN,2
650,Ryan Thomas,customer0650@example.com,2025-12-28,Small Business,WI,3
651,Noah Davis,customer0651@example.com,2025-07-02,Small Business,NC,2
652,Liam White,customer0652@example.com,2025-01-16,Small Business,NC,2
653,Nora Harris,customer0653@example.com,2024-09-10,Consumer,MA,1
654,Mason Jackson,customer0654@example.com,2022-01-27,Consumer,CA,5
655,Mia Smith,customer0655@example.com,2025-10-04,Consumer,NM,4
656,Mason Martinez,customer0656@example.com,2022-10-27,Small Business,NC,2
657,Ryan Smith,customer0657@example.com,2024-01-05,Small Business,FL,2
658,Ryan Wilson,customer0658@example.com,2025-08-18,Consumer,WA,5
659,Mason Smith,customer0659@example.com,2024-02-21,Consumer,OR,5
660,Emma Patel,customer0660@example.com,2023-05-30,Consumer,CO,5
661,Nora Clark,customer0661@example.com,2025-01-24,Small Business,GA,2
662,Mason Martin,customer0662@example.com,2022-12-30,Corporate,FL,2
663,Liam White,customer0663@example.com,2022-09-02,Consumer,VA,2
664,Ryan Martinez,customer0664@example.com,2022-09-24,Consumer,MI,3
665,Aria Martin,customer0665@example.com,2025-12-24,Corporate,NJ,1
666,Aria Lewis,customer0666@example.com,2022-04-15,Small Business,TN,2
667,Aiden Clark,customer0667@example.com,2025-01-31,Consumer,MI,3
668,Ethan Lee,customer0668@example.com,2024-12-02,Consumer,UT,5
669,Zoe Harris,customer0669@example.com,2025-01-04,Consumer,NC,2
670,Noah Thomas,customer0670@example.com,2023-11-10,Consumer,GA,2
671,Leo Thompson,customer0671@example.com,2025-02-23,Small Business,CA,5
672,Nora Martin,customer0672@example.com,2023-05-08,Corporate,CT,1
673,Ethan Smith,customer0673@example.com,2025-10-29,Corporate,CO,5
674,Leah Martinez,customer0674@example.com,2025-01-11,Small Business,NJ,1
675,Nora White,customer0675@example.com,2024-11-07,Consumer,CA,5
676,Noah Thomas,customer0676@example.com,2024-11-18,Consumer,IL,3
677,Ryan Harris,customer0677@example.com,2022-01-16,Consumer,GA,2
678,Zoe Garcia,customer0678@example.com,2023-02-26,Consumer,VA,2
679,Mia Patel,customer0679@example.com,2024-07-29,Small Business,NJ,1
680,Olivia Smith,customer0680@example.com,2022-12-31,Small Business,CT,1
681,Owen Wilson,customer0681@example.com,2023-06-14,Consumer,MA,1
682,Zoe Thomas,customer0682@example.com,2022-02-04,Consumer,TX,4
683,Ava Lewis,customer0683@example.com,2022-05-10,Small Business,UT,5
684,Olivia Taylor,customer0684@example.com,2024-10-26,Consumer,PA,1
685,Olivia Anderson,customer0685@example.com,2024-06-15,Consumer,CA,5
686,Liam Harris,customer0686@example.com,2023-03-27,Consumer,OK,4
687,Mason Brown,customer0687@example.com,2023-09-03,Small Business,OR,5
688,Ryan Harris,customer0688@example.com,2022-10-17,Consumer,NJ,1
689,Jack Moore,customer0689@example.com,2025-01-05,Consumer,CA,5
690,Noah Taylor,customer0690@example.com,2023-03-10,Consumer,WI,3
691,Liam Lee,customer0691@example.com,2023-03-29,Consumer,NC,2
692,Sophia Lee,customer0692@example.com,2025-10-06,Small Business,FL,2
693,Ella Harris,customer0693@example.com,2022-05-30,Consumer,CA,5
694,Sophia Davis,customer0694@example.com,2025-04-04,Consumer,MI,3
695,Mia Wilson,customer0695@example.com,2022-07-24,Consumer,IL,3
696,Aria Thompson,customer0696@example.com,2024-07-11,Consumer,NC,2
697,Mia Clark,customer0697@example.com,2025-03-06,Consumer,OR,5
698,Liam Patel,customer0698@example.com,2023-10-04,Consumer,AZ,4
699,Lucas Taylor,customer0699@example.com,2022-10-03,Small Business,NM,4
700,Ella Martin,customer0700@example.com,2024-01-05,Small Business,OK,4
701,Sophia Lee,customer0701@example.com,2025-08-15,Consumer,OR,5
702,Ryan Davis,customer0702@example.com,2023-06-24,Small Business,FL,2
703,Ava White,customer0703@example.com,2025-07-17,Consumer,CT,1
704,Leah Clark,customer0704@example.com,2023-03-12,Corporate,UT,5
705,Ryan Harris,customer0705@example.com,2024-08-24,Consumer,OH,3
706,Leah Wilson,customer0706@example.com,2025-04-22,Small Business,MI,3
707,Ella White,customer0707@example.com,2024-11-11,Consumer,NC,2
708,Ava Wilson,customer0708@example.com,2025-06-11,Small Business,UT,5
709,Ella Lee,customer0709@example.com,2023-01-02,Consumer,TN,2
710,Aiden Taylor,customer0710@example.com,2022-03-24,Consumer,VA,2
711,Olivia Martinez,customer0711@example.com,2024-01-27,Consumer,GA,2
712,Nora Moore,customer0712@example.com,2024-08-19,Corporate,CA,5
713,Aria Garcia,customer0713@example.com,2025-12-12,Corporate,PA,1
714,Owen Harris,customer0714@example.com,2025-03-13,Consumer,MN,3
715,Owen Johnson,customer0715@example.com,2024-11-24,Consumer,OH,3
716,Leah Taylor,customer0716@example.com,2023-12-08,Consumer,CO,5
717,Ava White,customer0717@example.com,2022-10-12,Consumer,WA,5
718,Leo Martinez,customer0718@example.com,2023-03-10,Consumer,NY,1
719,Jack Garcia,customer0719@example.com,2025-09-15,Consumer,MI,3
720,Aiden Thompson,customer0720@example.com,2024-09-08,Consumer,NY,1
721,Ava Wilson,customer0721@example.com,2022-03-30,Consumer,NV,4
722,Mia White,customer0722@example.com,2022-03-22,Corporate,GA,2
723,Liam Martinez,customer0723@example.com,2023-01-04,Consumer,MA,1
724,Owen Patel,customer0724@example.com,2025-09-17,Small Business,CA,5
725,Ella Lewis,customer0725@example.com,2024-08-23,Small Business,GA,2
726,Zoe Lewis,customer0726@example.com,2022-10-20,Small Business,GA,2
727,Leo Martinez,customer0727@example.com,2022-12-10,Small Business,OR,5
728,Jack Clark,customer0728@example.com,2022-05-21,Consumer,OK,4
729,Sophia Patel,customer0729@example.com,2023-02-19,Consumer,TN,2
730,Mia Lewis,customer0730@example.com,2022-07-17,Consumer,NV,4
731,Emma Harris,customer0731@example.com,2024-10-27,Small Business,CA,5
732,Mia Lewis,customer0732@example.com,2025-01-09,Small Business,OK,4
733,Zoe Taylor,customer0733@example.com,2022-03-30,Small Business,CO,5
734,Aiden Moore,customer0734@example.com,2023-12-19,Consumer,TN,2
735,Zoe Brown,customer0735@example.com,2023-06-06,Consumer,NY,1
736,Mason Lewis,customer0736@example.com,2025-01-18,Consumer,NY,1
737,Ava Clark,customer0737@example.com,2024-12-06,Consumer,NJ,1
738,Noah Thomas,customer0738@example.com,2024-04-17,Consumer,AZ,4
739,Owen Martinez,customer0739@example.com,2023-06-20,Small Business,OK,4
740,Nora Lewis,customer0740@example.com,2023-07-19,Corporate,CO,5
741,Zoe Harris,customer0741@example.com,2025-02-15,Consumer,NC,2
742,Ryan Thompson,customer0742@example.com,2023-06-04,Corporate,UT,5
743,Leah Brown,customer0743@example.com,2025-09-12,Consumer,OH,3
744,Liam Garcia,customer0744@example.com,2023-03-16,Consumer,NM,4
745,Jack Smith,customer0745@example.com,2022-11-26,Consumer,CA,5
746,Mia Thompson,customer0746@example.com,2025-05-14,Consumer,NJ,1
747,Ethan Taylor,customer0747@example.com,2022-06-13,Consumer,MN,3
748,Jack White,customer0748@example.com,2023-08-10,Small Business,NV,4
749,Liam Thompson,customer0749@example.com,2024-06-18,Consumer,CT,1
750,Noah Smith,customer0750@example.com,2025-05-12,Consumer,OH,3
751,Liam Smith,customer0751@example.com,2024-01-07,Consumer,CA,5
752,Olivia Martinez,customer0752@example.com,2024-03-29,Consumer,VA,2
753,Owen Davis,customer0753@example.com,2024-11-26,Consumer,TX,4
754,Ryan Anderson,customer0754@example.com,2025-02-19,Corporate,PA,1
755,Lucas Wilson,customer0755@example.com,2025-05-26,Corporate,MN,3
756,Owen Patel,customer0756@example.com,2023-06-19,Consumer,NV,4
757,Ryan Johnson,customer0757@example.com,2024-10-27,Consumer,NJ,1
758,Lucas Harris,customer0758@example.com,2025-03-23,Consumer,CO,5
759,Owen Thompson,customer0759@example.com,2023-05-14,Small Business,OK,4
760,Owen Patel,customer0760@example.com,2024-09-14,Consumer,TX,4
761,Ethan Wilson,customer0761@example.com,2023-10-09,Consumer,NM,4
762,Ryan Patel,customer0762@example.com,2025-12-06,Small Business,WA,5
763,Olivia Moore,customer0763@example.com,2025-10-11,Small Business,MI,3
764,Ryan Lee,customer0764@example.com,2024-09-02,Consumer,NY,1
765,Lucas Lee,customer0765@example.com,2025-10-31,Corporate,WA,5
766,Noah Wilson,customer0766@example.com,2023-05-11,Small Business,AZ,4
767,Noah Wilson,customer0767@example.com,2025-06-20,Consumer,FL,2
768,Olivia Thompson,customer0768@example.com,2025-06-11,Consumer,CT,1
769,Aiden Taylor,customer0769@example.com,2025-06-25,Consumer,CT,1
770,Aiden Lee,customer0770@example.com,2024-11-12,Consumer,OH,3
771,Mia Smith,customer0771@example.com,2024-12-12,Small Business,CO,5
772,Emma White,customer0772@example.com,2023-12-13,Consumer,WA,5
773,Sophia White,customer0773@example.com,2024-07-31,Consumer,TX,4
774,Noah Moore,customer0774@example.com,2025-04-04,Consumer,PA,1
775,Lucas Lee,customer0775@example.com,2025-01-28,Consumer,OR,5
776,Jack Thomas,customer0776@example.com,2024-01-20,Consumer,OK,4
777,Zoe Taylor,customer0777@example.com,2024-01-18,Small Business,NC,2
778,Liam Clark,customer0778@example.com,2022-09-26,Corporate,AZ,4
779,Lucas Wilson,customer0779@example.com,2025-02-11,Consumer,MA,1
780,Mia Brown,customer0780@example.com,2024-08-26,Small Business,GA,2
781,Aiden Brown,customer0781@example.com,2025-07-15,Consumer,NM,4
782,Mason Martinez,customer0782@example.com,2025-02-25,Small Business,TX,4
783,Sophia Lee,customer0783@example.com,2022-05-03,Consumer,NM,4
784,Sophia Martin,customer0784@example.com,2023-11-17,Consumer,NM,4
785,Ryan Martinez,customer0785@example.com,2023-12-06,Consumer,CA,5
786,Jack Davis,customer0786@example.com,2025-03-27,Consumer,WI,3
787,Mason Taylor,customer0787@example.com,2023-10-28,Small Business,VA,2
788,Olivia Moore,customer0788@example.com,2025-06-10,Consumer,AZ,4
789,Aria Jackson,customer0789@example.com,2025-07-16,Consumer,VA,2
790,Olivia Lee,customer0790@example.com,2023-12-05,Consumer,PA,1
791,Lucas Lewis,customer0791@example.com,2025-08-13,Consumer,MN,3
792,Owen White,customer0792@example.com,2024-07-11,Consumer,OH,3
793,Mia Wilson,customer0793@example.com,2025-09-17,Consumer,NJ,1
794,Liam Moore,customer0794@example.com,2022-07-30,Consumer,VA,2
795,Emma Patel,customer0795@example.com,2024-03-24,Consumer,CA,5
796,Lucas Lewis,customer0796@example.com,2022-11-15,Consumer,MA,1
797,Ethan Wilson,customer0797@example.com,2023-08-05,Consumer,OH,3
798,Leo Lee,customer0798@example.com,2022-02-28,Consumer,NC,2
799,Aiden Martin,customer0799@example.com,2025-01-12,Corporate,WI,3
800,Mia Harris,customer0800@example.com,2022-12-29,Consumer,OK,4
801,Zoe White,customer0801@example.com,2025-08-03,Consumer,OR,5
802,Aiden Harris,customer0802@example.com,2023-04-11,Small Business,MN,3
803,Nora Jackson,customer0803@example.com,2023-06-17,Consumer,IL,3
804,Leo Brown,customer0804@example.com,2023-12-06,Consumer,CT,1
805,Aiden Thompson,customer0805@example.com,2023-09-06,Consumer,MA,1
806,Jack Wilson,customer0806@example.com,2022-01-15,Consumer,OH,3
807,Ryan Jackson,customer0807@example.com,2024-03-19,Consumer,OK,4
808,Ethan Martinez,customer0808@example.com,2022-06-12,Consumer,AZ,4
809,Jack Martinez,customer0809@example.com,2023-08-07,Consumer,UT,5
810,Zoe Davis,customer0810@example.com,2022-05-21,Consumer,MI,3
811,Ella Lewis,customer0811@example.com,2024-07-16,Consumer,CT,1
812,Noah Thomas,customer0812@example.com,2022-02-09,Consumer,NV,4
813,Liam Garcia,customer0813@example.com,2023-08-01,Consumer,MA,1
814,Ethan Johnson,customer0814@example.com,2022-11-05,Consumer,NY,1
815,Zoe Anderson,customer0815@example.com,2024-10-17,Corporate,MN,3
816,Aria Johnson,customer0816@example.com,2022-10-27,Consumer,MA,1
817,Ryan Thompson,customer0817@example.com,2023-01-07,Consumer,PA,1
818,Ava Garcia,customer0818@example.com,2023-05-25,Consumer,OK,4
819,Emma Davis,customer0819@example.com,2024-08-01,Small Business,FL,2
820,Noah Thompson,customer0820@example.com,2024-03-07,Small Business,OR,5
821,Liam Smith,customer0821@example.com,2025-01-30,Consumer,MI,3
822,Mason Davis,customer0822@example.com,2024-01-09,Corporate,AZ,4
823,Ethan Jackson,customer0823@example.com,2023-10-27,Consumer,PA,1
824,Sophia Moore,customer0824@example.com,2023-05-13,Consumer,CA,5
825,Aiden Lewis,customer0825@example.com,2022-11-14,Consumer,CA,5
826,Liam Thompson,customer0826@example.com,2022-07-07,Small Business,NC,2
827,Emma Taylor,customer0827@example.com,2025-08-13,Consumer,CT,1
828,Mia Thompson,customer0828@example.com,2023-04-22,Consumer,CT,1
829,Ella Davis,customer0829@example.com,2022-02-13,Small Business,MI,3
830,Lucas Smith,customer0830@example.com,2024-09-20,Small Business,TN,2
831,Ryan Thompson,customer0831@example.com,2023-01-24,Consumer,WI,3
832,Aria Martin,customer0832@example.com,2023-07-18,Small Business,WI,3
833,Liam Johnson,customer0833@example.com,2024-12-23,Consumer,OR,5
834,Ryan Taylor,customer0834@example.com,2024-07-18,Consumer,WI,3
835,Liam Patel,customer0835@example.com,2025-06-23,Small Business,NV,4
836,Aria Johnson,customer0836@example.com,2025-09-10,Corporate,VA,2
837,Leo Thompson,customer0837@example.com,2025-02-03,Consumer,NC,2
838,Zoe Thomas,customer0838@example.com,2022-08-15,Consumer,IL,3
839,Mia Lee,customer0839@example.com,2022-03-06,Consumer,MA,1
840,Sophia Smith,customer0840@example.com,2025-03-15,Consumer,VA,2
841,Leo Lewis,customer0841@example.com,2025-12-07,Consumer,TX,4
842,Ethan Lewis,customer0842@example.com,2022-05-26,Consumer,OH,3
843,Olivia Martin,customer0843@example.com,2025-08-01,Consumer,NV,4
844,Nora Smith,customer0844@example.com,2025-06-17,Consumer,TX,4
845,Mason Johnson,customer0845@example.com,2023-03-19,Corporate,NJ,1
846,Ethan Harris,customer0846@example.com,2024-02-29,Consumer,CT,1
847,Owen Lee,customer0847@example.com,2025-02-17,Small Business,VA,2
848,Owen Taylor,customer0848@example.com,2025-10-13,Consumer,MA,1
849,Liam Lee,customer0849@example.com,2025-01-31,Consumer,PA,1
850,Ryan Lewis,customer0850@example.com,2024-06-26,Corporate,NC,2
851,Aria Taylor,customer0851@example.com,2024-04-24,Small Business,CO,5
852,Jack Wilson,customer0852@example.com,2025-02-27,Consumer,MN,3
853,Lucas Taylor,customer0853@example.com,2024-07-15,Consumer,CO,5
854,Emma Anderson,customer0854@example.com,2025-05-05,Consumer,NY,1
855,Ava Anderson,customer0855@example.com,2023-03-31,Consumer,MI,3
856,Lucas Harris,customer0856@example.com,2024-11-13,Consumer,CT,1
857,Sophia Smith,customer0857@example.com,2024-07-31,Consumer,GA,2
858,Nora Clark,customer0858@example.com,2023-05-27,Consumer,MI,3
859,Owen Moore,customer0859@example.com,2025-03-11,Corporate,NJ,1
860,Aiden Lee,customer0860@example.com,2024-09-26,Small Business,WI,3
861,Jack Anderson,customer0861@example.com,2022-03-18,Small Business,CT,1
862,Olivia Smith,customer0862@example.com,2023-11-16,Consumer,OK,4
863,Sophia Wilson,customer0863@example.com,2025-08-29,Small Business,TX,4
864,Emma Anderson,customer0864@example.com,2024-12-09,Consumer,NV,4
865,Mia Thomas,customer0865@example.com,2024-10-25,Small Business,WA,5
866,Leah Martin,customer0866@example.com,2025-05-03,Consumer,NJ,1
867,Zoe Anderson,customer0867@example.com,2024-03-18,Consumer,NC,2
868,Aiden Clark,customer0868@example.com,2022-04-11,Consumer,PA,1
869,Leah White,customer0869@example.com,2024-06-08,Small Business,NY,1
870,Aiden Harris,customer0870@example.com,2023-02-10,Consumer,TN,2
871,Ryan Lewis,customer0871@example.com,2024-12-09,Consumer,FL,2
872,Zoe Thomas,customer0872@example.com,2025-11-03,Corporate,IL,3
873,Zoe Jackson,customer0873@example.com,2024-01-19,Consumer,PA,1
874,Jack Patel,customer0874@example.com,2023-09-17,Consumer,MI,3
875,Ella Lewis,customer0875@example.com,2022-10-26,Consumer,WA,5
876,Nora Brown,customer0876@example.com,2022-06-25,Consumer,FL,2
877,Jack Brown,customer0877@example.com,2023-08-13,Consumer,FL,2
878,Ella Thompson,customer0878@example.com,2022-02-16,Consumer,WI,3
879,Noah Harris,customer0879@example.com,2024-12-07,Small Business,TN,2
880,Jack Brown,customer0880@example.com,2025-11-24,Small Business,TX,4
881,Owen White,customer0881@example.com,2022-03-31,Consumer,TX,4
882,Noah Lewis,customer0882@example.com,2023-07-10,Consumer,IL,3
883,Leah Martinez,customer0883@example.com,2025-09-19,Small Business,PA,1
884,Ava Anderson,customer0884@example.com,2025-08-22,Consumer,MA,1
885,Sophia Thomas,customer0885@example.com,2024-09-19,Small Business,UT,5
886,Liam Davis,customer0886@example.com,2024-10-22,Corporate,CT,1
887,Emma Wilson,customer0887@example.com,2024-12-20,Consumer,MA,1
888,Liam Patel,customer0888@example.com,2023-12-12,Small Business,NM,4
889,Ethan White,customer0889@example.com,2023-07-19,Small Business,MI,3
890,Ava Harris,customer0890@example.com,2023-07-28,Consumer,NM,4
891,Mia Johnson,customer0891@example.com,2024-02-22,Consumer,NV,4
892,Zoe Wilson,customer0892@example.com,2025-03-19,Consumer,NC,2
893,Aria Martin,customer0893@example.com,2025-01-15,Consumer,WA,5
894,Ryan Davis,customer0894@example.com,2022-10-10,Consumer,UT,5
895,Zoe Brown,customer0895@example.com,2025-09-05,Corporate,GA,2
896,Olivia Harris,customer0896@example.com,2024-12-27,Corporate,IL,3
897,Aria Brown,customer0897@example.com,2022-03-02,Small Business,VA,2
898,Mason Martin,customer0898@example.com,2025-07-28,Corporate,NM,4
899,Noah Garcia,customer0899@example.com,2022-09-27,Consumer,TN,2
900,Lucas Lewis,customer0900@example.com,2025-03-07,Consumer,UT,5
901,Ethan Patel,customer0901@example.com,2024-01-06,Consumer,VA,2
902,Leo Lewis,customer0902@example.com,2024-08-18,Small Business,NC,2
903,Leah Thompson,customer0903@example.com,2024-08-28,Consumer,GA,2
904,Emma Jackson,customer0904@example.com,2022-01-31,Corporate,VA,2
905,Noah Davis,customer0905@example.com,2022-05-16,Consumer,VA,2
906,Aiden Thomas,customer0906@example.com,2024-07-26,Corporate,CO,5
907,Emma Lewis,customer0907@example.com,2024-02-19,Small Business,OK,4
908,Owen Lewis,customer0908@example.com,2025-01-03,Consumer,CA,5
909,Sophia Martin,customer0909@example.com,2024-07-24,Small Business,CA,5
910,Leo Harris,customer0910@example.com,2024-03-21,Corporate,FL,2
911,Leah White,customer0911@example.com,2025-07-15,Corporate,WA,5
912,Ella Moore,customer0912@example.com,2023-09-16,Small Business,MI,3
913,Liam Jackson,customer0913@example.com,2023-08-26,Consumer,TX,4
914,Mia Martin,customer0914@example.com,2025-08-16,Consumer,UT,5
915,Liam Clark,customer0915@example.com,2025-11-26,Consumer,MA,1
916,Aria Martin,customer0916@example.com,2022-02-21,Consumer,NV,4
917,Ella Johnson,customer0917@example.com,2023-05-28,Consumer,GA,2
918,Olivia Garcia,customer0918@example.com,2025-12-17,Consumer,PA,1
919,Leo Moore,customer0919@example.com,2024-11-13,Consumer,NY,1
920,Ryan Moore,customer0920@example.com,2022-03-31,Small Business,NM,4
921,Mia Lee,customer0921@example.com,2022-10-24,Consumer,CA,5
922,Mason Anderson,customer0922@example.com,2024-07-02,Consumer,AZ,4
923,Mia Davis,customer0923@example.com,2022-01-08,Consumer,PA,1
924,Ella Thompson,customer0924@example.com,2024-10-18,Consumer,NJ,1
925,Aiden Wilson,customer0925@example.com,2023-03-21,Consumer,CO,5
926,Zoe Martin,customer0926@example.com,2022-06-12,Consumer,TX,4
927,Ryan Martinez,customer0927@example.com,2025-06-23,Consumer,GA,2
928,Liam Brown,customer0928@example.com,2022-04-23,Consumer,NJ,1
929,Emma Clark,customer0929@example.com,2025-05-20,Consumer,FL,2
930,Sophia Jackson,customer0930@example.com,2023-01-01,Consumer,PA,1
931,Jack Clark,customer0931@example.com,2025-02-25,Consumer,CO,5
932,Nora Smith,customer0932@example.com,2022-07-10,Small Business,OR,5
933,Leah Johnson,customer0933@example.com,2024-05-25,Small Business,IL,3
934,Aiden Brown,customer0934@example.com,2022-09-07,Small Business,MI,3
935,Leo Jackson,customer0935@example.com,2024-12-10,Consumer,OH,3
936,Emma Garcia,customer0936@example.com,2025-03-16,Small Business,UT,5
937,Aiden Lewis,customer0937@example.com,2025-12-18,Consumer,CT,1
938,Lucas White,customer0938@example.com,2025-03-23,Corporate,MI,3
939,Jack Clark,customer0939@example.com,2024-10-13,Consumer,VA,2
940,Liam Lewis,customer0940@example.com,2023-04-22,Small Business,AZ,4
941,Sophia Patel,customer0941@example.com,2024-08-10,Consumer,NJ,1
942,Jack Jackson,customer0942@example.com,2024-04-27,Consumer,NC,2
943,Noah Patel,customer0943@example.com,2025-08-04,Consumer,OR,5
944,Olivia Anderson,customer0944@example.com,2023-09-07,Consumer,MI,3
945,Sophia Thomas,customer0945@example.com,2023-12-01,Consumer,CT,1
946,Ava Lee,customer0946@example.com,2023-02-02,Consumer,OR,5
947,Aiden Smith,customer0947@example.com,2025-08-15,Consumer,AZ,4
948,Ryan Thomas,customer0948@example.com,2024-08-05,Small Business,OK,4
949,Leo Anderson,customer0949@example.com,2025-03-03,Small Business,PA,1
950,Ryan Patel,customer0950@example.com,2023-03-03,Consumer,OR,5
951,Olivia Brown,customer0951@example.com,2023-07-29,Small Business,MI,3
952,Ryan Lee,customer0952@example.com,2025-03-15,Consumer,AZ,4
953,Sophia Anderson,customer0953@example.com,2025-12-15,Small Business,CA,5
954,Zoe Johnson,customer0954@example.com,2024-10-14,Small Business,MI,3
955,Mason Davis,customer0955@example.com,2024-12-11,Consumer,TX,4
956,Emma Davis,customer0956@example.com,2022-07-09,Consumer,IL,3
957,Leo Brown,customer0957@example.com,2023-01-25,Consumer,OK,4
958,Mason Thomas,customer0958@example.com,2022-10-21,Small Business,CA,5
959,Mia Davis,customer0959@example.com,2022-03-16,Consumer,UT,5
960,Ava Anderson,customer0960@example.com,2022-04-01,Small Business,CT,1
961,Aria Martin,customer0961@example.com,2022-04-05,Consumer,PA,1
962,Owen Anderson,customer0962@example.com,2025-08-01,Corporate,PA,1
963,Noah Anderson,customer0963@example.com,2023-07-21,Consumer,VA,2
964,Lucas Brown,customer0964@example.com,2022-11-19,Consumer,NJ,1
965,Ryan White,customer0965@example.com,2022-07-29,Consumer,OR,5
966,Aria Martinez,customer0966@example.com,2022-10-17,Corporate,OR,5
967,Ethan Lee,customer0967@example.com,2022-05-26,Consumer,OR,5
968,Ella Smith,customer0968@example.com,2022-09-24,Consumer,CA,5
969,Leah Smith,customer0969@example.com,2022-06-26,Consumer,NY,1
970,Owen Martin,customer0970@example.com,2025-06-16,Consumer,OR,5
971,Ryan Johnson,customer0971@example.com,2024-08-11,Consumer,FL,2
972,Sophia Martin,customer0972@example.com,2023-09-28,Small Business,OK,4
973,Ethan Wilson,customer0973@example.com,2022-10-22,Small Business,NV,4
974,Nora Moore,customer0974@example.com,2023-01-11,Small Business,MI,3
975,Ella Thompson,customer0975@example.com,2022-03-03,Consumer,IL,3
976,Aiden Martin,customer0976@example.com,2022-12-16,Consumer,MI,3
977,Owen Brown,customer0977@example.com,2024-11-06,Consumer,CA,5
978,Ryan Johnson,customer0978@example.com,2023-09-11,Consumer,MN,3
979,Zoe Wilson,customer0979@example.com,2025-06-25,Consumer,WA,5
980,Leah Johnson,customer0980@example.com,2023-11-29,Consumer,NV,4
981,Zoe Clark,customer0981@example.com,2023-12-02,Consumer,AZ,4
982,Olivia Clark,customer0982@example.com,2024-09-23,Consumer,TN,2
983,Aria Harris,customer0983@example.com,2022-07-19,Small Business,AZ,4
984,Leah Johnson,customer0984@example.com,2025-05-10,Consumer,WI,3
985,Aria Thompson,customer0985@example.com,2025-08-13,Small Business,TX,4
986,Mia Clark,customer0986@example.com,2025-07-26,Small Business,GA,2
987,Ella Harris,customer0987@example.com,2023-08-20,Consumer,TN,2
988,Noah Davis,customer0988@example.com,2025-10-27,Small Business,NM,4
989,Mason Jackson,customer0989@example.com,2023-12-07,Corporate,UT,5
990,Jack White,customer0990@example.com,2024-04-07,Small Business,PA,1
991,Nora Harris,customer0991@example.com,2022-04-19,Consumer,CT,1
992,Sophia Anderson,customer0992@example.com,2022-03-05,Consumer,WI,3
993,Aria Moore,customer0993@example.com,2024-04-11,Consumer,NV,4
994,Liam Thompson,customer0994@example.com,2022-10-12,Consumer,VA,2
995,Zoe Brown,customer0995@example.com,2023-08-14,Corporate,OH,3
996,Ava Johnson,customer0996@example.com,2025-08-20,Consumer,VA,2
997,Mia Johnson,customer0997@example.com,2022-10-09,Consumer,OK,4
998,Jack Jackson,customer0998@example.com,2025-06-30,Consumer,NV,4
999,Ryan Martin,customer0999@example.com,2024-02-27,Consumer,AZ,4
1000,Jack Patel,customer1000@example.com,2025-03-29,Consumer,AZ,4
1001,Lucas Jackson,customer1001@example.com,2025-01-23,Consumer,CA,5
1002,Owen Thompson,customer1002@example.com,2025-12-14,Consumer,CT,1
1003,Olivia Brown,customer1003@example.com,2024-12-14,Corporate,NM,4
1004,Leo Johnson,customer1004@example.com,2024-12-07,Corporate,TX,4
1005,Aiden Johnson,customer1005@example.com,2025-11-01,Consumer,TN,2
1006,Jack Smith,customer1006@example.com,2023-12-05,Consumer,IL,3
1007,Ella White,customer1007@example.com,2024-08-18,Consumer,NM,4
1008,Nora Anderson,customer1008@example.com,2023-08-16,Consumer,NV,4
1009,Owen Martinez,customer1009@example.com,2022-05-06,Consumer,WI,3
1010,Owen Smith,customer1010@example.com,2025-09-06,Corporate,TN,2
1011,Mason Thompson,customer1011@example.com,2022-06-18,Consumer,NJ,1
1012,Lucas Brown,customer1012@example.com,2025-06-15,Consumer,MI,3
1013,Sophia Lewis,customer1013@example.com,2022-12-24,Corporate,NY,1
1014,Nora Lee,customer1014@example.com,2023-06-20,Small Business,AZ,4
1015,Liam White,customer1015@example.com,2022-03-09,Consumer,TX,4
1016,Jack Brown,customer1016@example.com,2024-10-12,Small Business,VA,2
1017,Ethan Martin,customer1017@example.com,2025-07-29,Consumer,NV,4
1018,Emma Martinez,customer1018@example.com,2022-08-26,Consumer,MN,3
1019,Aiden Anderson,customer1019@example.com,2024-09-02,Small Business,NV,4
1020,Leah Moore,customer1020@example.com,2024-08-29,Consumer,TN,2
1021,Ava Anderson,customer1021@example.com,2024-07-08,Consumer,NM,4
1022,Emma Garcia,customer1022@example.com,2024-12-24,Consumer,CO,5
1023,Lucas Thomas,customer1023@example.com,2023-07-08,Consumer,CA,5
1024,Owen Moore,customer1024@example.com,2024-08-02,Small Business,OH,3
1025,Noah White,customer1025@example.com,2023-11-23,Small Business,WA,5
1026,Ryan Patel,customer1026@example.com,2025-10-09,Consumer,IL,3
1027,Zoe Garcia,customer1027@example.com,2024-12-11,Consumer,MA,1
1028,Ethan Anderson,customer1028@example.com,2023-05-31,Consumer,IL,3
1029,Olivia Smith,customer1029@example.com,2025-05-01,Consumer,WA,5
1030,Sophia Garcia,customer1030@example.com,2022-06-26,Small Business,WA,5
1031,Owen Lee,customer1031@example.com,2022-08-16,Small Business,NM,4
1032,Ella Johnson,customer1032@example.com,2025-08-01,Consumer,MI,3
1033,Aria Martinez,customer1033@example.com,2022-11-28,Small Business,NM,4
1034,Leah Moore,customer1034@example.com,2023-11-13,Corporate,PA,1
1035,Liam Martin,customer1035@example.com,2022-05-23,Consumer,OH,3
1036,Leah Lee,customer1036@example.com,2025-08-14,Consumer,WA,5
1037,Zoe Davis,customer1037@example.com,2025-06-11,Consumer,CO,5
1038,Sophia Smith,customer1038@example.com,2022-05-30,Consumer,MI,3
1039,Ava Thompson,customer1039@example.com,2022-11-01,Consumer,TX,4
1040,Leah Martinez,customer1040@example.com,2022-11-07,Small Business,MA,1
1041,Ava White,customer1041@example.com,2025-12-20,Corporate,CO,5
1042,Zoe Moore,customer1042@example.com,2022-05-24,Consumer,TX,4
1043,Aiden Garcia,customer1043@example.com,2025-03-07,Consumer,NM,4
1044,Mason Moore,customer1044@example.com,2022-04-24,Consumer,IL,3
1045,Ryan Thomas,customer1045@example.com,2022-06-14,Small Business,MI,3
1046,Liam Harris,customer1046@example.com,2022-03-22,Corporate,GA,2
1047,Leah Garcia,customer1047@example.com,2025-07-15,Small Business,MN,3
1048,Ella Davis,customer1048@example.com,2022-10-14,Consumer,NJ,1
1049,Ethan Thompson,customer1049@example.com,2024-03-07,Consumer,UT,5
1050,Aiden Harris,customer1050@example.com,2024-07-09,Corporate,IL,3
1051,Aria Smith,customer1051@example.com,2023-11-23,Small Business,NJ,1
1052,Sophia Davis,customer1052@example.com,2025-09-01,Small Business,OK,4
1053,Mia Clark,customer1053@example.com,2023-04-23,Corporate,CA,5
1054,Aiden Patel,customer1054@example.com,2024-08-23,Corporate,TN,2
1055,Ethan Brown,customer1055@example.com,2022-01-30,Consumer,NJ,1
1056,Sophia Martin,customer1056@example.com,2025-06-05,Consumer,WI,3
1057,Sophia Garcia,customer1057@example.com,2024-10-15,Consumer,CT,1
1058,Olivia Davis,customer1058@example.com,2024-05-22,Consumer,VA,2
1059,Sophia Clark,customer1059@example.com,2025-01-22,Consumer,OH,3
1060,Owen Lee,customer1060@example.com,2023-11-19,Consumer,PA,1
1061,Zoe Lee,customer1061@example.com,2025-11-27,Consumer,GA,2
1062,Ethan Clark,customer1062@example.com,2022-03-25,Consumer,NV,4
1063,Liam Patel,customer1063@example.com,2024-09-24,Consumer,TX,4
1064,Olivia Clark,customer1064@example.com,2023-08-05,Consumer,VA,2
1065,Noah Brown,customer1065@example.com,2025-08-03,Consumer,VA,2
1066,Ethan Lee,customer1066@example.com,2025-06-04,Small Business,NV,4
1067,Aiden Lewis,customer1067@example.com,2022-06-30,Consumer,NC,2
1068,Zoe Patel,customer1068@example.com,2025-02-16,Consumer,IL,3
1069,Sophia Lewis,customer1069@example.com,2024-01-12,Small Business,UT,5
1070,Ethan Martin,customer1070@example.com,2025-07-06,Consumer,OR,5
1071,Noah Garcia,customer1071@example.com,2022-11-02,Small Business,MA,1
1072,Liam Lee,customer1072@example.com,2025-10-04,Corporate,TX,4
1073,Mason Davis,customer1073@example.com,2024-06-09,Consumer,WI,3
1074,Emma Garcia,customer1074@example.com,2022-04-18,Corporate,AZ,4
1075,Ava Thompson,customer1075@example.com,2024-11-20,Consumer,GA,2
1076,Owen Clark,customer1076@example.com,2023-10-30,Consumer,NM,4
1077,Sophia Thomas,customer1077@example.com,2023-04-12,Consumer,VA,2
1078,Leah Wilson,customer1078@example.com,2022-05-31,Consumer,VA,2
1079,Zoe Brown,customer1079@example.com,2023-03-19,Corporate,MA,1
1080,Leah Taylor,customer1080@example.com,2022-10-07,Consumer,GA,2
1081,Lucas Davis,customer1081@example.com,2023-11-19,Consumer,WI,3
1082,Lucas Brown,customer1082@example.com,2022-08-16,Small Business,MA,1
1083,Liam Thomas,customer1083@example.com,2023-03-27,Corporate,NV,4
1084,Jack Lee,customer1084@example.com,2025-03-29,Corporate,GA,2
1085,Zoe White,customer1085@example.com,2024-09-28,Small Business,NY,1
1086,Aiden Martin,customer1086@example.com,2023-07-26,Consumer,CO,5
1087,Ethan Thomas,customer1087@example.com,2024-06-08,Consumer,TN,2
1088,Owen Patel,customer1088@example.com,2024-05-05,Corporate,FL,2
1089,Leo Smith,customer1089@example.com,2024-05-21,Consumer,OK,4
1090,Ella Thompson,customer1090@example.com,2023-05-08,Consumer,NJ,1
1091,Noah Brown,customer1091@example.com,2024-01-05,Consumer,TX,4
1092,Aiden Anderson,customer1092@example.com,2022-11-28,Small Business,CT,1
1093,Ava Martin,customer1093@example.com,2024-08-07,Small Business,CO,5
1094,Nora Martin,customer1094@example.com,2025-12-12,Consumer,FL,2
1095,Aria White,customer1095@example.com,2022-03-08,Consumer,NM,4
1096,Ryan Clark,customer1096@example.com,2023-03-01,Small Business,CA,5
1097,Aria Smith,customer1097@example.com,2024-11-20,Corporate,OR,5
1098,Sophia Moore,customer1098@example.com,2024-01-19,Consumer,NJ,1
1099,Nora Lee,customer1099@example.com,2025-08-20,Consumer,IL,3
1100,Noah Brown,customer1100@example.com,2023-11-17,Consumer,CA,5
1101,Owen Davis,customer1101@example.com,2023-04-07,Consumer,NM,4
1102,Zoe Martinez,customer1102@example.com,2022-04-22,Consumer,OR,5
1103,Aiden White,customer1103@example.com,2024-12-14,Small Business,OK,4
1104,Ryan Anderson,customer1104@example.com,2024-07-14,Consumer,CA,5
1105,Ella Johnson,customer1105@example.com,2022-06-14,Consumer,GA,2
1106,Olivia Garcia,customer1106@example.com,2022-12-04,Consumer,OH,3
1107,Mia Davis,customer1107@example.com,2024-12-02,Corporate,TX,4
1108,Zoe Harris,customer1108@example.com,2022-09-28,Consumer,MN,3
1109,Ava Anderson,customer1109@example.com,2023-01-23,Consumer,AZ,4
1110,Aria Jackson,customer1110@example.com,2025-03-31,Consumer,OR,5
1111,Owen White,customer1111@example.com,2025-01-28,Consumer,NM,4
1112,Mia Anderson,customer1112@example.com,2022-12-18,Small Business,WA,5
1113,Nora Anderson,customer1113@example.com,2022-04-07,Consumer,NM,4
1114,Liam Lewis,customer1114@example.com,2022-11-26,Small Business,NM,4
1115,Liam Brown,customer1115@example.com,2022-11-27,Consumer,FL,2
1116,Owen Brown,customer1116@example.com,2024-06-21,Consumer,OH,3
1117,Ryan Smith,customer1117@example.com,2025-09-25,Consumer,NC,2
1118,Nora Martin,customer1118@example.com,2025-01-10,Corporate,TN,2
1119,Sophia Patel,customer1119@example.com,2024-04-08,Corporate,OH,3
1120,Aria Brown,customer1120@example.com,2022-01-09,Corporate,NV,4
1121,Aria Anderson,customer1121@example.com,2024-08-28,Corporate,UT,5
1122,Owen Martin,customer1122@example.com,2023-11-25,Small Business,VA,2
1123,Mia Harris,customer1123@example.com,2022-08-28,Consumer,MA,1
1124,Ethan Martin,customer1124@example.com,2024-01-02,Consumer,CA,5
1125,Noah Clark,customer1125@example.com,2024-12-14,Consumer,OR,5
1126,Ava Johnson,customer1126@example.com,2025-01-07,Small Business,FL,2
1127,Leah Davis,customer1127@example.com,2024-10-01,Consumer,UT,5
1128,Emma Taylor,customer1128@example.com,2024-03-25,Consumer,CO,5
1129,Leah Taylor,customer1129@example.com,2022-01-25,Consumer,MI,3
1130,Ella Harris,customer1130@example.com,2022-06-29,Consumer,MN,3
1131,Ella Anderson,customer1131@example.com,2022-12-02,Small Business,OK,4
1132,Mia Clark,customer1132@example.com,2025-05-09,Consumer,AZ,4
1133,Aiden White,customer1133@example.com,2023-11-18,Consumer,WI,3
1134,Olivia Patel,customer1134@example.com,2024-04-18,Consumer,NM,4
1135,Liam Harris,customer1135@example.com,2024-08-04,Small Business,AZ,4
1136,Liam Moore,customer1136@example.com,2023-08-16,Consumer,FL,2
1137,Owen Anderson,customer1137@example.com,2024-10-08,Consumer,MN,3
1138,Ava Patel,customer1138@example.com,2022-11-12,Consumer,VA,2
1139,Mason Jackson,customer1139@example.com,2023-01-03,Consumer,NY,1
1140,Sophia Martinez,customer1140@example.com,2024-10-06,Corporate,NJ,1
1141,Nora Clark,customer1141@example.com,2024-09-11,Consumer,OR,5
1142,Sophia Taylor,customer1142@example.com,2024-11-15,Small Business,TX,4
1143,Liam Clark,customer1143@example.com,2022-04-30,Consumer,MN,3
1144,Nora Lee,customer1144@example.com,2022-04-19,Consumer,VA,2
1145,Emma Anderson,customer1145@example.com,2023-08-21,Consumer,IL,3
1146,Noah Lee,customer1146@example.com,2022-07-13,Consumer,WA,5
1147,Aria Thomas,customer1147@example.com,2025-11-03,Small Business,OR,5
1148,Sophia Harris,customer1148@example.com,2025-04-02,Consumer,OH,3
1149,Mia White,customer1149@example.com,2023-07-31,Consumer,MA,1
1150,Aria Lee,customer1150@example.com,2022-07-29,Consumer,NV,4
1151,Noah Harris,customer1151@example.com,2025-06-10,Small Business,TN,2
1152,Ryan Garcia,customer1152@example.com,2024-05-04,Consumer,CA,5
1153,Mia Patel,customer1153@example.com,2024-09-09,Consumer,PA,1
1154,Ella Lewis,customer1154@example.com,2024-12-07,Small Business,NC,2
1155,Mason Patel,customer1155@example.com,2022-08-31,Consumer,GA,2
1156,Mason Brown,customer1156@example.com,2023-03-06,Consumer,FL,2
1157,Sophia Johnson,customer1157@example.com,2022-02-08,Small Business,OK,4
1158,Noah Garcia,customer1158@example.com,2022-03-09,Small Business,CT,1
1159,Emma Thompson,customer1159@example.com,2022-09-01,Corporate,CA,5
1160,Mason Patel,customer1160@example.com,2022-07-17,Small Business,CT,1
1161,Owen Davis,customer1161@example.com,2023-01-14,Small Business,FL,2
1162,Mia Martinez,customer1162@example.com,2025-04-02,Consumer,NY,1
1163,Jack Wilson,customer1163@example.com,2024-10-31,Consumer,CA,5
1164,Ava White,customer1164@example.com,2023-03-21,Small Business,OR,5
1165,Ryan Patel,customer1165@example.com,2022-07-22,Corporate,TN,2
1166,Nora Clark,customer1166@example.com,2023-01-15,Consumer,TX,4
1167,Nora Moore,customer1167@example.com,2024-05-18,Consumer,GA,2
1168,Sophia Thomas,customer1168@example.com,2022-09-11,Consumer,NV,4
1169,Aiden Taylor,customer1169@example.com,2025-12-14,Consumer,FL,2
1170,Aria Thompson,customer1170@example.com,2022-08-25,Consumer,MA,1
1171,Mason Martin,customer1171@example.com,2023-04-08,Consumer,OR,5
1172,Noah Johnson,customer1172@example.com,2024-09-01,Corporate,NM,4
1173,Ava Thompson,customer1173@example.com,2025-10-08,Consumer,VA,2
1174,Olivia Garcia,customer1174@example.com,2022-10-21,Consumer,UT,5
1175,Liam Johnson,customer1175@example.com,2024-01-15,Corporate,PA,1
1176,Jack Moore,customer1176@example.com,2022-09-09,Consumer,VA,2
1177,Lucas Clark,customer1177@example.com,2025-04-30,Consumer,OK,4
1178,Aiden Lewis,customer1178@example.com,2024-04-08,Corporate,WI,3
1179,Mia Martin,customer1179@example.com,2022-08-10,Consumer,MN,3
1180,Ethan Brown,customer1180@example.com,2022-03-02,Consumer,TX,4
1181,Aiden Patel,customer1181@example.com,2023-01-02,Consumer,PA,1
1182,Mason Lewis,customer1182@example.com,2025-06-30,Consumer,FL,2
1183,Aiden Martin,customer1183@example.com,2023-02-18,Consumer,CO,5
1184,Leo Martinez,customer1184@example.com,2025-01-15,Consumer,NV,4
1185,Ava Smith,customer1185@example.com,2024-05-31,Corporate,CA,5
1186,Ella Thomas,customer1186@example.com,2024-02-10,Consumer,TX,4
1187,Liam Harris,customer1187@example.com,2025-09-12,Small Business,PA,1
1188,Aiden Jackson,customer1188@example.com,2022-10-03,Consumer,VA,2
1189,Sophia Clark,customer1189@example.com,2025-10-14,Consumer,NV,4
1190,Owen Thompson,customer1190@example.com,2024-09-01,Consumer,WA,5
1191,Emma Moore,customer1191@example.com,2023-06-24,Consumer,CO,5
1192,Nora Anderson,customer1192@example.com,2023-10-19,Consumer,UT,5
1193,Mia Taylor,customer1193@example.com,2023-12-16,Small Business,CT,1
1194,Aria Moore,customer1194@example.com,2022-07-19,Consumer,PA,1
1195,Nora Smith,customer1195@example.com,2025-09-16,Consumer,AZ,4
1196,Owen Johnson,customer1196@example.com,2025-11-10,Consumer,MI,3
1197,Aria Lee,customer1197@example.com,2022-02-10,Consumer,NJ,1
1198,Zoe Clark,customer1198@example.com,2024-11-20,Corporate,NM,4
1199,Aiden Clark,customer1199@example.com,2022-02-15,Corporate,MA,1
1200,Leah Thomas,customer1200@example.com,2025-03-18,Consumer,CO,5
1201,Noah Thomas,customer1201@example.com,2024-10-14,Consumer,PA,1
1202,Jack Anderson,customer1202@example.com,2024-01-15,Corporate,GA,2
1203,Olivia Harris,customer1203@example.com,2023-03-15,Consumer,TX,4
1204,Owen Moore,customer1204@example.com,2023-04-08,Consumer,IL,3
1205,Sophia Clark,customer1205@example.com,2023-11-21,Consumer,UT,5
1206,Aiden Jackson,customer1206@example.com,2023-03-06,Consumer,CA,5
1207,Leo Anderson,customer1207@example.com,2024-06-05,Small Business,MI,3
1208,Zoe Moore,customer1208@example.com,2023-05-30,Consumer,VA,2
1209,Liam Patel,customer1209@example.com,2025-07-09,Small Business,WA,5
1210,Aiden Davis,customer1210@example.com,2025-09-15,Corporate,CO,5
1211,Ryan Lewis,customer1211@example.com,2024-06-07,Corporate,IL,3
1212,Noah Taylor,customer1212@example.com,2024-08-05,Consumer,WA,5
1213,Zoe Jackson,customer1213@example.com,2023-10-15,Small Business,IL,3
1214,Zoe Martinez,customer1214@example.com,2023-08-11,Consumer,NC,2
1215,Ethan Moore,customer1215@example.com,2023-05-04,Consumer,WA,5
1216,Ethan Anderson,customer1216@example.com,2024-08-08,Consumer,MA,1
1217,Emma Davis,customer1217@example.com,2022-11-23,Consumer,TX,4
1218,Lucas Harris,customer1218@example.com,2022-12-27,Consumer,IL,3
1219,Ava Smith,customer1219@example.com,2022-06-21,Consumer,NM,4
1220,Zoe Taylor,customer1220@example.com,2025-10-07,Consumer,NJ,1
1221,Mia Wilson,customer1221@example.com,2022-08-18,Consumer,NV,4
1222,Leo Clark,customer1222@example.com,2024-12-11,Consumer,NJ,1
1223,Jack Garcia,customer1223@example.com,2023-10-04,Consumer,TN,2
1224,Ethan Jackson,customer1224@example.com,2023-03-23,Consumer,AZ,4
1225,Lucas Martin,customer1225@example.com,2024-04-16,Consumer,TN,2
1226,Aiden Harris,customer1226@example.com,2024-02-07,Small Business,NJ,1
1227,Ryan Jackson,customer1227@example.com,2024-08-30,Small Business,MI,3
1228,Nora Thompson,customer1228@example.com,2024-01-24,Small Business,FL,2
1229,Emma Smith,customer1229@example.com,2025-11-15,Corporate,WA,5
1230,Ryan Moore,customer1230@example.com,2023-09-26,Consumer,MI,3
1231,Ryan Wilson,customer1231@example.com,2024-06-25,Consumer,MA,1
1232,Mason Johnson,customer1232@example.com,2023-04-28,Consumer,OH,3
1233,Aria Jackson,customer1233@example.com,2022-03-11,Consumer,TX,4
1234,Aiden Jackson,customer1234@example.com,2023-11-13,Small Business,TX,4
1235,Lucas White,customer1235@example.com,2022-05-16,Consumer,TN,2
1236,Aria Martin,customer1236@example.com,2025-11-24,Consumer,CA,5
1237,Ella Brown,customer1237@example.com,2022-01-07,Consumer,NC,2
1238,Owen Johnson,customer1238@example.com,2022-08-15,Consumer,WI,3
1239,Jack Jackson,customer1239@example.com,2023-10-17,Consumer,GA,2
1240,Liam Clark,customer1240@example.com,2023-11-02,Small Business,OH,3
1241,Zoe Taylor,customer1241@example.com,2023-01-08,Consumer,MA,1
1242,Ethan Patel,customer1242@example.com,2022-02-17,Corporate,UT,5
1243,Olivia Martin,customer1243@example.com,2023-02-11,Consumer,GA,2
1244,Leah Lewis,customer1244@example.com,2024-05-28,Consumer,NY,1
1245,Nora Lee,customer1245@example.com,2025-03-07,Consumer,CT,1
1246,Ella Thompson,customer1246@example.com,2022-08-31,Consumer,AZ,4
1247,Lucas Anderson,customer1247@example.com,2024-10-09,Consumer,VA,2
1248,Jack Davis,customer1248@example.com,2023-08-03,Small Business,GA,2
1249,Liam Jackson,customer1249@example.com,2022-10-26,Consumer,NM,4
1250,Jack Martin,customer1250@example.com,2023-05-24,Consumer,VA,2
1251,Ava Thompson,customer1251@example.com,2022-09-30,Small Business,MA,1
1252,Leah Jackson,customer1252@example.com,2025-05-08,Consumer,FL,2
1253,Emma Smith,customer1253@example.com,2023-11-13,Corporate,CO,5
1254,Jack Lewis,customer1254@example.com,2025-12-24,Small Business,IL,3
1255,Lucas White,customer1255@example.com,2025-06-23,Consumer,MA,1
1256,Mia Harris,customer1256@example.com,2022-03-26,Consumer,MI,3
1257,Leo Thompson,customer1257@example.com,2023-11-26,Small Business,GA,2
1258,Aria White,customer1258@example.com,2024-06-05,Consumer,NJ,1
1259,Emma Brown,customer1259@example.com,2024-10-19,Small Business,MI,3
1260,Zoe Anderson,customer1260@example.com,2023-06-24,Consumer,MI,3
1261,Aria Jackson,customer1261@example.com,2022-12-04,Consumer,CO,5
1262,Ryan Martin,customer1262@example.com,2022-04-19,Consumer,FL,2
1263,Liam Smith,customer1263@example.com,2024-08-21,Consumer,VA,2
1264,Sophia Thompson,customer1264@example.com,2022-03-25,Consumer,NV,4
1265,Ella Thompson,customer1265@example.com,2022-08-19,Small Business,AZ,4
1266,Nora Johnson,customer1266@example.com,2023-02-22,Small Business,NY,1
1267,Leo Martinez,customer1267@example.com,2025-02-27,Corporate,TN,2
1268,Owen Patel,customer1268@example.com,2024-12-13,Small Business,GA,2
1269,Olivia Wilson,customer1269@example.com,2024-10-17,Small Business,NM,4
1270,Mason Garcia,customer1270@example.com,2024-03-18,Consumer,NJ,1
1271,Mia Patel,customer1271@example.com,2022-06-16,Consumer,MN,3
1272,Lucas Lewis,customer1272@example.com,2025-09-09,Consumer,TX,4
1273,Ella Thomas,customer1273@example.com,2025-03-11,Consumer,CA,5
1274,Aria Smith,customer1274@example.com,2022-05-25,Consumer,WI,3
1275,Olivia Moore,customer1275@example.com,2023-06-07,Consumer,OK,4
1276,Ava Davis,customer1276@example.com,2022-11-30,Consumer,MA,1
1277,Mia Garcia,customer1277@example.com,2023-09-04,Consumer,MN,3
1278,Jack Brown,customer1278@example.com,2024-01-06,Small Business,MI,3
1279,Noah Thompson,customer1279@example.com,2024-07-01,Corporate,CO,5
1280,Owen Lewis,customer1280@example.com,2024-05-16,Consumer,MN,3
1281,Jack Lee,customer1281@example.com,2024-06-08,Consumer,IL,3
1282,Leo Thomas,customer1282@example.com,2024-08-07,Small Business,NY,1
1283,Leo White,customer1283@example.com,2022-06-21,Consumer,OK,4
1284,Aiden Anderson,customer1284@example.com,2022-11-01,Corporate,PA,1
1285,Leo Jackson,customer1285@example.com,2023-08-29,Consumer,TN,2
1286,Emma White,customer1286@example.com,2022-08-09,Consumer,MA,1
1287,Ella Clark,customer1287@example.com,2023-06-03,Consumer,CT,1
1288,Leo Patel,customer1288@example.com,2022-08-22,Small Business,MA,1
1289,Liam Moore,customer1289@example.com,2022-04-03,Consumer,NC,2
1290,Owen Martin,customer1290@example.com,2025-10-04,Consumer,MI,3
1291,Liam Davis,customer1291@example.com,2023-01-15,Consumer,WI,3
1292,Sophia Jackson,customer1292@example.com,2024-12-30,Consumer,MN,3
1293,Ava Lee,customer1293@example.com,2025-09-05,Consumer,MA,1
1294,Aiden Anderson,customer1294@example.com,2025-06-20,Small Business,UT,5
1295,Leah Anderson,customer1295@example.com,2022-06-29,Consumer,IL,3
1296,Sophia Patel,customer1296@example.com,2025-11-26,Corporate,FL,2
1297,Aiden Brown,customer1297@example.com,2025-08-23,Consumer,TN,2
1298,Olivia Anderson,customer1298@example.com,2024-08-07,Consumer,VA,2
1299,Sophia Lee,customer1299@example.com,2022-11-09,Small Business,MA,1
1300,Aiden Patel,customer1300@example.com,2024-07-09,Consumer,AZ,4
1301,Owen Moore,customer1301@example.com,2022-04-15,Consumer,IL,3
1302,Zoe Thompson,customer1302@example.com,2025-03-31,Consumer,NV,4
1303,Emma Thompson,customer1303@example.com,2024-03-29,Consumer,WI,3
1304,Aiden Wilson,customer1304@example.com,2022-05-05,Consumer,CO,5
1305,Aria Harris,customer1305@example.com,2022-05-11,Consumer,CO,5
1306,Sophia Thompson,customer1306@example.com,2025-06-29,Corporate,NM,4
1307,Zoe Patel,customer1307@example.com,2022-11-27,Consumer,AZ,4
1308,Nora Martin,customer1308@example.com,2023-04-21,Consumer,NV,4
1309,Jack Martin,customer1309@example.com,2022-09-26,Corporate,MN,3
1310,Nora Thompson,customer1310@example.com,2022-11-28,Consumer,NM,4
1311,Aiden Brown,customer1311@example.com,2022-12-21,Consumer,CT,1
1312,Sophia Jackson,customer1312@example.com,2024-10-08,Consumer,AZ,4
1313,Emma Patel,customer1313@example.com,2024-01-05,Corporate,OR,5
1314,Liam White,customer1314@example.com,2022-03-07,Small Business,NC,2
1315,Sophia Lewis,customer1315@example.com,2023-04-10,Consumer,AZ,4
1316,Lucas Thomas,customer1316@example.com,2023-12-29,Small Business,NV,4
1317,Mia White,customer1317@example.com,2025-05-22,Small Business,IL,3
1318,Ella Garcia,customer1318@example.com,2022-08-05,Small Business,NV,4
1319,Ryan Smith,customer1319@example.com,2024-11-04,Consumer,NJ,1
1320,Nora Lee,customer1320@example.com,2023-08-22,Small Business,TN,2
1321,Sophia Brown,customer1321@example.com,2025-08-18,Consumer,AZ,4
1322,Noah Martin,customer1322@example.com,2024-05-01,Small Business,NJ,1
1323,Aiden Thomas,customer1323@example.com,2023-08-11,Consumer,FL,2
1324,Nora Jackson,customer1324@example.com,2024-01-09,Consumer,OH,3
1325,Leo Jackson,customer1325@example.com,2023-04-13,Consumer,VA,2
1326,Zoe Martin,customer1326@example.com,2024-11-23,Small Business,NM,4
1327,Ella Brown,customer1327@example.com,2022-01-21,Small Business,CT,1
1328,Olivia Thomas,customer1328@example.com,2023-10-07,Consumer,NY,1
1329,Emma Moore,customer1329@example.com,2022-03-17,Small Business,AZ,4
1330,Emma White,customer1330@example.com,2023-08-29,Consumer,UT,5
1331,Aria Taylor,customer1331@example.com,2022-01-17,Small Business,WI,3
1332,Mia Moore,customer1332@example.com,2024-07-02,Consumer,UT,5
1333,Jack Martin,customer1333@example.com,2025-11-29,Consumer,CO,5
1334,Mason Johnson,customer1334@example.com,2022-03-17,Consumer,VA,2
1335,Leo Harris,customer1335@example.com,2023-08-05,Consumer,TN,2
1336,Mason White,customer1336@example.com,2023-11-29,Small Business,WA,5
1337,Ava Harris,customer1337@example.com,2025-04-28,Consumer,PA,1
1338,Leo Garcia,customer1338@example.com,2022-05-03,Small Business,NM,4
1339,Nora Garcia,customer1339@example.com,2022-04-08,Small Business,CA,5
1340,Mason Clark,customer1340@example.com,2022-01-11,Consumer,AZ,4
1341,Owen Harris,customer1341@example.com,2025-05-04,Consumer,OR,5
1342,Owen Brown,customer1342@example.com,2024-02-13,Consumer,OH,3
1343,Aria White,customer1343@example.com,2025-04-07,Consumer,PA,1
1344,Sophia Brown,customer1344@example.com,2025-12-28,Consumer,OK,4
1345,Olivia Smith,customer1345@example.com,2024-05-20,Corporate,MA,1
1346,Ella Johnson,customer1346@example.com,2024-01-27,Small Business,VA,2
1347,Ryan White,customer1347@example.com,2024-03-19,Small Business,UT,5
1348,Zoe Martin,customer1348@example.com,2025-11-12,Corporate,OK,4
1349,Liam Brown,customer1349@example.com,2024-11-01,Consumer,OK,4
1350,Leo White,customer1350@example.com,2022-08-30,Small Business,VA,2
1351,Emma Lee,customer1351@example.com,2025-02-18,Consumer,TX,4
1352,Zoe Garcia,customer1352@example.com,2022-09-05,Consumer,OR,5
1353,Leo Brown,customer1353@example.com,2022-08-30,Consumer,PA,1
1354,Mason Thompson,customer1354@example.com,2022-02-27,Small Business,OH,3
1355,Zoe Smith,customer1355@example.com,2023-09-17,Corporate,WA,5
1356,Aiden Patel,customer1356@example.com,2022-09-08,Consumer,FL,2
1357,Zoe Thompson,customer1357@example.com,2025-03-19,Consumer,MA,1
1358,Leah Thompson,customer1358@example.com,2025-05-25,Consumer,OH,3
1359,Ella Martin,customer1359@example.com,2025-09-28,Consumer,OR,5
1360,Jack Lewis,customer1360@example.com,2024-04-18,Consumer,MA,1
1361,Ryan Smith,customer1361@example.com,2025-10-05,Corporate,MI,3
1362,Liam Patel,customer1362@example.com,2025-03-17,Consumer,PA,1
1363,Sophia Harris,customer1363@example.com,2022-06-24,Consumer,UT,5
1364,Owen Smith,customer1364@example.com,2025-03-13,Consumer,CO,5
1365,Ava Garcia,customer1365@example.com,2025-09-10,Corporate,WA,5
1366,Lucas Davis,customer1366@example.com,2023-05-18,Small Business,CT,1
1367,Olivia Harris,customer1367@example.com,2025-05-27,Consumer,NV,4
1368,Aiden Patel,customer1368@example.com,2023-11-28,Consumer,MA,1
1369,Leo Thomas,customer1369@example.com,2024-02-22,Consumer,NJ,1
1370,Ryan Lee,customer1370@example.com,2023-08-08,Consumer,PA,1
1371,Mia Anderson,customer1371@example.com,2024-04-14,Small Business,NJ,1
1372,Aria Lee,customer1372@example.com,2022-02-25,Small Business,OR,5
1373,Sophia Thomas,customer1373@example.com,2022-10-19,Consumer,NM,4
1374,Leah Garcia,customer1374@example.com,2022-04-17,Consumer,WI,3
1375,Ethan Thompson,customer1375@example.com,2024-11-07,Small Business,CO,5
1376,Lucas Smith,customer1376@example.com,2023-10-14,Consumer,MA,1
1377,Aiden Patel,customer1377@example.com,2024-04-14,Consumer,NJ,1
1378,Ryan Clark,customer1378@example.com,2025-10-14,Consumer,WI,3
1379,Mason Clark,customer1379@example.com,2024-04-13,Consumer,TN,2
1380,Mia Taylor,customer1380@example.com,2025-01-11,Corporate,GA,2
1381,Zoe Harris,customer1381@example.com,2024-07-14,Consumer,CO,5
1382,Mason Lee,customer1382@example.com,2022-01-02,Consumer,CO,5
1383,Jack Martinez,customer1383@example.com,2025-10-24,Consumer,MI,3
1384,Owen White,customer1384@example.com,2023-07-31,Consumer,TN,2
1385,Olivia Anderson,customer1385@example.com,2022-07-03,Consumer,CA,5
1386,Ryan Martinez,customer1386@example.com,2024-06-03,Consumer,TN,2
1387,Aria Martinez,customer1387@example.com,2025-12-20,Consumer,OH,3
1388,Aria Davis,customer1388@example.com,2024-07-30,Corporate,MI,3
1389,Mia Patel,customer1389@example.com,2025-05-31,Consumer,NJ,1
1390,Zoe Harris,customer1390@example.com,2025-11-27,Small Business,VA,2
1391,Olivia Johnson,customer1391@example.com,2025-01-08,Consumer,CO,5
1392,Nora Moore,customer1392@example.com,2025-05-16,Consumer,NY,1
1393,Sophia Martin,customer1393@example.com,2024-01-29,Corporate,MA,1
1394,Ethan Patel,customer1394@example.com,2023-07-30,Small Business,PA,1
1395,Olivia Lewis,customer1395@example.com,2025-07-04,Consumer,GA,2
1396,Aiden Taylor,customer1396@example.com,2022-03-17,Consumer,TN,2
1397,Ava Davis,customer1397@example.com,2025-07-31,Consumer,NC,2
1398,Leo Thompson,customer1398@example.com,2022-12-16,Consumer,UT,5
1399,Owen Lee,customer1399@example.com,2022-05-14,Consumer,CA,5
1400,Lucas Clark,customer1400@example.com,2023-04-12,Corporate,NC,2
1401,Ava Harris,customer1401@example.com,2025-06-12,Consumer,TN,2
1402,Ava Jackson,customer1402@example.com,2025-08-05,Small Business,TX,4
1403,Zoe Jackson,customer1403@example.com,2023-07-16,Consumer,WI,3
1404,Aiden Taylor,customer1404@example.com,2024-11-25,Small Business,AZ,4
1405,Lucas Jackson,customer1405@example.com,2024-12-26,Consumer,NJ,1
1406,Noah Thomas,customer1406@example.com,2022-06-17,Corporate,TX,4
1407,Zoe Johnson,customer1407@example.com,2023-05-27,Consumer,NC,2
1408,Olivia Garcia,customer1408@example.com,2022-02-27,Consumer,IL,3
1409,Aria Martinez,customer1409@example.com,2023-05-22,Consumer,WA,5
1410,Emma Thomas,customer1410@example.com,2024-11-30,Small Business,IL,3
1411,Jack Martin,customer1411@example.com,2022-07-15,Consumer,UT,5
1412,Olivia Smith,customer1412@example.com,2022-03-10,Consumer,NJ,1
1413,Emma Martin,customer1413@example.com,2022-04-23,Consumer,VA,2
1414,Sophia Smith,customer1414@example.com,2025-02-19,Consumer,MA,1
1415,Sophia Lewis,customer1415@example.com,2024-04-21,Consumer,NV,4
1416,Ava Martin,customer1416@example.com,2024-02-26,Consumer,CO,5
1417,Jack Garcia,customer1417@example.com,2023-11-27,Consumer,CA,5
1418,Leo Thomas,customer1418@example.com,2025-04-18,Consumer,TX,4
1419,Jack Johnson,customer1419@example.com,2025-04-29,Small Business,NY,1
1420,Mia White,customer1420@example.com,2023-06-09,Consumer,CO,5
1421,Ella Lee,customer1421@example.com,2023-05-13,Consumer,CA,5
1422,Mia Anderson,customer1422@example.com,2025-04-12,Consumer,PA,1
1423,Owen Harris,customer1423@example.com,2022-10-26,Consumer,MI,3
1424,Aria Anderson,customer1424@example.com,2024-01-26,Corporate,UT,5
1425,Mia Smith,customer1425@example.com,2023-05-02,Consumer,UT,5
1426,Zoe Taylor,customer1426@example.com,2023-02-05,Corporate,NY,1
1427,Aria Davis,customer1427@example.com,2025-09-29,Consumer,MA,1
1428,Aria Clark,customer1428@example.com,2025-03-05,Corporate,UT,5
1429,Zoe Thomas,customer1429@example.com,2022-11-29,Consumer,IL,3
1430,Ethan Patel,customer1430@example.com,2025-08-01,Consumer,AZ,4
1431,Jack Davis,customer1431@example.com,2023-05-05,Consumer,NM,4
1432,Noah Moore,customer1432@example.com,2023-01-13,Small Business,TX,4
1433,Ava Johnson,customer1433@example.com,2024-01-03,Consumer,IL,3
1434,Mason Martin,customer1434@example.com,2023-02-03,Consumer,NC,2
1435,Ava Davis,customer1435@example.com,2023-02-10,Consumer,NY,1
1436,Liam Thomas,customer1436@example.com,2025-02-09,Consumer,OH,3
1437,Liam Martinez,customer1437@example.com,2022-07-27,Consumer,NY,1
1438,Sophia Thomas,customer1438@example.com,2023-03-07,Consumer,AZ,4
1439,Nora Lee,customer1439@example.com,2024-12-15,Corporate,WI,3
1440,Olivia Garcia,customer1440@example.com,2022-10-23,Corporate,AZ,4
1441,Noah Harris,customer1441@example.com,2024-02-14,Small Business,NC,2
1442,Zoe Wilson,customer1442@example.com,2022-04-05,Small Business,UT,5
1443,Ryan Anderson,customer1443@example.com,2022-11-01,Consumer,FL,2
1444,Mia White,customer1444@example.com,2025-04-11,Corporate,OH,3
1445,Aiden Lewis,customer1445@example.com,2022-05-13,Consumer,MA,1
1446,Nora Thompson,customer1446@example.com,2024-11-28,Consumer,OR,5
1447,Leo Thompson,customer1447@example.com,2024-10-10,Consumer,WI,3
1448,Owen Smith,customer1448@example.com,2023-03-01,Consumer,AZ,4
1449,Ethan Moore,customer1449@example.com,2023-03-24,Consumer,OK,4
1450,Liam Taylor,customer1450@example.com,2023-06-06,Consumer,WA,5
1451,Mason Martin,customer1451@example.com,2024-11-28,Consumer,CT,1
1452,Ella White,customer1452@example.com,2025-06-26,Consumer,MA,1
1453,Zoe Jackson,customer1453@example.com,2024-01-23,Small Business,NM,4
1454,Leah Patel,customer1454@example.com,2023-01-03,Consumer,MI,3
1455,Nora Johnson,customer1455@example.com,2023-08-27,Small Business,CT,1
1456,Olivia Martinez,customer1456@example.com,2023-04-12,Consumer,CA,5
1457,Emma Harris,customer1457@example.com,2023-02-15,Consumer,MI,3
1458,Mason Martinez,customer1458@example.com,2023-01-26,Small Business,OH,3
1459,Lucas Patel,customer1459@example.com,2023-09-06,Consumer,OR,5
1460,Leah Clark,customer1460@example.com,2025-09-04,Consumer,NV,4
1461,Leah Wilson,customer1461@example.com,2023-04-10,Small Business,GA,2
1462,Ethan White,customer1462@example.com,2025-04-17,Small Business,OK,4
1463,Aria Johnson,customer1463@example.com,2023-10-04,Small Business,OK,4
1464,Noah Martin,customer1464@example.com,2024-07-10,Small Business,TX,4
1465,Mia Clark,customer1465@example.com,2022-09-20,Consumer,IL,3
1466,Nora Thomas,customer1466@example.com,2023-04-07,Consumer,OK,4
1467,Mason Thomas,customer1467@example.com,2025-04-17,Consumer,CA,5
1468,Mia Thomas,customer1468@example.com,2025-03-09,Consumer,TN,2
1469,Owen Moore,customer1469@example.com,2024-02-20,Consumer,CO,5
1470,Ryan Moore,customer1470@example.com,2023-01-21,Consumer,PA,1
1471,Ella Anderson,customer1471@example.com,2022-07-10,Consumer,UT,5
1472,Emma Lewis,customer1472@example.com,2024-09-27,Consumer,GA,2
1473,Leah Anderson,customer1473@example.com,2023-02-26,Consumer,CT,1
1474,Ella Smith,customer1474@example.com,2024-01-25,Consumer,NY,1
1475,Zoe Moore,customer1475@example.com,2022-11-18,Corporate,OH,3
1476,Zoe Thompson,customer1476@example.com,2022-05-21,Consumer,WA,5
1477,Noah Anderson,customer1477@example.com,2024-06-04,Small Business,VA,2
1478,Jack Clark,customer1478@example.com,2023-09-28,Consumer,TN,2
1479,Lucas Davis,customer1479@example.com,2022-01-16,Corporate,OK,4
1480,Leah Lewis,customer1480@example.com,2023-05-21,Consumer,CT,1
1481,Ella Martin,customer1481@example.com,2025-03-25,Consumer,TX,4
1482,Ella Taylor,customer1482@example.com,2025-12-05,Small Business,MI,3
1483,Jack Lee,customer1483@example.com,2024-04-30,Consumer,NV,4
1484,Ella Moore,customer1484@example.com,2025-09-11,Consumer,NV,4
1485,Leah Smith,customer1485@example.com,2023-05-06,Corporate,NY,1
1486,Ryan Anderson,customer1486@example.com,2025-09-27,Corporate,OH,3
1487,Zoe Harris,customer1487@example.com,2022-09-06,Corporate,TX,4
1488,Leo Thomas,customer1488@example.com,2024-04-19,Consumer,PA,1
1489,Leo Smith,customer1489@example.com,2024-08-04,Consumer,VA,2
1490,Aria Moore,customer1490@example.com,2023-02-03,Consumer,TX,4
1491,Sophia Brown,customer1491@example.com,2023-11-01,Small Business,MN,3
1492,Ella Johnson,customer1492@example.com,2022-06-19,Consumer,AZ,4
1493,Mia Thompson,customer1493@example.com,2023-07-26,Small Business,AZ,4
1494,Jack Garcia,customer1494@example.com,2022-12-29,Consumer,CT,1
1495,Liam Johnson,customer1495@example.com,2025-10-07,Small Business,NM,4
1496,Ella Taylor,customer1496@example.com,2022-12-31,Consumer,FL,2
1497,Noah Martin,customer1497@example.com,2025-11-27,Consumer,UT,5
1498,Leah Anderson,customer1498@example.com,2024-06-28,Consumer,NJ,1
1499,Leah Davis,customer1499@example.com,2023-05-27,Consumer,NY,1
1500,Olivia Patel,customer1500@example.com,2024-05-13,Consumer,FL,2
