"order_item_id","order_id","product_id","quantity","unit_price","discount_pct"
1,50001,1132,1,133.76,0.05
2,50002,1092,1,425.76,0.10
3,50003,1018,1,247.85,0.05
4,50003,1056,5,223.94,0.15
5,50004,1174,1,169.69,0.15
6,50004,1198,2,5.26,0.10
7,50004,1178,1,168.07,0.20
8,50005,1032,1,343.28,0.00
9,50005,1080,1,63.34,0.05
10,50006,1114,3,222.08,0.00
11,50006,1190,2,57.73,0.15
12,50007,1171,2,146.45,0.00
13,50007,1064,3,14.70,0.00
14,50008,1053,1,75.79,0.00
15,50008,1033,1,506.63,0.05
16,50008,1024,1,81.07,0.05
17,50008,1045,2,31.32,0.05
18,50008,1152,4,286.74,0.15
19,50009,1111,1,451.91,0.05
20,50009,1195,2,168.58,0.00
21,50010,1019,1,500.68,0.00
22,50010,1086,1,404.88,0.05
23,50011,1032,1,347.06,0.00
24,50012,1109,1,242.92,0.15
25,50012,1189,2,122.95,0.10
26,50012,1064,2,14.39,0.05
27,50013,1165,1,146.39,0.20
28,50013,1183,1,70.61,0.05
29,50013,1099,3,244.95,0.00
30,50014,1089,1,47.01,0.10
31,50014,1037,2,508.03,0.00
32,50015,1188,1,67.02,0.00
33,50015,1111,1,436.17,0.00
34,50015,1044,2,243.68,0.00
35,50016,1028,1,393.73,0.00
36,50016,1163,1,9.40,0.05
37,50016,1043,2,102.48,0.00
38,50016,1021,2,413.17,0.10
39,50017,1195,1,168.60,0.00
40,50017,1069,3,27.67,0.15
41,50017,1125,4,241.52,0.00
42,50017,1122,1,185.59,0.00
43,50017,1194,1,27.19,0.10
44,50018,1064,2,14.86,0.05
45,50018,1095,1,87.40,0.25
46,50018,1116,4,41.67,0.00
47,50019,1021,1,444.98,0.20
48,50019,1090,5,199.02,0.20
49,50020,1078,5,38.94,0.20
50,50020,1173,4,62.36,0.05
51,50020,1141,1,247.29,0.20
52,50021,1099,2,253.21,0.25
53,50021,1197,2,58.43,0.20
54,50021,1072,2,73.56,0.15
55,50021,1057,1,127.26,0.05
56,50022,1049,2,241.65,0.00
57,50022,1191,1,133.44,0.00
58,50022,1030,2,116.01,0.00
59,50023,1057,1,130.54,0.05
60,50023,1028,1,411.71,0.15
61,50024,1180,1,24.91,0.00
62,50024,1009,4,154.26,0.15
63,50024,1154,2,113.68,0.25
64,50024,1082,1,109.68,0.00
65,50025,1077,5,115.58,0.00
66,50025,1169,2,45.65,0.15
67,50025,1041,1,145.05,0.00
68,50026,1118,2,109.16,0.05
69,50026,1168,3,153.97,0.15
70,50026,1042,1,152.12,0.00
71,50027,1122,1,181.03,0.25
72,50028,1102,1,388.42,0.25
73,50029,1095,1,86.93,0.10
74,50029,1003,2,438.60,0.25
75,50029,1031,1,574.71,0.20
76,50030,1138,3,53.52,0.05
77,50030,1048,1,25.88,0.05
78,50030,1104,1,184.70,0.10
79,50031,1081,1,36.81,0.10
80,50031,1032,1,338.53,0.15
81,50032,1001,4,393.28,0.15
82,50032,1064,2,14.61,0.05
83,50032,1077,2,115.35,0.25
84,50032,1012,1,221.31,0.00
85,50033,1056,1,217.72,0.00
86,50033,1035,2,199.36,0.20
87,50033,1155,1,279.69,0.20
88,50033,1142,2,233.59,0.00
89,50034,1112,1,255.42,0.00
90,50035,1070,3,189.55,0.00
91,50035,1038,1,416.95,0.15
92,50036,1073,2,115.09,0.00
93,50036,1142,4,223.65,0.00
94,50036,1070,2,201.06,0.05
95,50037,1146,2,10.81,0.10
96,50038,1091,2,329.50,0.00
97,50039,1024,1,84.61,0.20
98,50039,1163,1,9.01,0.10
99,50040,1191,2,133.08,0.10
100,50040,1002,1,186.64,0.25
101,50041,1135,1,225.53,0.00
102,50041,1058,1,228.95,0.00
103,50041,1045,4,31.41,0.10
104,50041,1020,2,535.09,0.20
105,50042,1165,3,139.99,0.05
106,50042,1132,2,135.51,0.00
107,50043,1103,1,220.97,0.00
108,50043,1091,1,320.31,0.00
109,50043,1003,1,436.11,0.10
110,50044,1069,5,26.94,0.05
111,50044,1028,1,405.48,0.00
112,50045,1009,1,151.50,0.10
113,50045,1042,1,149.35,0.05
114,50045,1171,2,146.66,0.00
115,50046,1004,2,518.72,0.15
116,50046,1197,1,58.12,0.00
117,50047,1131,1,304.07,0.00
118,50048,1027,1,173.96,0.25
119,50048,1180,2,23.30,0.00
120,50048,1187,1,132.40,0.00
121,50049,1180,5,23.44,0.05
122,50049,1163,1,9.29,0.00
123,50050,1047,2,197.24,0.00
124,50050,1011,1,492.51,0.05
125,50050,1001,1,392.40,0.00
126,50050,1014,1,79.39,0.10
127,50051,1150,1,36.68,0.00
128,50052,1026,4,240.11,0.00
129,50052,1020,1,531.35,0.05
130,50053,1144,1,302.86,0.20
131,50053,1089,1,47.82,0.20
132,50053,1094,1,373.58,0.10
133,50054,1190,2,61.72,0.25
134,50054,1102,1,390.35,0.00
135,50054,1127,2,34.39,0.00
136,50055,1117,2,264.58,0.15
137,50055,1129,1,34.26,0.00
138,50055,1182,1,111.39,0.00
139,50056,1157,1,91.48,0.15
140,50056,1076,3,243.25,0.25
141,50057,1161,2,156.95,0.15
142,50058,1186,1,96.44,0.05
143,50059,1187,2,129.67,0.00
144,50059,1047,1,198.41,0.10
145,50060,1187,2,135.95,0.00
146,50060,1193,1,77.39,0.15
147,50061,1004,1,551.70,0.15
148,50061,1003,1,435.53,0.15
149,50061,1028,3,407.65,0.00
150,50062,1012,1,217.05,0.05
151,50063,1168,1,162.95,0.10
152,50064,1092,1,458.00,0.00
153,50064,1020,1,505.95,0.05
154,50064,1158,1,268.22,0.05
155,50064,1086,3,427.61,0.10
156,50064,1031,1,611.82,0.00
157,50065,1039,1,546.04,0.20
158,50065,1200,3,115.87,0.05
159,50065,1168,2,153.15,0.00
160,50065,1038,1,410.48,0.20
161,50066,1138,1,55.82,0.00
162,50066,1137,1,239.60,0.05
163,50067,1035,1,203.90,0.15
164,50067,1029,3,126.55,0.00
165,50068,1179,2,171.74,0.00
166,50069,1041,1,140.58,0.00
167,50069,1008,1,409.24,0.05
168,50070,1074,1,141.02,0.10
169,50070,1029,1,120.05,0.00
170,50070,1040,1,183.67,0.05
171,50071,1097,5,112.68,0.00
172,50072,1081,2,37.55,0.00
173,50072,1168,2,159.48,0.00
174,50073,1139,1,46.75,0.15
175,50073,1028,1,399.26,0.10
176,50074,1012,1,217.26,0.25
177,50074,1013,2,596.52,0.05
178,50074,1081,1,36.27,0.00
179,50075,1007,1,41.45,0.15
180,50075,1151,1,316.40,0.20
181,50075,1098,1,205.72,0.20
182,50076,1075,1,59.94,0.05
183,50077,1128,2,339.48,0.20
184,50077,1025,1,405.17,0.15
185,50078,1094,1,378.47,0.15
186,50078,1091,1,328.74,0.00
187,50079,1175,1,117.38,0.10
188,50079,1034,1,151.48,0.05
189,50080,1144,1,306.09,0.00
190,50081,1090,1,198.42,0.00
191,50081,1120,1,261.11,0.25
192,50081,1165,1,144.61,0.05
193,50082,1072,1,71.58,0.05
194,50082,1117,2,265.91,0.00
195,50083,1055,3,123.20,0.10
196,50084,1108,2,422.72,0.15
197,50084,1135,1,239.82,0.00
198,50084,1055,2,115.70,0.00
199,50085,1178,1,167.97,0.15
200,50085,1147,2,218.97,0.10
201,50086,1038,2,407.47,0.00
202,50086,1128,2,363.12,0.20
203,50086,1082,3,108.03,0.10
204,50086,1030,2,114.55,0.10
205,50087,1078,1,40.19,0.10
206,50087,1079,2,90.82,0.05
207,50088,1110,1,74.19,0.00
208,50089,1026,1,228.65,0.20
209,50089,1023,1,72.30,0.10
210,50089,1027,1,180.42,0.05
211,50090,1030,2,123.25,0.20
212,50090,1051,3,12.97,0.10
213,50091,1107,3,206.06,0.00
214,50091,1173,1,61.82,0.15
215,50091,1062,3,198.44,0.00
216,50091,1002,4,190.36,0.00
217,50092,1082,1,106.34,0.00
218,50093,1067,4,215.49,0.00
219,50093,1142,1,227.97,0.10
220,50093,1041,1,147.13,0.20
221,50094,1200,1,123.38,0.00
222,50094,1092,1,433.92,0.15
223,50094,1048,2,25.80,0.10
224,50095,1032,1,336.43,0.20
225,50095,1028,2,388.33,0.15
226,50095,1037,1,534.23,0.20
227,50095,1073,1,109.89,0.20
228,50096,1089,5,48.52,0.00
229,50096,1124,1,89.36,0.00
230,50097,1084,1,107.21,0.10
231,50098,1076,2,248.76,0.05
232,50098,1120,1,262.94,0.00
233,50099,1153,1,59.47,0.00
234,50099,1192,1,57.70,0.00
235,50100,1166,1,141.36,0.00
236,50100,1136,1,294.52,0.00
237,50101,1085,1,100.88,0.00
238,50102,1072,2,76.24,0.15
239,50103,1013,1,575.34,0.25
240,50104,1148,1,269.18,0.05
241,50104,1002,3,189.26,0.00
242,50104,1119,2,387.36,0.00
243,50105,1127,1,35.20,0.05
244,50105,1157,3,98.38,0.00
245,50105,1013,1,580.83,0.00
246,50106,1186,3,98.19,0.20
247,50107,1020,2,533.49,0.15
248,50107,1068,2,29.63,0.00
249,50107,1085,1,101.02,0.15
250,50107,1177,3,171.22,0.10
251,50108,1188,1,67.44,0.00
252,50108,1124,1,91.58,0.20
253,50109,1027,1,182.99,0.15
254,50110,1028,1,396.11,0.10
255,50110,1034,1,155.45,0.00
256,50110,1057,1,132.08,0.25
257,50110,1094,2,376.07,0.05
258,50111,1136,1,279.03,0.05
259,50111,1116,1,39.71,0.00
260,50112,1188,1,68.20,0.10
261,50112,1109,1,252.19,0.05
262,50112,1050,2,245.91,0.25
263,50113,1071,3,126.05,0.05
264,50113,1058,1,223.90,0.15
265,50114,1153,2,58.39,0.05
266,50114,1074,2,139.17,0.00
267,50115,1037,1,508.63,0.25
268,50115,1004,3,523.83,0.15
269,50115,1171,1,142.48,0.05
270,50115,1122,1,193.36,0.05
271,50116,1086,2,437.81,0.00
272,50116,1116,1,40.21,0.00
273,50116,1126,1,119.48,0.20
274,50117,1057,5,128.65,0.00
275,50117,1169,2,44.62,0.05
276,50118,1174,1,179.93,0.00
277,50118,1140,1,103.33,0.20
278,50118,1116,1,39.64,0.05
279,50118,1135,2,238.56,0.00
280,50119,1175,1,121.64,0.10
281,50120,1073,3,108.19,0.05
282,50121,1073,2,113.95,0.00
283,50121,1129,1,34.27,0.25
284,50122,1099,4,241.86,0.00
285,50122,1109,1,248.50,0.05
286,50122,1103,2,217.97,0.05
287,50123,1146,4,11.18,0.00
288,50124,1092,1,440.13,0.05
289,50124,1120,1,270.83,0.25
290,50124,1091,1,336.18,0.10
291,50125,1033,1,520.36,0.05
292,50125,1104,3,177.36,0.00
293,50125,1172,5,8.85,0.10
294,50125,1002,3,184.10,0.10
295,50126,1127,1,35.15,0.15
296,50126,1035,1,203.27,0.25
297,50127,1027,1,183.26,0.05
298,50128,1140,1,103.90,0.00
299,50128,1067,1,212.27,0.00
300,50128,1157,2,92.87,0.05
301,50128,1175,2,114.45,0.05
302,50129,1179,1,177.79,0.00
303,50129,1028,1,385.54,0.25
304,50130,1186,1,103.05,0.00
305,50130,1118,3,109.70,0.00
306,50131,1087,3,209.14,0.15
307,50131,1118,2,113.39,0.00
308,50131,1184,3,49.52,0.25
309,50132,1149,2,159.51,0.00
310,50132,1090,1,197.09,0.00
311,50133,1188,3,70.15,0.05
312,50133,1061,1,194.73,0.00
313,50133,1027,3,172.41,0.15
314,50133,1045,2,32.69,0.20
315,50133,1187,1,136.98,0.00
316,50134,1112,1,236.91,0.25
317,50134,1136,1,277.07,0.00
318,50134,1050,1,248.40,0.05
319,50135,1122,1,185.59,0.20
320,50136,1133,1,284.50,0.00
321,50137,1181,1,136.45,0.00
322,50138,1150,1,35.12,0.00
323,50138,1121,1,155.77,0.00
324,50138,1068,1,31.13,0.20
325,50138,1168,2,162.40,0.00
326,50139,1154,3,114.62,0.00
327,50139,1190,2,58.04,0.05
328,50139,1157,1,93.70,0.05
329,50139,1021,1,443.08,0.15
330,50140,1036,1,150.97,0.25
331,50140,1030,1,116.04,0.05
332,50141,1138,5,53.50,0.10
333,50141,1146,3,10.83,0.00
334,50141,1012,1,212.59,0.00
335,50142,1092,2,458.59,0.15
336,50142,1057,1,131.74,0.05
337,50142,1114,1,232.39,0.05
338,50143,1036,3,146.57,0.00
339,50144,1113,2,30.33,0.00
340,50145,1072,3,72.93,0.00
341,50146,1014,1,78.59,0.00
342,50146,1170,1,86.29,0.20
343,50147,1189,2,121.76,0.25
344,50147,1193,4,74.14,0.25
345,50147,1015,1,509.19,0.10
346,50148,1175,4,113.37,0.00
347,50149,1168,1,155.19,0.10
348,50149,1198,3,5.21,0.05
349,50149,1156,1,303.23,0.00
350,50150,1081,1,35.88,0.15
351,50150,1017,1,333.19,0.00
352,50151,1113,1,30.57,0.00
353,50151,1149,4,161.53,0.25
354,50152,1114,1,221.04,0.00
355,50153,1093,5,190.03,0.00
356,50153,1086,4,414.36,0.00
357,50154,1081,1,37.41,0.05
358,50155,1196,5,157.49,0.00
359,50156,1136,2,290.29,0.10
360,50157,1197,1,56.82,0.25
361,50157,1093,2,183.36,0.25
362,50158,1155,2,274.61,0.15
363,50158,1059,5,84.41,0.00
364,50158,1115,3,76.11,0.10
365,50159,1127,2,35.42,0.20
366,50160,1009,3,145.97,0.00
367,50161,1103,1,224.86,0.00
368,50161,1179,3,178.97,0.10
369,50162,1190,2,60.90,0.10
370,50162,1112,2,248.04,0.15
371,50162,1075,1,56.66,0.00
372,50163,1077,1,110.98,0.05
373,50164,1046,1,37.61,0.20
374,50164,1037,2,525.97,0.00
375,50165,1058,1,236.68,0.25
376,50165,1044,2,257.88,0.10
377,50166,1139,1,47.59,0.00
378,50166,1138,1,57.65,0.05
379,50166,1050,1,235.79,0.05
380,50166,1002,3,186.31,0.20
381,50167,1091,2,335.88,0.00
382,50168,1199,2,79.04,0.20
383,50168,1019,1,519.27,0.15
384,50169,1057,1,129.83,0.05
385,50169,1173,1,62.43,0.00
386,50170,1177,1,167.75,0.10
387,50171,1075,2,57.78,0.00
388,50171,1172,1,8.84,0.00
389,50171,1125,3,243.23,0.00
390,50171,1126,4,115.86,0.10
391,50172,1033,3,523.51,0.15
392,50172,1199,2,81.43,0.00
393,50173,1067,1,226.18,0.05
394,50173,1173,1,60.22,0.05
395,50173,1082,1,108.05,0.00
396,50174,1158,2,267.08,0.05
397,50175,1093,1,179.12,0.05
398,50175,1138,3,54.45,0.15
399,50176,1006,2,151.04,0.05
400,50177,1009,1,155.20,0.10
401,50177,1070,1,197.53,0.00
402,50177,1192,1,57.10,0.10
403,50178,1101,3,448.74,0.15
404,50178,1050,1,247.79,0.00
405,50179,1057,2,129.97,0.20
406,50179,1105,1,170.09,0.00
407,50180,1123,1,78.25,0.00
408,50180,1145,2,148.89,0.05
409,50181,1195,2,166.20,0.00
410,50181,1060,1,151.79,0.00
411,50181,1016,2,485.44,0.00
412,50182,1020,1,500.23,0.05
413,50182,1097,1,113.35,0.15
414,50183,1108,1,448.10,0.10
415,50183,1103,3,217.06,0.00
416,50183,1003,3,450.76,0.00
417,50183,1076,1,252.52,0.15
418,50184,1035,2,205.96,0.00
419,50184,1043,1,105.61,0.25
420,50184,1135,1,236.09,0.00
421,50185,1163,1,9.14,0.10
422,50186,1160,1,61.32,0.05
423,50186,1197,2,55.72,0.00
424,50187,1166,1,147.77,0.15
425,50187,1197,2,59.82,0.10
426,50188,1038,1,385.81,0.00
427,50188,1037,4,513.55,0.15
428,50188,1043,1,105.62,0.00
429,50189,1055,2,122.12,0.05
430,50189,1043,1,108.31,0.10
431,50189,1163,1,9.29,0.00
432,50189,1072,1,72.82,0.05
433,50190,1192,5,57.68,0.00
434,50191,1070,1,190.31,0.05
435,50192,1184,2,49.54,0.05
436,50192,1121,3,155.60,0.15
437,50192,1156,1,303.73,0.20
438,50193,1031,1,573.18,0.25
439,50193,1015,3,518.67,0.20
440,50193,1114,3,225.41,0.10
441,50194,1129,1,34.00,0.00
442,50194,1038,2,407.95,0.25
443,50194,1187,3,129.48,0.00
444,50195,1030,1,115.02,0.00
445,50195,1024,2,79.89,0.00
446,50196,1049,2,245.29,0.00
447,50196,1192,1,58.07,0.05
448,50196,1194,1,28.01,0.00
449,50197,1116,3,39.14,0.15
450,50197,1162,1,147.34,0.00
451,50197,1176,2,174.54,0.15
452,50198,1067,1,228.17,0.05
453,50198,1056,2,219.76,0.05
454,50198,1120,1,270.94,0.10
455,50199,1087,3,209.95,0.00
456,50199,1166,1,147.43,0.15
457,50200,1063,2,10.22,0.05
458,50200,1065,1,212.76,0.20
459,50201,1008,1,412.15,0.20
460,50201,1042,4,155.62,0.00
461,50202,1197,2,57.48,0.00
462,50202,1037,1,513.99,0.20
463,50203,1040,3,175.53,0.05
464,50203,1176,1,176.29,0.10
465,50203,1143,2,181.92,0.10
466,50204,1035,1,202.81,0.20
467,50204,1103,2,221.71,0.00
468,50204,1198,2,5.26,0.00
469,50205,1020,1,507.49,0.00
470,50205,1166,1,145.00,0.10
471,50205,1059,1,80.23,0.00
472,50206,1028,1,405.02,0.10
473,50206,1120,1,276.18,0.00
474,50206,1022,1,156.13,0.10
475,50207,1030,1,121.63,0.25
476,50207,1155,5,271.96,0.00
477,50207,1116,1,41.49,0.20
478,50208,1187,1,132.49,0.00
479,50208,1117,1,266.92,0.20
480,50208,1112,2,241.40,0.00
481,50209,1153,2,60.50,0.00
482,50209,1029,1,123.75,0.00
483,50209,1092,1,442.72,0.20
484,50210,1026,5,229.83,0.20
485,50210,1098,2,200.94,0.00
486,50210,1132,4,133.00,0.10
487,50211,1147,1,231.35,0.05
488,50212,1070,1,198.17,0.10
489,50212,1002,1,182.59,0.15
490,50212,1105,2,168.04,0.00
491,50213,1085,1,100.80,0.00
492,50213,1139,1,47.59,0.00
493,50213,1100,3,449.64,0.05
494,50214,1089,1,50.00,0.00
495,50214,1022,1,153.73,0.15
496,50215,1191,5,129.65,0.05
497,50215,1126,1,121.72,0.00
498,50216,1200,5,124.15,0.05
499,50217,1171,2,142.09,0.05
500,50217,1176,1,181.78,0.05
501,50217,1163,1,9.58,0.05
502,50218,1175,2,116.49,0.05
503,50218,1026,1,228.89,0.00
504,50218,1099,2,249.96,0.00
505,50219,1006,1,155.10,0.15
506,50219,1191,1,129.59,0.20
507,50219,1154,1,118.83,0.20
508,50219,1168,1,155.02,0.20
509,50219,1100,1,448.28,0.00
510,50220,1174,1,174.49,0.05
511,50221,1016,3,497.91,0.00
512,50221,1075,1,60.27,0.10
513,50221,1102,1,391.47,0.00
514,50222,1025,1,396.57,0.05
515,50223,1146,1,10.89,0.05
516,50223,1071,1,127.84,0.05
517,50223,1153,2,59.42,0.10
518,50224,1033,1,504.92,0.15
519,50224,1038,2,404.56,0.15
520,50224,1156,2,321.83,0.25
521,50225,1125,1,238.85,0.00
522,50225,1166,3,141.17,0.20
523,50226,1031,1,592.05,0.20
524,50226,1167,3,146.67,0.15
525,50226,1051,2,12.78,0.00
526,50227,1146,1,10.98,0.15
527,50228,1011,1,479.66,0.25
528,50228,1156,3,304.61,0.20
529,50229,1014,2,75.65,0.05
530,50229,1082,1,106.68,0.00
531,50230,1165,2,146.96,0.15
532,50230,1050,5,238.23,0.05
533,50231,1088,2,364.43,0.10
534,50231,1071,1,126.62,0.00
535,50232,1025,2,391.73,0.00
536,50232,1114,2,233.58,0.00
537,50232,1088,1,359.09,0.05
538,50233,1102,2,393.46,0.10
539,50234,1187,3,132.85,0.00
540,50234,1091,2,336.36,0.00
541,50235,1181,1,134.22,0.00
542,50236,1056,1,216.22,0.00
543,50236,1159,1,150.81,0.20
544,50236,1129,2,36.17,0.20
545,50237,1088,1,360.53,0.20
546,50238,1039,2,553.59,0.05
547,50238,1151,1,318.52,0.10
548,50238,1077,1,118.06,0.10
549,50239,1055,1,116.30,0.00
550,50239,1048,1,26.20,0.00
551,50240,1013,1,597.94,0.00
552,50240,1136,2,299.23,0.25
553,50241,1143,1,171.29,0.05
554,50241,1200,3,120.28,0.05
555,50242,1039,2,543.80,0.25
556,50242,1167,4,147.24,0.05
557,50242,1085,1,101.33,0.00
558,50242,1019,1,494.78,0.15
559,50242,1047,2,204.39,0.05
560,50243,1148,2,255.86,0.00
561,50243,1040,1,178.76,0.15
562,50243,1049,1,258.13,0.00
563,50244,1198,3,5.25,0.00
564,50244,1091,4,316.93,0.15
565,50244,1007,3,39.32,0.00
566,50244,1036,1,142.79,0.15
567,50245,1126,2,116.17,0.25
568,50246,1117,1,276.34,0.05
569,50246,1005,3,264.50,0.20
570,50247,1121,2,157.39,0.00
571,50247,1005,2,260.70,0.25
572,50247,1071,2,126.67,0.00
573,50248,1133,4,299.15,0.15
574,50249,1007,1,41.51,0.00
575,50250,1058,1,237.97,0.00
576,50251,1066,1,84.07,0.25
577,50251,1033,2,493.18,0.05
578,50252,1025,2,383.72,0.10
579,50253,1172,5,8.97,0.20
580,50253,1152,1,290.82,0.00
581,50253,1134,2,224.09,0.10
582,50253,1133,2,296.57,0.15
583,50253,1148,5,251.84,0.10
584,50254,1161,1,162.47,0.05
585,50254,1148,1,260.76,0.10
586,50255,1141,2,257.40,0.00
587,50255,1117,1,260.36,0.00
588,50256,1033,1,511.81,0.20
589,50256,1089,4,49.95,0.00
590,50256,1079,3,93.95,0.05
591,50257,1145,1,154.43,0.05
592,50257,1136,2,299.27,0.00
593,50257,1135,1,235.70,0.10
594,50258,1076,3,248.20,0.00
595,50258,1100,4,431.71,0.00
596,50258,1134,1,214.68,0.20
597,50258,1108,2,446.85,0.00
598,50259,1108,1,420.44,0.15
599,50260,1071,2,119.21,0.00
600,50261,1032,2,343.99,0.00
601,50261,1139,5,47.91,0.00
602,50262,1044,2,255.29,0.15
603,50262,1182,1,107.56,0.25
604,50263,1198,2,5.23,0.10
605,50263,1072,1,74.59,0.00
606,50263,1186,1,95.36,0.10
607,50264,1097,3,117.72,0.00
608,50264,1156,1,324.17,0.10
609,50264,1133,1,283.96,0.25
610,50265,1166,2,151.02,0.05
611,50266,1008,1,404.52,0.00
612,50266,1187,4,132.43,0.15
613,50266,1117,1,274.09,0.10
614,50266,1065,2,214.89,0.05
615,50267,1128,3,344.82,0.10
616,50268,1128,1,346.19,0.00
617,50268,1164,2,62.38,0.15
618,50269,1144,1,290.01,0.10
619,50269,1076,1,240.75,0.10
620,50269,1194,3,27.64,0.15
621,50270,1076,5,247.70,0.00
622,50270,1158,1,278.93,0.00
623,50270,1146,1,11.51,0.25
624,50270,1022,1,152.62,0.10
625,50270,1083,1,372.42,0.00
626,50271,1149,3,161.37,0.10
627,50271,1103,2,229.63,0.15
628,50271,1161,1,154.69,0.20
629,50271,1148,4,258.25,0.00
630,50272,1025,2,391.62,0.00
631,50272,1130,3,97.99,0.00
632,50273,1152,1,305.41,0.00
633,50273,1112,1,249.24,0.20
634,50274,1065,4,224.91,0.10
635,50275,1131,2,321.38,0.10
636,50275,1105,3,180.18,0.00
637,50275,1037,2,532.61,0.15
638,50276,1154,2,119.31,0.15
639,50277,1100,1,462.17,0.00
640,50277,1105,1,169.16,0.05
641,50277,1098,1,195.57,0.00
642,50277,1179,1,171.38,0.10
643,50278,1143,2,170.40,0.00
644,50278,1016,5,470.03,0.00
645,50279,1040,2,182.86,0.10
646,50279,1154,3,111.85,0.00
647,50279,1096,3,185.50,0.00
648,50280,1155,5,290.11,0.20
649,50280,1040,4,177.99,0.00
650,50281,1104,1,189.57,0.20
651,50281,1011,3,504.35,0.10
652,50282,1196,1,168.78,0.05
653,50283,1100,1,459.98,0.00
654,50283,1079,2,87.90,0.15
655,50284,1137,4,233.38,0.00
656,50284,1008,1,409.01,0.10
657,50284,1013,1,575.79,0.15
658,50285,1053,1,74.46,0.10
659,50286,1085,5,104.25,0.15
660,50287,1109,2,256.56,0.20
661,50288,1049,2,251.59,0.00
662,50288,1200,2,119.08,0.10
663,50288,1125,1,240.99,0.00
664,50288,1065,3,220.69,0.00
665,50289,1195,1,173.94,0.20
666,50290,1010,3,478.04,0.15
667,50291,1170,5,87.39,0.10
668,50291,1129,1,33.55,0.00
669,50291,1197,3,56.52,0.00
670,50292,1161,1,158.29,0.05
671,50293,1105,1,176.70,0.10
672,50293,1133,1,282.63,0.20
673,50293,1137,2,226.24,0.00
674,50294,1147,2,224.57,0.20
675,50294,1166,1,146.77,0.00
676,50294,1099,5,252.62,0.05
677,50294,1073,3,111.14,0.20
678,50295,1095,2,87.09,0.05
679,50295,1190,2,60.14,0.00
680,50295,1006,1,154.82,0.00
681,50295,1111,4,433.33,0.05
682,50296,1063,2,10.20,0.20
683,50296,1056,2,225.21,0.00
684,50297,1167,1,147.41,0.25
685,50298,1111,2,432.10,0.10
686,50298,1047,1,204.04,0.05
687,50298,1114,1,226.97,0.15
688,50298,1007,1,39.97,0.05
689,50299,1022,4,160.65,0.00
690,50299,1006,1,155.92,0.00
691,50299,1003,2,464.90,0.00
692,50300,1078,1,39.23,0.20
693,50301,1121,5,154.86,0.20
694,50301,1180,5,24.28,0.00
695,50302,1093,1,177.10,0.05
696,50302,1113,2,30.06,0.00
697,50302,1150,1,35.21,0.00
698,50302,1147,2,229.84,0.20
699,50302,1047,1,207.06,0.25
700,50303,1127,5,34.29,0.00
701,50303,1005,1,277.93,0.20
702,50303,1160,1,64.58,0.00
703,50303,1152,1,289.22,0.05
704,50303,1107,1,199.85,0.10
705,50304,1098,1,201.71,0.00
706,50305,1109,1,249.22,0.00
707,50305,1105,1,170.61,0.00
708,50305,1182,1,112.62,0.15
709,50305,1088,3,374.88,0.20
710,50306,1200,1,114.92,0.15
711,50306,1023,3,71.55,0.00
712,50306,1020,2,535.94,0.05
713,50307,1021,1,416.08,0.25
714,50307,1048,1,24.40,0.00
715,50307,1024,1,82.92,0.20
716,50308,1021,5,421.98,0.25
717,50308,1046,2,36.91,0.00
718,50309,1154,1,112.84,0.05
719,50309,1106,3,125.34,0.05
720,50310,1188,2,70.49,0.00
721,50310,1016,2,497.56,0.25
722,50311,1126,1,119.80,0.00
723,50311,1081,1,37.15,0.05
724,50312,1099,3,255.65,0.00
725,50312,1108,3,418.92,0.00
726,50312,1007,1,41.28,0.20
727,50313,1128,1,343.98,0.25
728,50314,1041,1,140.17,0.25
729,50314,1125,2,240.43,0.00
730,50314,1171,1,144.12,0.00
731,50314,1016,1,506.98,0.10
732,50315,1088,1,369.83,0.00
733,50315,1186,2,99.02,0.00
734,50316,1163,1,9.56,0.10
735,50316,1122,3,194.74,0.15
736,50316,1072,2,76.03,0.10
737,50316,1143,2,180.51,0.00
738,50317,1126,1,121.26,0.20
739,50318,1037,1,540.66,0.05
740,50319,1082,2,107.19,0.15
741,50319,1125,2,247.10,0.10
742,50319,1081,1,37.27,0.10
743,50320,1076,1,251.86,0.15
744,50321,1041,1,142.58,0.20
745,50321,1153,1,58.89,0.10
746,50322,1185,1,5.35,0.10
747,50322,1097,1,114.55,0.15
748,50323,1184,2,49.57,0.20
749,50324,1092,1,437.41,0.00
750,50324,1087,1,207.80,0.05
751,50325,1067,1,212.89,0.10
752,50326,1036,1,147.89,0.25
753,50326,1129,2,34.89,0.10
754,50326,1082,2,107.31,0.00
755,50326,1083,2,378.51,0.10
756,50327,1102,1,395.38,0.10
757,50327,1055,1,119.43,0.05
758,50327,1039,1,537.71,0.10
759,50328,1115,4,76.09,0.15
760,50328,1155,1,271.98,0.00
761,50329,1152,1,297.23,0.00
762,50329,1078,3,40.11,0.00
763,50329,1093,1,176.99,0.15
764,50330,1193,4,75.30,0.10
765,50330,1043,2,107.27,0.20
766,50331,1071,1,124.75,0.00
767,50331,1001,1,383.73,0.00
768,50331,1078,1,40.22,0.00
769,50331,1114,1,220.03,0.15
770,50332,1175,1,113.63,0.10
771,50332,1008,1,411.01,0.10
772,50332,1122,1,180.58,0.05
773,50333,1120,1,259.06,0.20
774,50333,1106,2,127.54,0.20
775,50334,1145,3,153.22,0.25
776,50335,1042,2,148.75,0.05
777,50335,1096,1,196.37,0.00
778,50336,1173,2,62.42,0.05
779,50337,1120,2,277.36,0.00
780,50337,1116,1,40.67,0.15
781,50338,1108,5,432.53,0.05
782,50338,1029,2,120.98,0.05
783,50339,1169,1,43.41,0.05
784,50339,1101,2,422.47,0.10
785,50340,1054,2,38.10,0.00
786,50340,1139,1,45.63,0.00
787,50341,1104,2,180.53,0.00
788,50341,1003,1,445.91,0.10
789,50342,1109,2,249.31,0.25
790,50342,1177,1,162.97,0.00
791,50342,1151,1,327.64,0.05
792,50343,1062,1,193.87,0.15
793,50343,1155,3,274.32,0.05
794,50343,1121,1,148.01,0.15
795,50344,1138,2,54.56,0.00
796,50344,1168,1,153.52,0.05
797,50345,1020,1,531.96,0.15
798,50345,1051,3,13.04,0.00
799,50345,1124,1,89.98,0.10
800,50345,1125,3,233.20,0.05
801,50345,1064,2,15.15,0.00
802,50346,1178,2,169.31,0.05
803,50346,1095,1,90.05,0.05
804,50347,1063,1,9.87,0.05
805,50347,1036,2,145.69,0.25
806,50348,1011,1,474.57,0.00
807,50349,1150,1,36.47,0.00
808,50349,1136,1,287.37,0.00
809,50349,1003,2,447.69,0.00
810,50350,1132,5,131.00,0.00
811,50351,1008,2,394.65,0.05
812,50351,1050,3,237.71,0.20
813,50351,1172,1,9.47,0.05
814,50352,1154,1,110.83,0.00
815,50353,1088,2,376.56,0.15
816,50353,1078,1,39.00,0.15
817,50353,1138,3,56.06,0.05
818,50354,1158,1,278.08,0.20
819,50354,1162,3,148.00,0.00
820,50355,1068,1,30.95,0.15
821,50355,1154,3,111.50,0.15
822,50356,1075,1,59.63,0.15
823,50356,1164,1,63.87,0.05
824,50356,1064,1,14.65,0.00
825,50357,1101,1,451.35,0.20
826,50357,1001,1,408.09,0.10
827,50357,1018,1,243.97,0.00
828,50358,1014,3,76.93,0.05
829,50358,1011,1,499.44,0.20
830,50359,1160,1,62.20,0.00
831,50359,1185,2,5.33,0.00
832,50360,1099,1,252.21,0.25
833,50361,1045,1,30.56,0.10
834,50361,1057,1,133.90,0.15
835,50362,1190,3,61.14,0.00
836,50362,1099,2,244.00,0.10
837,50363,1096,2,194.30,0.10
838,50363,1037,1,541.10,0.00
839,50364,1121,2,153.31,0.10
840,50364,1007,1,40.95,0.00
841,50365,1023,1,70.12,0.25
842,50365,1112,1,239.75,0.15
843,50365,1066,2,84.46,0.15
844,50365,1090,3,200.91,0.00
845,50366,1066,1,81.40,0.05
846,50366,1116,3,39.63,0.05
847,50367,1190,1,62.06,0.20
848,50367,1046,1,37.21,0.00
849,50367,1074,2,134.60,0.00
850,50368,1048,1,24.26,0.15
851,50369,1034,3,160.89,0.05
852,50369,1062,1,192.87,0.00
853,50370,1001,1,402.06,0.20
854,50370,1074,1,141.95,0.20
855,50371,1105,1,173.64,0.15
856,50371,1043,1,106.71,0.00
857,50372,1005,1,273.50,0.15
858,50373,1103,1,220.49,0.20
859,50374,1076,1,246.58,0.10
860,50374,1096,1,194.25,0.00
861,50374,1014,1,78.19,0.20
862,50374,1090,3,193.17,0.00
863,50375,1162,1,146.28,0.00
864,50375,1134,2,215.30,0.00
865,50376,1171,1,147.06,0.05
866,50376,1200,5,116.25,0.15
867,50377,1051,1,12.65,0.00
868,50377,1024,1,86.09,0.25
869,50377,1158,1,281.83,0.20
870,50378,1017,1,346.16,0.20
871,50378,1057,1,125.77,0.05
872,50379,1151,1,319.72,0.20
873,50379,1134,1,209.64,0.05
874,50379,1175,1,117.34,0.05
875,50380,1058,3,223.88,0.25
876,50381,1021,1,429.48,0.20
877,50381,1063,2,10.49,0.00
878,50382,1079,1,94.77,0.20
879,50382,1061,1,188.58,0.05
880,50383,1097,1,112.28,0.10
881,50383,1022,1,155.15,0.20
882,50384,1094,2,401.43,0.10
883,50385,1150,1,34.27,0.00
884,50386,1017,2,326.93,0.10
885,50386,1119,2,388.22,0.10
886,50387,1092,1,450.24,0.05
887,50387,1131,2,302.93,0.25
888,50387,1079,1,89.88,0.00
889,50388,1033,1,517.29,0.25
890,50388,1039,1,569.80,0.25
891,50388,1186,1,99.93,0.20
892,50388,1019,1,500.84,0.15
893,50388,1073,1,110.17,0.00
894,50389,1116,4,40.40,0.00
895,50389,1035,3,207.49,0.10
896,50389,1084,1,113.42,0.25
897,50389,1191,1,130.82,0.25
898,50390,1107,1,205.17,0.00
899,50390,1010,2,484.03,0.00
900,50390,1198,2,5.26,0.00
901,50391,1152,2,299.20,0.00
902,50391,1157,4,95.53,0.00
903,50391,1051,5,12.72,0.00
904,50391,1112,1,248.04,0.25
905,50392,1010,3,480.77,0.00
906,50392,1059,1,78.63,0.25
907,50392,1172,1,9.06,0.05
908,50393,1186,1,100.47,0.00
909,50393,1085,1,98.97,0.00
910,50394,1066,1,83.31,0.10
911,50394,1107,1,211.88,0.00
912,50395,1001,1,400.79,0.15
913,50395,1062,1,190.91,0.15
914,50395,1017,2,332.40,0.25
915,50395,1200,2,118.20,0.00
916,50396,1162,3,150.33,0.05
917,50396,1090,2,197.76,0.05
918,50396,1008,1,402.54,0.05
919,50396,1088,2,370.09,0.25
920,50397,1049,1,246.19,0.25
921,50398,1022,1,159.36,0.20
922,50398,1035,1,214.58,0.20
923,50398,1025,1,400.23,0.25
924,50398,1153,1,59.44,0.15
925,50399,1128,2,346.87,0.00
926,50399,1079,1,88.84,0.00
927,50400,1032,2,347.52,0.00
928,50400,1047,1,197.08,0.15
929,50401,1011,3,485.23,0.20
930,50401,1080,1,63.11,0.20
931,50402,1144,1,289.78,0.10
932,50402,1064,2,15.10,0.10
933,50403,1175,5,112.62,0.05
934,50403,1131,1,316.79,0.15
935,50403,1062,1,197.62,0.00
936,50404,1064,3,14.23,0.05
937,50404,1158,2,275.19,0.25
938,50405,1149,1,158.03,0.00
939,50405,1031,1,572.43,0.00
940,50405,1172,1,9.48,0.00
941,50406,1028,1,395.94,0.00
942,50407,1171,1,144.06,0.00
943,50407,1170,1,82.15,0.05
944,50408,1110,2,73.72,0.15
945,50409,1071,1,123.87,0.05
946,50409,1123,1,81.24,0.10
947,50409,1100,1,467.18,0.05
948,50410,1169,1,43.26,0.05
949,50411,1143,2,176.52,0.00
950,50411,1158,1,275.86,0.00
951,50411,1148,1,267.65,0.15
952,50412,1196,1,166.96,0.10
953,50412,1109,2,255.75,0.25
954,50413,1087,1,210.88,0.00
955,50413,1092,1,459.16,0.00
956,50414,1190,1,62.29,0.05
957,50414,1019,2,490.70,0.00
958,50415,1151,3,307.02,0.20
959,50415,1116,2,39.33,0.00
960,50416,1002,2,188.82,0.00
961,50416,1126,1,114.96,0.05
962,50416,1056,1,223.66,0.20
963,50417,1046,1,35.47,0.00
964,50418,1195,1,172.11,0.15
965,50418,1077,1,114.02,0.00
966,50418,1176,1,172.11,0.15
967,50419,1059,2,79.45,0.10
968,50420,1157,1,93.02,0.00
969,50420,1114,2,233.74,0.00
970,50421,1178,1,168.58,0.10
971,50422,1013,1,580.32,0.20
972,50423,1046,1,36.29,0.15
973,50424,1021,1,418.59,0.00
974,50424,1189,3,116.68,0.15
975,50424,1195,2,173.29,0.10
976,50425,1026,1,245.35,0.10
977,50426,1130,2,98.25,0.00
978,50426,1166,3,148.06,0.05
979,50426,1075,1,58.24,0.20
980,50427,1130,1,96.52,0.00
981,50427,1112,2,253.88,0.00
982,50428,1145,1,149.70,0.00
983,50428,1032,1,340.32,0.10
984,50429,1011,1,484.71,0.00
985,50429,1161,2,157.74,0.05
986,50430,1101,3,450.69,0.10
987,50430,1065,1,225.01,0.25
988,50430,1136,2,288.91,0.05
989,50430,1032,3,338.32,0.00
990,50431,1174,2,174.51,0.10
991,50431,1076,2,245.01,0.00
992,50432,1200,1,123.14,0.15
993,50432,1065,1,229.41,0.00
994,50433,1076,1,240.57,0.00
995,50433,1050,1,238.78,0.00
996,50433,1187,2,138.23,0.05
997,50434,1186,5,98.96,0.15
998,50435,1053,1,75.61,0.00
999,50435,1056,3,215.93,0.00
1000,50436,1183,2,72.56,0.10
1001,50437,1051,1,12.91,0.25
1002,50437,1127,1,34.40,0.00
1003,50437,1056,1,212.87,0.15
1004,50438,1135,1,223.55,0.15
1005,50438,1003,2,442.54,0.05
1006,50438,1048,1,25.93,0.05
1007,50439,1153,3,62.36,0.20
1008,50439,1031,2,588.84,0.10
1009,50439,1186,1,102.29,0.00
1010,50440,1088,2,371.82,0.05
1011,50440,1007,1,40.98,0.20
1012,50441,1020,1,501.18,0.10
1013,50441,1024,2,80.62,0.05
1014,50442,1012,1,224.99,0.05
1015,50442,1133,3,303.77,0.20
1016,50442,1178,3,168.60,0.20
1017,50443,1019,1,520.09,0.15
1018,50443,1083,1,382.60,0.00
1019,50443,1191,1,131.49,0.05
1020,50444,1068,1,31.53,0.00
1021,50444,1075,1,58.03,0.00
1022,50444,1192,1,59.01,0.10
1023,50444,1011,1,503.73,0.00
1024,50444,1030,1,116.43,0.00
1025,50445,1013,1,598.10,0.10
1026,50446,1066,2,83.15,0.10
1027,50446,1150,2,36.84,0.05
1028,50447,1038,1,404.43,0.25
1029,50447,1138,1,53.89,0.00
1030,50448,1028,1,386.21,0.25
1031,50448,1048,1,25.37,0.20
1032,50448,1200,1,121.48,0.25
1033,50448,1058,1,227.16,0.00
1034,50449,1172,2,9.44,0.10
1035,50450,1145,1,157.77,0.15
1036,50450,1157,1,96.84,0.05
1037,50450,1112,1,249.45,0.00
1038,50450,1088,1,366.47,0.00
1039,50451,1038,2,395.89,0.00
1040,50451,1197,4,55.92,0.15
1041,50451,1049,2,247.05,0.00
1042,50452,1154,3,113.79,0.25
1043,50452,1101,1,452.94,0.00
1044,50453,1007,1,38.83,0.10
1045,50453,1013,1,581.38,0.00
1046,50453,1017,2,321.45,0.05
1047,50454,1013,1,565.26,0.20
1048,50454,1187,1,135.91,0.00
1049,50454,1095,1,92.82,0.20
1050,50455,1161,4,161.60,0.25
1051,50455,1122,2,194.25,0.00
1052,50456,1052,1,167.90,0.00
1053,50457,1021,1,442.16,0.20
1054,50457,1119,1,388.40,0.10
1055,50458,1082,2,105.55,0.00
1056,50458,1034,1,151.36,0.10
1057,50458,1120,1,264.48,0.00
1058,50458,1127,4,35.67,0.00
1059,50458,1140,1,101.74,0.05
1060,50459,1027,1,184.62,0.20
1061,50459,1102,2,382.66,0.05
1062,50459,1121,3,147.36,0.15
1063,50460,1189,2,123.05,0.05
1064,50460,1126,2,120.95,0.00
1065,50461,1147,1,230.95,0.05
1066,50461,1193,2,75.69,0.10
1067,50462,1104,2,178.27,0.15
1068,50462,1133,1,281.78,0.05
1069,50463,1101,2,441.77,0.00
1070,50464,1084,1,110.53,0.10
1071,50464,1146,1,11.29,0.15
1072,50465,1041,2,149.96,0.10
1073,50465,1033,1,523.57,0.05
1074,50465,1010,2,498.92,0.00
1075,50465,1085,4,101.53,0.00
1076,50466,1116,1,40.51,0.15
1077,50466,1161,3,158.75,0.05
1078,50467,1197,5,56.22,0.20
1079,50468,1119,1,397.47,0.00
1080,50468,1127,2,35.81,0.05
1081,50468,1157,2,92.21,0.15
1082,50469,1061,2,198.91,0.10
1083,50469,1095,3,91.47,0.00
1084,50469,1014,2,77.28,0.05
1085,50470,1047,4,198.39,0.10
1086,50471,1035,2,210.34,0.15
1087,50472,1185,3,5.23,0.00
1088,50472,1124,2,90.45,0.10
1089,50472,1046,3,35.51,0.05
1090,50473,1094,4,388.12,0.00
1091,50473,1007,1,41.39,0.00
1092,50474,1050,1,245.46,0.20
1093,50475,1051,1,12.97,0.10
1094,50476,1117,1,266.07,0.00
1095,50476,1028,2,393.36,0.20
1096,50477,1159,1,152.28,0.10
1097,50478,1117,2,279.46,0.00
1098,50478,1099,2,249.35,0.00
1099,50479,1197,1,59.47,0.20
1100,50479,1090,1,199.88,0.15
1101,50480,1043,1,107.61,0.05
1102,50481,1183,1,72.42,0.00
1103,50481,1158,2,266.84,0.00
1104,50482,1096,2,198.57,0.00
1105,50482,1164,1,63.85,0.15
1106,50482,1059,5,79.12,0.00
1107,50483,1163,1,9.52,0.10
1108,50484,1184,1,51.42,0.10
1109,50484,1126,4,116.78,0.20
1110,50485,1018,1,248.75,0.10
1111,50485,1135,2,225.02,0.00
1112,50486,1016,1,473.05,0.00
1113,50486,1097,1,113.00,0.10
1114,50486,1190,1,57.66,0.00
1115,50487,1035,1,212.38,0.20
1116,50488,1141,2,263.34,0.10
1117,50488,1047,1,199.41,0.00
1118,50489,1148,4,270.61,0.00
1119,50490,1148,3,262.86,0.00
1120,50491,1057,1,125.14,0.00
1121,50491,1042,3,151.23,0.25
1122,50491,1101,1,443.72,0.00
1123,50491,1075,3,58.76,0.15
1124,50492,1064,2,14.78,0.15
1125,50493,1133,3,299.40,0.00
1126,50493,1063,2,10.06,0.15
1127,50493,1034,3,157.30,0.00
1128,50493,1039,3,540.52,0.05
1129,50493,1008,2,412.70,0.20
1130,50494,1185,2,5.24,0.00
1131,50494,1181,1,137.00,0.15
1132,50494,1096,4,197.22,0.15
1133,50495,1147,1,223.84,0.20
1134,50495,1083,4,399.07,0.05
1135,50495,1029,4,119.39,0.15
1136,50496,1051,1,12.92,0.10
1137,50497,1156,1,304.23,0.00
1138,50497,1030,1,116.17,0.00
1139,50498,1191,1,126.90,0.05
1140,50498,1173,1,60.85,0.00
1141,50499,1160,2,61.12,0.00
1142,50500,1171,2,139.62,0.15
1143,50500,1078,1,37.79,0.00
1144,50501,1084,1,109.02,0.00
1145,50501,1035,3,207.90,0.20
1146,50502,1128,1,362.58,0.00
1147,50502,1005,1,265.98,0.20
1148,50502,1199,1,79.51,0.15
1149,50503,1042,1,150.24,0.00
1150,50503,1123,2,76.66,0.10
1151,50504,1073,1,115.52,0.00
1152,50505,1005,2,276.34,0.20
1153,50506,1152,2,290.19,0.00
1154,50506,1174,3,180.42,0.00
1155,50507,1132,1,138.96,0.10
1156,50507,1032,1,337.79,0.05
1157,50507,1010,1,507.81,0.05
1158,50508,1115,2,77.27,0.00
1159,50508,1028,1,383.65,0.00
1160,50508,1038,1,398.94,0.00
1161,50509,1071,1,127.06,0.00
1162,50509,1126,2,113.03,0.05
1163,50510,1153,1,58.52,0.00
1164,50510,1065,1,223.91,0.20
1165,50510,1128,1,346.75,0.15
1166,50511,1036,3,140.69,0.00
1167,50511,1180,1,23.81,0.00
1168,50512,1006,2,147.86,0.00
1169,50513,1182,2,107.02,0.10
1170,50513,1017,1,341.54,0.25
1171,50513,1082,3,110.55,0.00
1172,50514,1107,1,204.04,0.05
1173,50514,1098,1,195.71,0.00
1174,50514,1155,1,270.56,0.05
1175,50515,1177,4,171.67,0.10
1176,50516,1170,1,85.33,0.05
1177,50516,1036,3,146.79,0.00
1178,50517,1067,4,226.00,0.00
1179,50517,1025,2,398.36,0.05
1180,50517,1140,2,105.76,0.15
1181,50518,1019,4,517.74,0.00
1182,50518,1140,1,104.72,0.05
1183,50519,1003,1,459.66,0.00
1184,50519,1139,1,46.29,0.05
1185,50520,1128,3,343.05,0.00
1186,50520,1173,2,62.75,0.05
1187,50521,1023,2,70.45,0.00
1188,50522,1028,4,400.20,0.25
1189,50522,1200,1,117.59,0.00
1190,50523,1069,1,25.87,0.05
1191,50523,1116,1,40.12,0.00
1192,50524,1001,4,407.13,0.15
1193,50524,1129,1,34.63,0.10
1194,50525,1193,1,76.04,0.00
1195,50526,1186,2,103.10,0.10
1196,50526,1064,1,15.05,0.00
1197,50526,1092,1,433.48,0.05
1198,50527,1131,1,316.42,0.10
1199,50527,1025,3,386.16,0.25
1200,50528,1050,1,248.65,0.05
1201,50528,1179,3,173.02,0.10
1202,50528,1075,3,60.29,0.00
1203,50529,1027,1,177.00,0.00
1204,50529,1058,1,227.60,0.10
1205,50529,1084,2,114.59,0.10
1206,50529,1160,2,63.53,0.05
1207,50530,1081,1,35.49,0.00
1208,50530,1169,2,42.81,0.15
1209,50531,1021,1,437.98,0.00
1210,50532,1084,2,109.84,0.00
1211,50532,1096,1,195.15,0.05
1212,50533,1097,3,117.21,0.05
1213,50533,1175,1,115.64,0.05
1214,50533,1071,1,127.25,0.20
1215,50533,1190,1,61.69,0.05
1216,50534,1082,1,106.93,0.10
1217,50534,1057,1,127.46,0.15
1218,50535,1089,4,46.24,0.20
1219,50535,1059,1,83.95,0.00
1220,50536,1178,1,178.51,0.10
1221,50536,1169,1,42.54,0.00
1222,50536,1122,2,181.74,0.00
1223,50536,1080,5,65.25,0.25
1224,50537,1102,2,397.72,0.00
1225,50537,1124,3,88.76,0.10
1226,50538,1164,2,65.25,0.00
1227,50538,1109,1,246.85,0.15
1228,50538,1020,1,509.15,0.00
1229,50538,1038,2,398.21,0.15
1230,50539,1143,2,172.33,0.00
1231,50540,1074,1,135.48,0.00
1232,50540,1167,3,138.35,0.20
1233,50540,1120,1,274.15,0.05
1234,50541,1076,2,252.39,0.00
1235,50542,1122,1,188.39,0.15
1236,50542,1091,1,336.93,0.25
1237,50542,1183,3,70.99,0.10
1238,50543,1038,2,393.18,0.15
1239,50543,1069,3,25.57,0.15
1240,50544,1018,1,236.30,0.00
1241,50544,1109,3,261.51,0.00
1242,50545,1194,1,27.59,0.00
1243,50545,1186,1,102.88,0.05
1244,50545,1172,1,9.17,0.00
1245,50546,1123,3,80.60,0.00
1246,50546,1027,1,182.94,0.25
1247,50546,1071,1,128.67,0.10
1248,50547,1061,1,197.51,0.00
1249,50548,1045,3,32.90,0.10
1250,50548,1133,1,286.71,0.00
1251,50549,1099,1,240.80,0.00
1252,50549,1119,3,404.29,0.15
1253,50549,1112,3,249.76,0.10
1254,50550,1061,2,195.18,0.00
1255,50550,1142,1,217.47,0.05
1256,50550,1075,1,59.45,0.15
1257,50550,1082,2,104.27,0.00
1258,50551,1005,1,260.81,0.00
1259,50551,1118,3,113.56,0.25
1260,50551,1193,2,75.04,0.00
1261,50552,1004,3,533.39,0.15
1262,50553,1134,1,222.73,0.15
1263,50553,1158,1,276.30,0.00
1264,50554,1143,3,177.03,0.05
1265,50554,1134,5,220.77,0.05
1266,50555,1020,1,515.36,0.10
1267,50555,1146,1,10.78,0.00
1268,50556,1021,2,439.11,0.25
1269,50556,1142,1,217.93,0.05
1270,50557,1024,2,83.00,0.00
1271,50557,1172,1,8.83,0.05
1272,50558,1046,1,37.61,0.00
1273,50558,1042,2,149.69,0.15
1274,50559,1012,1,220.74,0.00
1275,50559,1082,2,103.68,0.15
1276,50560,1118,3,109.41,0.00
1277,50560,1044,1,250.61,0.00
1278,50560,1055,2,121.62,0.00
1279,50560,1035,1,206.72,0.20
1280,50560,1072,3,71.74,0.10
1281,50561,1139,1,44.75,0.00
1282,50561,1198,2,5.15,0.20
1283,50561,1096,1,193.89,0.25
1284,50561,1002,2,188.18,0.20
1285,50562,1093,1,188.84,0.15
1286,50563,1081,1,37.93,0.00
1287,50563,1175,2,121.84,0.00
1288,50564,1106,1,120.20,0.15
1289,50564,1152,1,296.00,0.00
1290,50565,1080,3,63.05,0.20
1291,50566,1157,1,92.44,0.05
1292,50566,1104,1,190.37,0.15
1293,50567,1108,3,447.53,0.05
1294,50567,1136,2,286.62,0.10
1295,50567,1016,1,497.62,0.00
1296,50567,1104,1,184.08,0.00
1297,50568,1013,1,554.83,0.15
1298,50569,1102,1,372.96,0.15
1299,50569,1041,2,145.20,0.00
1300,50570,1154,1,110.98,0.00
1301,50570,1027,2,184.81,0.00
1302,50570,1060,5,150.14,0.00
1303,50571,1163,1,9.50,0.00
1304,50572,1022,3,159.60,0.20
1305,50572,1171,1,149.52,0.00
1306,50572,1035,3,210.68,0.10
1307,50572,1047,1,197.21,0.00
1308,50572,1113,3,31.49,0.20
1309,50573,1009,1,157.28,0.20
1310,50573,1113,2,31.28,0.05
1311,50574,1017,5,327.67,0.15
1312,50574,1013,1,552.95,0.25
1313,50574,1003,1,435.05,0.15
1314,50575,1025,1,394.12,0.25
1315,50575,1057,1,132.85,0.00
1316,50575,1168,1,158.48,0.00
1317,50576,1165,1,144.56,0.20
1318,50576,1005,3,258.16,0.05
1319,50577,1178,1,180.27,0.00
1320,50577,1175,1,120.53,0.00
1321,50578,1086,1,416.17,0.00
1322,50578,1084,1,115.22,0.00
1323,50578,1003,1,444.57,0.00
1324,50578,1056,1,215.88,0.10
1325,50579,1189,2,121.93,0.10
1326,50580,1039,2,533.97,0.20
1327,50581,1145,1,154.83,0.00
1328,50581,1143,1,179.44,0.15
1329,50581,1140,1,101.74,0.00
1330,50581,1116,3,40.39,0.15
1331,50582,1119,2,389.18,0.20
1332,50582,1007,1,41.23,0.15
1333,50583,1026,1,235.04,0.20
1334,50583,1166,1,151.70,0.10
1335,50583,1156,2,317.28,0.05
1336,50583,1186,2,99.25,0.00
1337,50583,1170,1,85.89,0.00
1338,50584,1098,1,194.92,0.25
1339,50584,1143,1,172.39,0.05
1340,50584,1133,2,295.91,0.00
1341,50585,1080,3,66.05,0.25
1342,50586,1161,1,161.88,0.00
1343,50586,1059,1,80.19,0.25
1344,50587,1180,1,24.21,0.00
1345,50587,1003,1,437.99,0.00
1346,50587,1173,4,63.43,0.00
1347,50588,1011,1,472.47,0.00
1348,50588,1199,1,78.65,0.00
1349,50588,1195,2,173.97,0.00
1350,50589,1197,1,55.47,0.00
1351,50590,1156,3,307.02,0.10
1352,50590,1011,1,473.48,0.15
1353,50591,1004,1,533.95,0.20
1354,50591,1129,4,34.68,0.25
1355,50592,1101,1,429.33,0.00
1356,50592,1093,2,180.56,0.10
1357,50593,1058,2,226.17,0.00
1358,50594,1031,1,577.20,0.00
1359,50594,1023,1,68.82,0.15
1360,50595,1132,3,130.64,0.10
1361,50595,1163,4,9.41,0.10
1362,50596,1087,2,222.01,0.10
1363,50597,1009,1,155.81,0.25
1364,50597,1177,1,162.97,0.25
1365,50597,1062,1,202.60,0.15
1366,50597,1020,1,528.38,0.20
1367,50598,1163,4,9.29,0.05
1368,50598,1086,5,413.58,0.00
1369,50598,1052,2,177.46,0.00
1370,50598,1093,2,183.15,0.20
1371,50599,1147,1,232.33,0.00
1372,50599,1086,1,409.25,0.15
1373,50599,1159,1,146.76,0.00
1374,50599,1079,1,88.32,0.20
1375,50600,1074,5,144.49,0.10
1376,50600,1014,2,76.75,0.20
1377,50601,1116,1,41.53,0.00
1378,50601,1146,4,11.37,0.00
1379,50601,1106,1,124.85,0.00
1380,50602,1115,1,73.00,0.00
1381,50602,1024,4,81.61,0.20
1382,50602,1143,1,181.82,0.15
1383,50603,1174,1,172.00,0.10
1384,50603,1007,1,41.56,0.05
1385,50603,1178,1,173.84,0.10
1386,50603,1136,1,280.80,0.00
1387,50604,1012,1,214.50,0.15
1388,50604,1010,1,475.83,0.00
1389,50605,1032,3,352.52,0.05
1390,50605,1197,2,55.76,0.25
1391,50606,1199,1,82.84,0.00
1392,50607,1175,1,118.57,0.15
1393,50607,1055,1,120.79,0.00
1394,50607,1061,1,194.67,0.00
1395,50607,1038,1,401.03,0.10
1396,50608,1009,1,156.70,0.05
1397,50608,1121,1,152.68,0.00
1398,50609,1091,3,337.97,0.05
1399,50609,1166,3,147.56,0.05
1400,50610,1137,1,229.90,0.05
1401,50610,1067,1,214.45,0.25
1402,50610,1200,4,124.18,0.25
1403,50611,1144,5,306.21,0.05
1404,50612,1100,2,448.92,0.15
1405,50612,1063,1,10.26,0.05
1406,50612,1163,1,9.48,0.05
1407,50613,1198,1,4.87,0.10
1408,50613,1032,1,342.08,0.05
1409,50613,1168,1,161.22,0.10
1410,50613,1144,1,305.50,0.05
1411,50614,1146,2,11.60,0.10
1412,50614,1019,1,499.02,0.10
1413,50615,1148,2,255.97,0.00
1414,50615,1185,1,5.24,0.00
1415,50615,1097,1,111.52,0.00
1416,50616,1128,2,339.68,0.00
1417,50616,1025,1,382.51,0.10
1418,50616,1035,3,208.38,0.05
1419,50616,1187,2,134.34,0.00
1420,50617,1155,5,273.62,0.05
1421,50618,1137,1,230.60,0.10
1422,50618,1160,1,63.21,0.05
1423,50618,1122,3,190.65,0.00
1424,50618,1167,2,144.27,0.00
1425,50618,1140,1,98.75,0.05
1426,50619,1007,2,40.22,0.00
1427,50620,1119,2,399.10,0.05
1428,50620,1102,2,385.52,0.20
1429,50620,1079,3,88.14,0.15
1430,50620,1080,1,64.43,0.10
1431,50620,1140,1,105.54,0.00
1432,50621,1099,2,252.22,0.25
1433,50621,1070,1,187.75,0.10
1434,50622,1095,2,91.21,0.00
1435,50623,1061,3,194.76,0.20
1436,50623,1021,2,432.18,0.05
1437,50624,1085,2,103.35,0.20
1438,50625,1032,2,348.11,0.00
1439,50625,1102,2,392.89,0.20
1440,50626,1174,2,169.63,0.00
1441,50626,1169,2,43.93,0.00
1442,50627,1003,5,457.81,0.15
1443,50628,1106,1,123.86,0.15
1444,50628,1095,1,87.81,0.00
1445,50628,1087,1,214.18,0.00
1446,50629,1053,1,73.41,0.00
1447,50629,1188,2,68.14,0.00
1448,50629,1119,1,406.88,0.05
1449,50630,1179,1,171.88,0.00
1450,50631,1105,1,168.19,0.00
1451,50632,1008,1,411.49,0.20
1452,50632,1009,1,154.27,0.00
1453,50633,1113,1,29.31,0.00
1454,50633,1074,1,135.58,0.05
1455,50633,1017,2,329.77,0.00
1456,50633,1120,1,270.83,0.20
1457,50633,1068,1,30.16,0.05
1458,50634,1035,1,203.59,0.05
1459,50635,1120,1,274.61,0.00
1460,50636,1123,2,78.48,0.15
1461,50637,1045,1,31.20,0.05
1462,50637,1060,1,152.61,0.10
1463,50637,1189,4,117.67,0.00
1464,50637,1149,1,150.04,0.25
1465,50638,1014,3,75.56,0.15
1466,50639,1163,1,9.58,0.05
1467,50639,1177,2,173.87,0.20
1468,50640,1040,1,177.39,0.20
1469,50640,1174,1,171.65,0.00
1470,50640,1121,4,155.98,0.00
1471,50640,1162,1,147.29,0.10
1472,50641,1022,1,150.39,0.05
1473,50642,1013,1,554.66,0.15
1474,50642,1172,1,8.80,0.10
1475,50642,1019,1,487.90,0.00
1476,50643,1029,1,127.40,0.20
1477,50643,1127,2,33.97,0.05
1478,50643,1027,1,171.68,0.15
1479,50643,1045,1,30.83,0.00
1480,50644,1050,2,233.37,0.05
1481,50645,1128,4,335.82,0.05
1482,50645,1131,2,297.37,0.00
1483,50645,1154,2,117.25,0.10
1484,50645,1149,1,158.72,0.00
1485,50646,1054,2,36.52,0.00
1486,50646,1041,1,144.71,0.00
1487,50646,1154,1,118.59,0.05
1488,50647,1008,1,405.86,0.00
1489,50647,1168,2,152.80,0.00
1490,50648,1103,1,224.09,0.15
1491,50648,1060,2,152.06,0.10
1492,50648,1112,1,251.48,0.00
1493,50649,1025,1,378.24,0.10
1494,50649,1050,2,234.12,0.00
1495,50650,1045,2,31.49,0.00
1496,50651,1077,1,113.54,0.05
1497,50651,1003,1,441.63,0.00
1498,50651,1027,1,183.32,0.00
1499,50651,1196,2,158.79,0.20
1500,50651,1150,3,35.57,0.10
1501,50652,1103,1,225.45,0.10
1502,50652,1192,2,57.78,0.10
1503,50653,1005,1,258.27,0.00
1504,50654,1115,2,75.62,0.10
1505,50654,1040,2,177.69,0.10
1506,50654,1195,1,165.48,0.10
1507,50654,1105,1,169.74,0.05
1508,50655,1102,1,370.31,0.00
1509,50656,1091,1,320.53,0.05
1510,50657,1112,3,239.92,0.05
1511,50657,1063,3,10.45,0.05
1512,50658,1192,1,59.76,0.20
1513,50658,1022,3,161.20,0.20
1514,50659,1040,2,181.44,0.00
1515,50660,1189,2,124.69,0.05
1516,50661,1127,1,35.37,0.10
1517,50661,1099,3,243.23,0.10
1518,50661,1025,3,391.23,0.20
1519,50661,1167,1,138.53,0.10
1520,50662,1149,2,155.92,0.00
1521,50662,1137,2,229.49,0.10
1522,50663,1157,3,92.10,0.05
1523,50663,1091,1,329.63,0.05
1524,50663,1148,4,258.74,0.00
1525,50664,1149,1,155.10,0.15
1526,50664,1156,1,317.91,0.25
1527,50664,1006,1,149.97,0.20
1528,50664,1114,1,219.69,0.15
1529,50665,1073,4,108.82,0.10
1530,50665,1104,1,180.56,0.05
1531,50665,1071,1,127.43,0.05
1532,50665,1020,2,508.25,0.10
1533,50666,1155,2,281.01,0.00
1534,50666,1043,1,109.80,0.00
1535,50667,1155,1,281.68,0.00
1536,50667,1016,3,483.57,0.00
1537,50668,1068,1,30.35,0.15
1538,50668,1191,1,135.42,0.05
1539,50668,1028,1,382.12,0.00
1540,50669,1200,1,123.50,0.25
1541,50669,1153,1,58.40,0.00
1542,50669,1092,2,454.48,0.25
1543,50669,1166,2,151.55,0.00
1544,50670,1042,3,153.95,0.00
1545,50670,1107,2,202.57,0.00
1546,50671,1034,1,158.77,0.25
1547,50671,1154,1,118.75,0.15
1548,50671,1153,1,59.39,0.00
1549,50671,1012,1,225.55,0.00
1550,50671,1101,3,440.08,0.05
1551,50672,1032,1,357.18,0.10
1552,50672,1156,1,323.03,0.00
1553,50672,1003,1,462.85,0.00
1554,50672,1085,1,102.63,0.00
1555,50673,1126,4,115.50,0.10
1556,50673,1021,1,418.64,0.15
1557,50674,1018,1,248.07,0.00
1558,50674,1184,4,49.56,0.05
1559,50674,1200,1,120.93,0.10
1560,50674,1121,2,153.22,0.10
1561,50675,1036,1,151.91,0.00
1562,50675,1183,1,70.00,0.00
1563,50675,1081,1,35.28,0.15
1564,50675,1026,1,234.21,0.00
1565,50676,1037,1,530.13,0.10
1566,50676,1077,2,111.57,0.15
1567,50677,1155,1,274.65,0.05
1568,50677,1053,1,72.23,0.05
1569,50678,1143,1,175.75,0.00
1570,50678,1018,3,241.39,0.00
1571,50678,1091,1,321.05,0.05
1572,50678,1045,1,31.38,0.10
1573,50679,1028,1,396.93,0.00
1574,50679,1092,3,442.83,0.10
1575,50680,1097,2,113.95,0.20
1576,50680,1162,1,147.92,0.10
1577,50681,1137,3,239.01,0.00
1578,50681,1060,1,150.97,0.10
1579,50682,1132,1,138.36,0.20
1580,50682,1199,2,81.67,0.10
1581,50682,1133,1,294.90,0.20
1582,50683,1152,1,292.38,0.10
1583,50683,1014,2,79.01,0.20
1584,50683,1046,3,37.30,0.15
1585,50684,1085,3,102.67,0.15
1586,50685,1047,2,202.31,0.00
1587,50686,1157,3,91.65,0.20
1588,50686,1126,1,112.91,0.15
1589,50687,1109,3,249.77,0.10
1590,50687,1150,2,36.28,0.05
1591,50687,1054,1,37.42,0.25
1592,50687,1057,1,133.64,0.00
1593,50688,1150,1,34.86,0.15
1594,50689,1011,2,481.63,0.05
1595,50689,1147,1,226.66,0.00
1596,50689,1016,1,471.92,0.00
1597,50690,1136,1,285.56,0.20
1598,50690,1128,1,354.79,0.05
1599,50690,1053,2,74.44,0.00
1600,50691,1193,4,75.12,0.00
1601,50691,1111,2,448.67,0.15
1602,50691,1024,1,83.00,0.00
1603,50691,1094,1,400.16,0.00
1604,50691,1163,1,9.26,0.10
1605,50692,1008,2,400.11,0.25
1606,50693,1018,3,246.21,0.00
1607,50694,1096,4,185.61,0.10
1608,50695,1054,1,37.82,0.20
1609,50695,1109,1,247.46,0.00
1610,50696,1194,3,27.63,0.10
1611,50697,1196,3,166.31,0.00
1612,50697,1070,3,189.72,0.15
1613,50698,1165,4,148.95,0.25
1614,50699,1121,1,155.56,0.25
1615,50700,1025,1,375.29,0.20
1616,50700,1060,4,154.27,0.05
1617,50700,1184,2,49.26,0.00
1618,50701,1018,3,244.82,0.10
1619,50701,1168,1,157.15,0.00
1620,50701,1044,2,240.76,0.00
1621,50701,1060,2,158.52,0.15
1622,50702,1016,2,481.65,0.25
1623,50702,1160,4,60.77,0.00
1624,50702,1124,4,87.71,0.10
1625,50703,1053,1,71.54,0.05
1626,50703,1047,1,194.40,0.00
1627,50704,1160,1,61.58,0.05
1628,50704,1014,1,77.59,0.15
1629,50705,1200,2,117.05,0.20
1630,50705,1009,1,147.33,0.05
1631,50705,1153,1,62.56,0.10
1632,50705,1086,1,420.12,0.10
1633,50706,1004,2,525.78,0.05
1634,50706,1007,1,41.16,0.10
1635,50707,1121,1,148.18,0.00
1636,50707,1020,2,510.23,0.20
1637,50707,1168,2,154.85,0.05
1638,50708,1066,1,83.18,0.25
1639,50709,1055,1,114.92,0.25
1640,50709,1151,3,321.51,0.00
1641,50710,1006,2,149.76,0.10
1642,50710,1054,1,35.96,0.00
1643,50711,1178,2,172.73,0.00
1644,50711,1092,1,429.00,0.10
1645,50712,1188,3,67.39,0.05
1646,50712,1156,2,325.94,0.05
1647,50712,1138,1,54.39,0.00
1648,50713,1023,2,70.83,0.10
1649,50713,1145,2,148.92,0.00
1650,50713,1029,1,124.10,0.10
1651,50714,1059,1,81.22,0.05
1652,50714,1072,4,73.63,0.00
1653,50714,1139,2,46.49,0.00
1654,50715,1191,2,132.91,0.10
1655,50716,1183,1,72.95,0.10
1656,50716,1104,1,183.77,0.15
1657,50717,1024,2,85.21,0.00
1658,50717,1099,1,258.56,0.10
1659,50717,1146,2,11.24,0.15
1660,50717,1193,2,76.87,0.10
1661,50717,1190,1,60.14,0.10
1662,50718,1153,3,62.63,0.05
1663,50719,1115,1,72.63,0.20
1664,50720,1163,1,9.60,0.00
1665,50721,1097,2,113.84,0.10
1666,50721,1148,2,269.63,0.05
1667,50722,1036,1,141.54,0.05
1668,50722,1181,4,134.12,0.05
1669,50722,1198,2,5.18,0.25
1670,50723,1035,2,204.05,0.25
1671,50723,1120,1,262.22,0.20
1672,50723,1059,1,81.33,0.00
1673,50724,1089,3,47.74,0.20
1674,50724,1145,1,155.27,0.00
1675,50724,1005,1,265.65,0.15
1676,50724,1074,2,139.68,0.05
1677,50724,1171,1,146.77,0.10
1678,50725,1137,1,234.22,0.15
1679,50725,1184,1,50.83,0.20
1680,50725,1096,3,196.66,0.00
1681,50725,1003,2,465.36,0.15
1682,50726,1061,1,192.99,0.10
1683,50727,1022,1,153.77,0.00
1684,50727,1126,2,120.56,0.10
1685,50727,1105,1,172.99,0.00
1686,50727,1137,1,234.01,0.15
1687,50727,1044,4,258.03,0.15
1688,50728,1140,1,105.43,0.15
1689,50728,1114,1,228.17,0.00
1690,50729,1028,1,391.30,0.00
1691,50729,1131,1,318.50,0.15
1692,50729,1078,1,38.44,0.05
1693,50729,1129,2,34.57,0.00
1694,50729,1145,1,148.93,0.15
1695,50730,1177,2,171.31,0.00
1696,50730,1071,1,125.76,0.10
1697,50731,1174,2,171.25,0.20
1698,50732,1104,3,188.11,0.25
1699,50732,1067,1,214.73,0.20
1700,50732,1199,1,81.23,0.00
1701,50732,1005,2,260.90,0.15
1702,50732,1089,1,47.75,0.00
1703,50733,1165,1,140.25,0.00
1704,50733,1130,5,97.78,0.10
1705,50733,1099,1,251.73,0.10
1706,50734,1122,2,187.70,0.00
1707,50734,1030,3,121.45,0.05
1708,50734,1062,1,200.80,0.20
1709,50734,1028,2,409.84,0.00
1710,50735,1149,2,159.70,0.10
1711,50736,1088,2,350.43,0.20
1712,50736,1058,1,232.25,0.15
1713,50736,1087,1,206.79,0.00
1714,50736,1136,1,293.82,0.10
1715,50736,1043,1,109.63,0.00
1716,50737,1031,1,586.32,0.00
1717,50737,1138,1,55.30,0.15
1718,50738,1129,1,35.33,0.10
1719,50738,1009,1,155.37,0.00
1720,50739,1099,2,250.92,0.15
1721,50739,1155,1,284.42,0.00
1722,50739,1172,2,9.27,0.00
1723,50740,1038,1,386.11,0.00
1724,50740,1100,1,465.55,0.15
1725,50740,1019,1,492.19,0.15
1726,50740,1002,1,178.92,0.10
1727,50741,1109,2,258.57,0.15
1728,50742,1196,5,165.58,0.05
1729,50742,1183,2,70.85,0.15
1730,50742,1141,2,250.54,0.00
1731,50743,1128,1,356.98,0.00
1732,50744,1029,2,127.41,0.20
1733,50744,1036,1,141.62,0.00
1734,50744,1140,1,103.12,0.05
1735,50745,1119,2,385.74,0.00
1736,50745,1042,1,153.41,0.15
1737,50745,1059,1,80.19,0.15
1738,50746,1129,1,34.52,0.15
1739,50747,1199,3,78.92,0.00
1740,50747,1048,1,25.95,0.10
1741,50748,1101,1,423.90,0.05
1742,50748,1176,1,181.42,0.25
1743,50748,1136,1,286.18,0.00
1744,50749,1087,1,222.59,0.05
1745,50749,1054,2,36.35,0.00
1746,50749,1187,3,134.10,0.05
1747,50750,1134,2,213.33,0.00
1748,50750,1101,1,431.68,0.00
1749,50751,1191,4,129.15,0.15
1750,50751,1022,1,153.01,0.00
1751,50752,1153,1,59.57,0.00
1752,50752,1119,1,387.60,0.10
1753,50753,1034,2,152.69,0.10
1754,50753,1117,1,272.89,0.05
1755,50754,1200,1,120.69,0.05
1756,50755,1027,3,185.01,0.00
1757,50756,1141,2,249.29,0.15
1758,50756,1004,1,540.00,0.15
1759,50756,1025,1,402.50,0.15
1760,50756,1069,4,27.26,0.00
1761,50756,1048,4,25.14,0.15
1762,50757,1118,1,107.74,0.05
1763,50757,1047,3,205.91,0.05
1764,50758,1084,1,109.58,0.10
1765,50758,1067,3,221.60,0.00
1766,50758,1016,2,498.42,0.00
1767,50759,1147,1,224.58,0.00
1768,50760,1044,1,245.49,0.25
1769,50760,1117,2,264.71,0.10
1770,50760,1043,2,101.82,0.10
1771,50761,1193,1,76.42,0.20
1772,50761,1106,2,126.39,0.00
1773,50761,1006,1,146.94,0.00
1774,50761,1044,1,255.90,0.00
1775,50761,1012,3,222.75,0.00
1776,50762,1045,1,30.97,0.00
1777,50763,1184,3,48.49,0.05
1778,50763,1175,1,117.77,0.05
1779,50764,1110,1,75.72,0.00
1780,50765,1149,1,158.89,0.15
1781,50766,1080,1,63.46,0.20
1782,50766,1151,1,319.76,0.15
1783,50767,1115,1,73.43,0.05
1784,50768,1131,2,306.98,0.00
1785,50769,1007,1,40.77,0.20
1786,50769,1002,1,176.71,0.15
1787,50769,1147,1,230.08,0.15
1788,50770,1077,3,115.30,0.05
1789,50770,1061,3,192.40,0.00
1790,50770,1171,1,149.66,0.00
1791,50771,1173,1,64.61,0.15
1792,50772,1098,1,197.48,0.00
1793,50772,1148,1,263.90,0.05
1794,50773,1139,1,46.14,0.00
1795,50773,1171,1,145.77,0.15
1796,50774,1104,1,183.58,0.00
1797,50774,1045,1,32.04,0.00
1798,50775,1090,1,187.40,0.00
1799,50776,1049,2,256.66,0.10
1800,50776,1151,1,328.66,0.15
1801,50777,1156,1,307.30,0.10
1802,50777,1180,1,23.80,0.00
1803,50777,1168,3,162.57,0.15
1804,50778,1011,2,492.82,0.00
1805,50778,1005,2,269.21,0.00
1806,50779,1098,2,200.89,0.00
1807,50779,1002,1,182.57,0.10
1808,50780,1112,3,244.13,0.00
1809,50781,1070,1,192.94,0.05
1810,50782,1112,1,254.92,0.10
1811,50783,1046,1,36.78,0.00
1812,50784,1012,3,227.35,0.15
1813,50785,1127,2,34.84,0.00
1814,50786,1069,1,26.60,0.00
1815,50787,1003,3,458.25,0.00
1816,50787,1043,1,108.76,0.00
1817,50787,1092,1,426.70,0.10
1818,50788,1001,2,384.10,0.20
1819,50789,1061,2,185.53,0.15
1820,50789,1083,2,378.87,0.05
1821,50789,1200,1,118.87,0.00
1822,50790,1134,1,221.94,0.00
1823,50790,1068,2,31.40,0.25
1824,50790,1071,1,123.23,0.20
1825,50790,1055,3,115.38,0.20
1826,50790,1118,2,108.83,0.20
1827,50791,1122,4,182.75,0.15
1828,50792,1099,5,247.16,0.15
1829,50792,1006,1,148.76,0.00
1830,50792,1075,2,58.02,0.20
1831,50793,1006,2,155.39,0.00
1832,50793,1104,4,178.81,0.00
1833,50793,1121,1,156.90,0.20
1834,50794,1085,2,102.96,0.00
1835,50794,1174,2,175.22,0.00
1836,50795,1081,2,36.99,0.15
1837,50796,1166,3,145.97,0.10
1838,50797,1196,2,164.01,0.25
1839,50797,1018,3,233.24,0.25
1840,50797,1103,2,221.27,0.10
1841,50798,1197,1,58.77,0.20
1842,50798,1053,1,75.95,0.00
1843,50798,1198,1,5.03,0.00
1844,50798,1060,1,158.87,0.10
1845,50798,1119,2,406.47,0.25
1846,50799,1178,1,178.67,0.10
1847,50799,1005,1,257.48,0.15
1848,50799,1029,1,121.82,0.15
1849,50800,1144,3,303.45,0.00
1850,50801,1121,1,157.76,0.00
1851,50802,1149,3,149.84,0.00
1852,50802,1194,3,28.11,0.10
1853,50802,1195,2,164.70,0.15
1854,50803,1014,4,81.32,0.05
1855,50804,1133,3,304.29,0.00
1856,50804,1164,1,61.36,0.00
1857,50805,1084,3,110.53,0.05
1858,50805,1193,2,78.23,0.25
1859,50805,1008,1,403.36,0.10
1860,50805,1170,1,85.00,0.00
1861,50806,1121,1,148.05,0.05
1862,50807,1173,1,61.04,0.15
1863,50807,1068,1,30.93,0.10
1864,50808,1037,3,516.85,0.10
1865,50808,1077,2,119.18,0.00
1866,50808,1042,1,148.67,0.00
1867,50808,1169,1,43.11,0.05
1868,50809,1076,1,254.11,0.10
1869,50809,1063,1,10.02,0.10
1870,50809,1097,1,116.17,0.00
1871,50809,1082,1,106.36,0.00
1872,50810,1131,1,300.05,0.20
1873,50811,1033,1,508.16,0.15
1874,50811,1060,5,155.00,0.10
1875,50811,1110,1,74.36,0.05
1876,50811,1010,1,506.56,0.20
1877,50811,1098,3,196.28,0.00
1878,50812,1019,4,504.69,0.05
1879,50812,1117,1,266.44,0.10
1880,50813,1132,2,135.11,0.00
1881,50813,1119,3,399.06,0.00
1882,50814,1025,2,398.21,0.25
1883,50814,1084,2,107.85,0.00
1884,50814,1052,1,166.73,0.00
1885,50815,1018,2,237.36,0.20
1886,50815,1079,2,89.08,0.00
1887,50815,1190,1,61.43,0.05
1888,50816,1099,2,253.23,0.10
1889,50816,1077,1,110.64,0.10
1890,50816,1041,2,140.69,0.05
1891,50817,1027,4,179.35,0.10
1892,50817,1160,1,64.74,0.20
1893,50818,1063,1,10.07,0.00
1894,50818,1161,1,157.21,0.25
1895,50818,1001,1,400.98,0.20
1896,50819,1042,1,155.88,0.10
1897,50820,1127,2,33.48,0.25
1898,50820,1051,1,12.48,0.00
1899,50821,1150,1,34.72,0.05
1900,50821,1153,1,58.13,0.00
1901,50821,1185,1,5.21,0.25
1902,50822,1192,4,58.72,0.00
1903,50823,1177,5,163.81,0.10
1904,50823,1143,4,171.40,0.05
1905,50823,1200,1,117.35,0.00
1906,50824,1083,1,396.86,0.00
1907,50824,1116,1,40.98,0.00
1908,50824,1067,1,223.31,0.15
1909,50825,1080,1,67.76,0.25
1910,50825,1031,1,614.09,0.10
1911,50826,1042,4,153.08,0.00
1912,50826,1197,1,59.15,0.05
1913,50827,1156,1,327.52,0.00
1914,50827,1179,2,176.34,0.00
1915,50828,1120,1,277.11,0.05
1916,50829,1044,1,252.99,0.00
1917,50830,1052,2,179.31,0.15
1918,50831,1103,1,214.38,0.10
1919,50831,1062,1,193.65,0.05
1920,50832,1070,2,190.64,0.10
1921,50832,1094,4,374.66,0.05
1922,50833,1159,2,150.89,0.05
1923,50834,1097,1,111.64,0.10
1924,50834,1001,1,393.76,0.00
1925,50834,1094,1,398.17,0.20
1926,50835,1102,1,392.75,0.00
1927,50836,1012,2,229.26,0.00
1928,50837,1177,2,168.83,0.00
1929,50837,1052,1,174.96,0.00
1930,50838,1119,2,393.41,0.00
1931,50838,1090,2,200.48,0.00
1932,50838,1127,1,34.82,0.10
1933,50838,1076,2,257.32,0.00
1934,50839,1196,1,158.66,0.15
1935,50839,1085,1,97.32,0.10
1936,50839,1102,1,388.77,0.00
1937,50839,1104,1,188.03,0.00
1938,50840,1164,2,65.16,0.05
1939,50840,1040,1,175.23,0.25
1940,50841,1059,2,82.51,0.00
1941,50842,1046,1,35.48,0.10
1942,50842,1066,1,84.25,0.00
1943,50843,1120,1,271.13,0.10
1944,50843,1150,2,36.81,0.10
1945,50843,1014,1,77.92,0.10
1946,50843,1082,1,108.75,0.10
1947,50843,1186,1,98.34,0.00
1948,50844,1096,1,188.78,0.10
1949,50844,1176,1,176.33,0.10
1950,50844,1120,1,264.05,0.00
1951,50844,1013,1,578.33,0.25
1952,50844,1198,1,4.96,0.15
1953,50845,1145,5,152.85,0.00
1954,50846,1118,2,107.55,0.05
1955,50846,1097,3,117.29,0.10
1956,50846,1159,1,148.58,0.00
1957,50846,1152,1,285.22,0.10
1958,50847,1059,2,81.74,0.00
1959,50847,1195,1,166.81,0.10
1960,50848,1083,1,380.37,0.00
1961,50848,1022,3,150.52,0.20
1962,50849,1055,2,123.58,0.10
1963,50849,1173,1,60.59,0.05
1964,50849,1040,1,173.11,0.00
1965,50849,1048,3,25.26,0.25
1966,50849,1199,4,79.60,0.00
1967,50850,1086,1,421.42,0.00
1968,50850,1158,2,266.10,0.15
1969,50850,1081,2,37.44,0.00
1970,50851,1130,1,97.27,0.05
1971,50851,1043,1,109.47,0.15
1972,50851,1110,1,71.16,0.10
1973,50852,1106,1,122.51,0.00
1974,50852,1187,1,135.77,0.00
1975,50852,1019,4,521.22,0.10
1976,50853,1020,2,529.06,0.25
1977,50853,1066,3,85.90,0.00
1978,50854,1191,1,131.91,0.20
1979,50855,1085,4,98.16,0.00
1980,50855,1158,2,268.25,0.05
1981,50855,1074,2,144.87,0.20
1982,50855,1144,1,290.37,0.10
1983,50856,1164,2,64.38,0.10
1984,50856,1042,1,150.46,0.05
1985,50856,1088,1,377.90,0.00
1986,50856,1102,1,384.08,0.05
1987,50857,1179,1,176.65,0.10
1988,50858,1084,2,112.01,0.05
1989,50858,1132,2,132.31,0.10
1990,50858,1110,1,70.95,0.10
1991,50859,1037,1,524.01,0.00
1992,50860,1072,1,76.12,0.20
1993,50860,1085,1,102.36,0.00
1994,50861,1002,1,183.49,0.00
1995,50862,1066,3,82.19,0.15
1996,50863,1052,3,180.53,0.00
1997,50863,1136,2,295.57,0.15
1998,50863,1105,3,176.84,0.05
1999,50864,1055,1,118.05,0.00
2000,50865,1072,1,72.25,0.05
2001,50865,1192,2,58.80,0.00
2002,50866,1070,1,190.97,0.00
2003,50866,1135,1,237.06,0.00
2004,50867,1164,2,64.02,0.20
2005,50867,1058,2,231.37,0.05
2006,50868,1012,3,222.41,0.15
2007,50868,1060,1,153.41,0.15
2008,50868,1024,1,81.03,0.00
2009,50868,1091,1,318.80,0.10
2010,50869,1030,1,119.09,0.05
2011,50869,1169,1,45.37,0.05
2012,50870,1165,3,147.67,0.15
2013,50870,1134,1,219.20,0.00
2014,50871,1141,2,259.21,0.00
2015,50871,1097,1,115.98,0.20
2016,50872,1169,3,42.48,0.00
2017,50872,1165,3,150.31,0.15
2018,50873,1145,2,155.17,0.00
2019,50873,1080,1,63.42,0.00
2020,50873,1107,2,202.83,0.05
2021,50874,1174,3,168.03,0.10
2022,50875,1072,1,72.19,0.10
2023,50875,1120,1,269.48,0.00
2024,50875,1115,2,72.52,0.15
2025,50875,1149,3,155.92,0.10
2026,50876,1143,1,176.24,0.10
2027,50876,1149,2,154.05,0.05
2028,50877,1040,2,175.87,0.00
2029,50877,1005,2,271.49,0.00
2030,50878,1140,1,103.15,0.15
2031,50878,1026,1,235.70,0.15
2032,50879,1151,1,316.86,0.00
2033,50880,1131,2,308.35,0.00
2034,50880,1170,2,82.43,0.05
2035,50880,1112,1,248.53,0.15
2036,50880,1078,2,40.18,0.25
2037,50881,1197,3,56.37,0.00
2038,50881,1044,1,240.29,0.15
2039,50881,1169,1,44.55,0.00
2040,50882,1072,1,76.45,0.05
2041,50882,1068,1,29.52,0.00
2042,50882,1012,2,228.60,0.25
2043,50883,1199,1,77.26,0.10
2044,50883,1137,3,234.61,0.05
2045,50883,1155,1,289.27,0.00
2046,50884,1148,3,260.41,0.15
2047,50884,1076,4,255.10,0.00
2048,50884,1007,1,39.08,0.15
2049,50884,1195,2,169.64,0.00
2050,50884,1060,1,157.18,0.05
2051,50885,1131,1,310.96,0.10
2052,50886,1170,5,83.68,0.00
2053,50886,1078,1,40.15,0.10
2054,50886,1165,1,143.61,0.10
2055,50886,1042,1,151.30,0.15
2056,50887,1187,1,136.27,0.00
2057,50887,1032,1,333.71,0.10
2058,50888,1043,1,106.41,0.00
2059,50888,1020,3,511.60,0.25
2060,50888,1132,1,138.50,0.15
2061,50888,1171,2,142.88,0.20
2062,50889,1189,2,123.36,0.00
2063,50889,1033,1,516.34,0.25
2064,50890,1099,1,257.70,0.05
2065,50890,1182,1,107.74,0.10
2066,50890,1048,5,25.08,0.25
2067,50891,1033,5,500.21,0.10
2068,50891,1035,1,212.99,0.00
2069,50891,1175,1,116.54,0.00
2070,50891,1179,1,171.47,0.10
2071,50892,1071,1,120.74,0.00
2072,50892,1076,3,240.13,0.00
2073,50893,1099,1,254.92,0.00
2074,50894,1164,2,62.50,0.20
2075,50894,1047,3,196.88,0.00
2076,50894,1125,1,245.20,0.15
2077,50895,1054,1,37.31,0.20
2078,50895,1070,1,188.23,0.05
2079,50895,1200,1,120.27,0.00
2080,50896,1022,1,157.04,0.00
2081,50896,1096,1,186.80,0.10
2082,50896,1176,2,177.07,0.05
2083,50897,1074,1,141.11,0.05
2084,50897,1063,1,9.78,0.05
2085,50898,1053,2,73.00,0.20
2086,50899,1004,1,520.67,0.10
2087,50899,1125,1,238.84,0.05
2088,50899,1141,1,259.29,0.15
2089,50899,1020,1,522.48,0.15
2090,50900,1181,2,127.33,0.00
2091,50901,1177,1,173.85,0.00
2092,50901,1086,2,407.68,0.15
2093,50901,1179,1,172.18,0.00
2094,50901,1005,1,262.39,0.10
2095,50901,1173,2,60.05,0.25
2096,50902,1082,1,110.96,0.00
2097,50903,1158,3,266.74,0.00
2098,50903,1194,1,26.65,0.05
2099,50903,1012,1,223.14,0.00
2100,50904,1073,1,109.80,0.05
2101,50904,1086,1,431.55,0.10
2102,50905,1191,1,134.21,0.25
2103,50906,1060,1,159.58,0.00
2104,50906,1092,1,438.83,0.25
2105,50907,1041,2,149.04,0.05
2106,50907,1095,2,89.04,0.00
2107,50908,1200,1,117.83,0.00
2108,50908,1070,1,195.05,0.10
2109,50908,1196,4,158.13,0.10
2110,50908,1101,2,438.00,0.00
2111,50909,1077,1,111.29,0.10
2112,50909,1027,3,181.34,0.05
2113,50910,1192,1,59.49,0.05
2114,50910,1110,1,75.24,0.00
2115,50911,1026,3,238.14,0.00
2116,50911,1101,1,419.77,0.00
2117,50912,1025,2,400.35,0.25
2118,50912,1071,3,119.30,0.20
2119,50912,1138,1,54.66,0.00
2120,50913,1163,3,9.19,0.15
2121,50913,1043,1,108.54,0.10
2122,50913,1100,1,458.60,0.10
2123,50914,1171,2,146.53,0.00
2124,50914,1029,1,123.01,0.10
2125,50914,1047,1,202.86,0.05
2126,50915,1028,1,394.48,0.10
2127,50915,1044,2,244.86,0.10
2128,50915,1090,2,187.01,0.00
2129,50915,1198,1,4.98,0.05
2130,50915,1147,2,232.66,0.10
2131,50916,1177,1,163.44,0.00
2132,50916,1068,1,30.81,0.00
2133,50917,1170,2,82.45,0.00
2134,50917,1169,3,42.74,0.20
2135,50917,1022,1,156.81,0.20
2136,50918,1159,2,145.16,0.00
2137,50919,1040,5,173.19,0.00
2138,50920,1016,1,488.34,0.15
2139,50920,1021,3,440.13,0.00
2140,50921,1119,3,390.32,0.20
2141,50921,1172,1,9.25,0.00
2142,50922,1112,3,243.69,0.00
2143,50922,1122,3,183.06,0.00
2144,50923,1098,1,203.45,0.00
2145,50924,1086,1,406.18,0.10
2146,50925,1083,2,387.44,0.00
2147,50925,1045,1,30.90,0.00
2148,50926,1130,5,100.95,0.25
2149,50926,1146,1,10.86,0.25
2150,50927,1130,3,102.99,0.00
2151,50927,1076,2,240.61,0.00
2152,50928,1170,1,88.01,0.10
2153,50928,1011,1,501.59,0.00
2154,50929,1002,1,185.16,0.15
2155,50930,1002,1,178.63,0.15
2156,50930,1121,1,156.11,0.00
2157,50931,1040,1,184.40,0.10
2158,50931,1135,1,223.08,0.00
2159,50932,1027,1,171.79,0.15
2160,50932,1181,2,129.26,0.25
2161,50932,1030,4,123.03,0.00
2162,50932,1064,2,14.78,0.20
2163,50933,1011,2,489.30,0.00
2164,50933,1154,4,110.38,0.00
2165,50934,1033,3,527.16,0.20
2166,50934,1196,2,160.22,0.20
2167,50934,1131,1,298.01,0.00
2168,50934,1195,1,170.31,0.10
2169,50935,1143,2,170.68,0.00
2170,50936,1062,2,194.02,0.00
2171,50936,1185,1,5.23,0.05
2172,50936,1104,1,184.52,0.10
2173,50936,1153,1,61.60,0.00
2174,50937,1062,1,193.30,0.05
2175,50937,1060,1,154.89,0.00
2176,50938,1006,1,147.04,0.10
2177,50939,1199,3,78.18,0.15
2178,50939,1128,3,350.35,0.10
2179,50940,1033,1,502.75,0.00
2180,50940,1079,3,91.87,0.00
2181,50941,1145,1,149.89,0.05
2182,50941,1097,1,118.60,0.00
2183,50941,1004,1,550.69,0.10
2184,50942,1036,1,141.01,0.00
2185,50942,1135,3,234.30,0.00
2186,50943,1007,1,40.39,0.15
2187,50943,1078,3,38.60,0.00
2188,50943,1023,1,70.35,0.10
2189,50944,1032,1,346.12,0.20
2190,50944,1060,1,152.21,0.00
2191,50944,1151,1,319.50,0.00
2192,50944,1041,1,141.76,0.00
2193,50944,1129,1,35.20,0.00
2194,50945,1048,1,25.69,0.00
2195,50945,1088,1,364.75,0.00
2196,50946,1200,2,124.14,0.00
2197,50946,1089,1,49.91,0.10
2198,50947,1190,2,62.07,0.00
2199,50947,1031,2,603.45,0.00
2200,50948,1089,2,48.70,0.15
2201,50948,1046,1,34.94,0.05
2202,50949,1160,1,60.39,0.00
2203,50949,1016,1,490.94,0.20
2204,50949,1040,1,181.93,0.15
2205,50950,1040,3,175.59,0.10
2206,50950,1019,2,507.82,0.00
2207,50951,1011,1,497.98,0.05
2208,50952,1089,2,48.62,0.15
2209,50953,1052,1,174.58,0.20
2210,50953,1175,1,114.54,0.05
2211,50953,1128,1,338.24,0.00
2212,50954,1037,1,519.59,0.20
2213,50954,1125,1,244.24,0.00
2214,50955,1067,2,214.71,0.00
2215,50955,1136,2,282.94,0.00
2216,50955,1113,1,29.97,0.10
2217,50955,1131,1,320.84,0.05
2218,50955,1076,5,247.22,0.00
2219,50956,1107,1,214.86,0.10
2220,50956,1183,2,73.07,0.10
2221,50956,1127,1,35.17,0.00
2222,50957,1002,2,180.10,0.05
2223,50957,1048,1,25.97,0.20
2224,50957,1038,2,409.27,0.00
2225,50958,1007,1,40.74,0.05
2226,50959,1166,2,142.84,0.00
2227,50960,1114,1,231.15,0.10
2228,50960,1004,2,550.22,0.20
2229,50960,1102,1,397.62,0.20
2230,50961,1198,1,5.17,0.05
2231,50961,1140,1,103.23,0.00
2232,50961,1053,2,72.06,0.25
2233,50962,1086,2,424.89,0.00
2234,50962,1164,1,65.23,0.00
2235,50963,1024,1,85.24,0.25
2236,50963,1145,3,148.81,0.20
2237,50963,1056,1,213.32,0.00
2238,50964,1131,2,315.14,0.00
2239,50964,1148,1,252.97,0.00
2240,50965,1085,1,101.42,0.00
2241,50966,1011,2,469.29,0.25
2242,50967,1156,1,325.44,0.15
2243,50968,1024,1,83.19,0.00
2244,50969,1092,2,443.71,0.10
2245,50969,1149,1,150.01,0.15
2246,50970,1139,2,46.10,0.05
2247,50970,1018,1,240.13,0.00
2248,50971,1199,2,79.17,0.00
2249,50972,1054,3,37.58,0.00
2250,50972,1002,2,180.81,0.00
2251,50973,1095,3,91.15,0.00
2252,50974,1140,1,100.06,0.20
2253,50975,1075,1,59.36,0.10
2254,50975,1036,4,142.79,0.15
2255,50975,1082,1,106.39,0.00
2256,50976,1014,1,80.35,0.10
2257,50976,1090,5,187.20,0.10
2258,50976,1190,4,60.96,0.05
2259,50976,1169,1,44.21,0.10
2260,50977,1117,1,272.10,0.10
2261,50977,1105,1,178.57,0.00
2262,50978,1073,1,113.45,0.00
2263,50978,1036,1,142.81,0.10
2264,50978,1173,1,60.39,0.00
2265,50979,1013,1,567.79,0.25
2266,50980,1009,1,149.91,0.05
2267,50981,1053,1,75.31,0.00
2268,50981,1057,3,131.18,0.00
2269,50981,1082,2,106.64,0.00
2270,50981,1074,1,136.56,0.20
2271,50982,1127,2,35.54,0.05
2272,50983,1043,1,102.71,0.00
2273,50983,1185,3,5.38,0.10
2274,50984,1097,1,111.74,0.15
2275,50984,1005,1,274.54,0.05
2276,50984,1082,1,110.76,0.00
2277,50985,1030,1,123.15,0.15
2278,50985,1187,1,129.93,0.05
2279,50986,1194,1,27.80,0.00
2280,50986,1047,1,195.63,0.05
2281,50986,1160,1,61.26,0.05
2282,50986,1175,1,121.16,0.00
2283,50987,1147,3,235.35,0.15
2284,50987,1078,3,40.20,0.20
2285,50987,1200,1,124.29,0.15
2286,50987,1118,1,113.88,0.10
2287,50988,1115,2,73.80,0.00
2288,50989,1092,1,451.05,0.05
2289,50989,1166,1,146.63,0.15
2290,50990,1056,4,219.01,0.05
2291,50990,1105,2,171.66,0.00
2292,50991,1111,1,436.59,0.10
2293,50992,1048,3,25.46,0.20
2294,50992,1141,1,256.21,0.05
2295,50993,1123,1,78.32,0.10
2296,50993,1120,1,265.17,0.05
2297,50994,1182,1,114.57,0.15
2298,50994,1075,1,58.52,0.00
2299,50994,1032,1,354.17,0.10
2300,50994,1198,4,5.01,0.00
2301,50995,1155,1,275.51,0.10
2302,50996,1199,1,77.81,0.10
2303,50996,1037,1,534.56,0.00
2304,50996,1151,1,325.86,0.00
2305,50997,1059,3,81.03,0.00
2306,50998,1035,3,211.10,0.20
2307,50999,1189,1,116.63,0.15
2308,50999,1163,1,9.55,0.00
2309,51000,1127,2,34.78,0.05
2310,51000,1066,1,84.78,0.00
2311,51000,1013,1,564.09,0.10
2312,51001,1130,2,98.00,0.20
2313,51001,1051,1,12.81,0.05
2314,51001,1076,1,247.18,0.05
2315,51001,1144,1,295.10,0.00
2316,51002,1002,3,180.07,0.00
2317,51002,1131,3,307.22,0.15
2318,51003,1138,1,56.66,0.00
2319,51003,1009,1,150.06,0.25
2320,51003,1092,1,441.66,0.10
2321,51004,1115,1,72.91,0.25
2322,51004,1059,1,82.51,0.20
2323,51004,1190,2,62.19,0.00
2324,51005,1034,2,158.41,0.00
2325,51006,1119,2,409.90,0.10
2326,51007,1091,2,323.50,0.15
2327,51008,1173,3,63.98,0.00
2328,51008,1098,2,202.57,0.05
2329,51009,1011,1,477.89,0.20
2330,51009,1155,2,290.18,0.00
2331,51009,1161,1,159.51,0.00
2332,51010,1028,1,389.59,0.15
2333,51010,1107,5,201.51,0.00
2334,51011,1026,1,236.41,0.05
2335,51012,1160,4,62.17,0.00
2336,51013,1019,2,519.62,0.00
2337,51013,1112,1,242.93,0.10
2338,51014,1026,1,243.21,0.15
2339,51014,1045,1,31.96,0.25
2340,51014,1195,1,167.45,0.20
2341,51015,1174,1,178.19,0.00
2342,51015,1038,1,390.07,0.00
2343,51016,1152,2,296.78,0.00
2344,51016,1007,1,41.39,0.00
2345,51017,1010,2,504.38,0.10
2346,51018,1175,1,118.88,0.05
2347,51018,1150,1,36.73,0.25
2348,51019,1158,1,265.41,0.05
2349,51020,1083,1,396.16,0.00
2350,51020,1114,1,222.12,0.05
2351,51020,1056,1,211.41,0.10
2352,51020,1174,1,175.53,0.10
2353,51021,1046,1,37.12,0.00
2354,51022,1116,1,39.80,0.15
2355,51022,1195,1,170.98,0.10
2356,51023,1183,2,70.90,0.05
2357,51024,1193,1,73.87,0.00
2358,51025,1009,2,154.67,0.10
2359,51026,1061,2,186.61,0.20
2360,51026,1138,1,54.53,0.00
2361,51026,1145,1,157.09,0.10
2362,51026,1174,1,174.02,0.05
2363,51027,1013,4,594.43,0.05
2364,51028,1156,1,314.59,0.05
2365,51028,1083,1,375.45,0.15
2366,51028,1027,2,180.26,0.15
2367,51029,1087,3,217.06,0.05
2368,51029,1100,1,440.19,0.05
2369,51030,1091,1,319.81,0.05
2370,51031,1135,2,238.36,0.00
2371,51031,1123,2,77.65,0.10
2372,51032,1187,1,139.71,0.00
2373,51032,1056,2,218.72,0.00
2374,51033,1137,1,242.85,0.05
2375,51033,1189,1,124.55,0.00
2376,51034,1057,1,131.22,0.10
2377,51035,1085,2,98.58,0.00
2378,51036,1116,1,40.69,0.00
2379,51037,1103,1,226.90,0.00
2380,51037,1167,1,144.08,0.15
2381,51038,1042,4,145.91,0.05
2382,51039,1003,1,459.26,0.15
2383,51039,1111,3,429.57,0.15
2384,51039,1020,1,516.65,0.15
2385,51039,1127,1,34.55,0.25
2386,51040,1130,3,97.86,0.15
2387,51040,1019,2,507.86,0.20
2388,51040,1023,1,71.05,0.20
2389,51040,1147,2,219.62,0.00
2390,51041,1044,1,259.06,0.00
2391,51041,1030,4,121.84,0.00
2392,51041,1100,1,462.67,0.00
2393,51042,1154,1,114.96,0.00
2394,51042,1092,1,449.85,0.20
2395,51042,1192,3,57.86,0.10
2396,51043,1083,2,399.69,0.00
2397,51044,1066,3,81.16,0.10
2398,51044,1127,1,33.79,0.15
2399,51044,1108,1,432.46,0.00
2400,51044,1046,2,35.91,0.00
2401,51045,1155,3,287.44,0.10
2402,51045,1063,1,10.33,0.15
2403,51045,1003,2,453.87,0.05
2404,51046,1187,1,140.07,0.10
2405,51047,1024,1,85.59,0.25
2406,51047,1108,1,445.99,0.05
2407,51047,1103,1,214.67,0.05
2408,51047,1131,1,304.38,0.00
2409,51048,1025,3,401.13,0.00
2410,51048,1177,2,168.17,0.20
2411,51048,1158,1,269.40,0.00
2412,51048,1135,3,224.81,0.05
2413,51049,1008,2,406.78,0.00
2414,51049,1041,2,144.03,0.00
2415,51049,1178,3,169.10,0.10
2416,51049,1072,1,74.54,0.25
2417,51049,1063,1,9.96,0.10
2418,51050,1017,1,328.29,0.10
2419,51050,1050,1,239.65,0.00
2420,51050,1120,2,259.98,0.20
2421,51051,1192,2,61.44,0.00
2422,51052,1109,1,249.23,0.00
2423,51052,1154,1,115.44,0.00
2424,51052,1045,1,32.64,0.15
2425,51052,1199,1,81.36,0.15
2426,51053,1173,1,60.89,0.05
2427,51053,1046,1,35.74,0.05
2428,51054,1188,1,70.26,0.00
2429,51054,1010,1,481.96,0.10
2430,51055,1089,1,49.13,0.05
2431,51056,1064,3,14.58,0.00
2432,51056,1146,1,10.85,0.15
2433,51056,1110,1,71.19,0.05
2434,51056,1155,2,281.20,0.00
2435,51057,1073,2,112.54,0.05
2436,51058,1028,2,408.92,0.00
2437,51058,1118,3,112.79,0.10
2438,51059,1184,4,49.37,0.00
2439,51060,1187,1,139.63,0.10
2440,51061,1164,2,62.26,0.20
2441,51061,1112,5,241.91,0.15
2442,51062,1035,1,202.50,0.25
2443,51062,1183,1,73.59,0.10
2444,51063,1175,5,116.58,0.00
2445,51063,1062,1,202.08,0.05
2446,51063,1138,2,56.24,0.15
2447,51063,1083,1,392.09,0.05
2448,51063,1181,2,131.52,0.05
2449,51064,1022,1,159.34,0.25
2450,51064,1006,1,148.71,0.25
2451,51064,1198,2,4.87,0.00
2452,51065,1195,1,165.71,0.00
2453,51065,1122,1,194.44,0.10
2454,51066,1097,2,113.68,0.05
2455,51066,1192,2,57.47,0.00
2456,51066,1190,1,59.56,0.05
2457,51067,1106,3,121.92,0.20
2458,51068,1127,4,35.65,0.10
2459,51069,1065,4,225.91,0.05
2460,51069,1008,1,400.52,0.20
2461,51070,1077,1,117.48,0.15
2462,51070,1023,2,69.22,0.10
2463,51071,1068,1,31.74,0.15
2464,51071,1088,2,362.09,0.00
2465,51072,1147,2,218.83,0.10
2466,51073,1129,2,35.84,0.25
2467,51073,1146,1,10.85,0.20
2468,51073,1152,1,299.61,0.05
2469,51074,1024,2,84.06,0.05
2470,51074,1131,2,304.06,0.05
2471,51075,1158,1,272.44,0.00
2472,51076,1071,1,121.42,0.00
2473,51076,1184,2,49.87,0.00
2474,51077,1040,1,175.25,0.00
2475,51077,1018,1,240.50,0.00
2476,51078,1129,1,34.35,0.00
2477,51078,1087,1,209.96,0.10
2478,51078,1043,1,101.77,0.20
2479,51079,1128,1,362.59,0.20
2480,51079,1123,1,80.56,0.00
2481,51079,1078,1,38.65,0.00
2482,51079,1025,4,387.97,0.00
2483,51080,1126,1,121.04,0.15
2484,51080,1141,1,255.56,0.00
2485,51080,1155,3,287.27,0.00
2486,51081,1159,1,144.68,0.15
2487,51081,1046,2,35.77,0.15
2488,51082,1177,2,167.61,0.05
2489,51083,1024,5,81.72,0.05
2490,51084,1017,1,341.56,0.00
2491,51084,1083,1,388.56,0.10
2492,51084,1058,1,220.74,0.25
2493,51084,1010,2,484.95,0.05
2494,51085,1084,2,113.06,0.00
2495,51085,1078,2,37.92,0.20
2496,51085,1031,3,598.63,0.00
2497,51086,1178,2,168.07,0.20
2498,51086,1192,3,60.77,0.10
2499,51086,1098,2,196.69,0.00
2500,51086,1165,2,141.01,0.05
2501,51086,1177,1,169.42,0.00
2502,51087,1159,2,153.56,0.00
2503,51087,1146,1,11.00,0.05
2504,51088,1142,1,220.25,0.00
2505,51088,1161,1,158.13,0.05
2506,51088,1117,3,271.06,0.10
2507,51089,1184,1,51.55,0.20
2508,51089,1012,2,212.22,0.20
2509,51090,1047,1,198.80,0.00
2510,51091,1088,2,350.45,0.20
2511,51091,1011,2,506.79,0.10
2512,51092,1085,2,98.10,0.05
2513,51092,1161,1,161.65,0.05
2514,51092,1091,3,325.42,0.10
2515,51092,1111,3,440.03,0.15
2516,51093,1036,5,149.82,0.15
2517,51093,1152,1,282.22,0.00
2518,51093,1006,3,148.03,0.15
2519,51093,1023,3,68.50,0.05
2520,51094,1134,1,213.54,0.00
2521,51094,1151,2,312.00,0.00
2522,51094,1196,2,158.06,0.05
2523,51095,1189,2,124.34,0.00
2524,51095,1105,1,175.83,0.00
2525,51095,1122,1,188.60,0.15
2526,51095,1056,2,218.51,0.10
2527,51096,1170,3,83.22,0.20
2528,51096,1137,2,243.11,0.15
2529,51096,1048,1,24.68,0.00
2530,51097,1175,3,118.57,0.05
2531,51097,1109,2,250.29,0.00
2532,51097,1125,1,237.98,0.00
2533,51098,1163,1,9.67,0.00
2534,51099,1126,2,121.87,0.00
2535,51099,1071,2,126.11,0.00
2536,51099,1138,1,56.48,0.25
2537,51100,1109,1,247.64,0.05
2538,51100,1066,2,80.93,0.00
2539,51101,1061,1,197.77,0.05
2540,51101,1185,1,5.40,0.15
2541,51102,1148,2,255.16,0.00
2542,51102,1122,1,184.46,0.05
2543,51102,1167,2,140.57,0.10
2544,51103,1022,5,153.23,0.15
2545,51103,1163,1,9.19,0.00
2546,51103,1130,3,98.84,0.00
2547,51104,1067,1,212.17,0.00
2548,51104,1070,1,192.14,0.10
2549,51105,1179,2,167.38,0.10
2550,51105,1077,1,115.42,0.25
2551,51106,1092,4,450.84,0.15
2552,51107,1082,1,110.42,0.00
2553,51107,1141,1,248.25,0.10
2554,51108,1006,1,154.11,0.05
2555,51108,1124,2,88.23,0.05
2556,51108,1088,1,360.69,0.00
2557,51109,1053,2,73.62,0.00
2558,51110,1170,1,85.17,0.00
2559,51110,1147,2,228.11,0.00
2560,51110,1122,1,185.14,0.10
2561,51111,1106,2,119.82,0.00
2562,51112,1178,1,172.86,0.05
2563,51112,1062,1,189.80,0.00
2564,51112,1077,1,113.60,0.00
2565,51112,1029,1,120.72,0.00
2566,51113,1120,1,263.59,0.00
2567,51113,1129,4,35.28,0.00
2568,51113,1087,1,212.39,0.10
2569,51113,1103,1,223.23,0.00
2570,51114,1125,4,230.70,0.05
2571,51114,1093,1,188.40,0.20
2572,51115,1120,1,276.18,0.25
2573,51115,1027,1,181.60,0.00
2574,51116,1090,2,194.60,0.25
2575,51117,1032,1,348.25,0.15
2576,51117,1119,1,396.30,0.10
2577,51118,1111,2,451.58,0.00
2578,51118,1180,2,23.77,0.10
2579,51119,1110,1,72.34,0.20
2580,51120,1137,1,231.22,0.00
2581,51121,1080,1,65.83,0.05
2582,51121,1043,3,109.44,0.00
2583,51121,1127,2,35.29,0.05
2584,51121,1163,2,9.63,0.25
2585,51122,1094,2,386.48,0.00
2586,51123,1061,2,199.89,0.10
2587,51123,1187,2,130.97,0.05
2588,51123,1121,2,151.20,0.20
2589,51124,1043,2,102.33,0.00
2590,51124,1083,1,391.94,0.05
2591,51124,1041,5,148.70,0.15
2592,51125,1055,1,121.92,0.00
2593,51125,1047,4,193.85,0.00
2594,51126,1176,1,178.79,0.05
2595,51126,1087,2,210.45,0.15
2596,51126,1037,2,529.46,0.25
2597,51126,1015,1,512.17,0.20
2598,51126,1053,2,72.06,0.20
2599,51127,1025,1,388.74,0.20
2600,51128,1124,2,87.58,0.05
2601,51128,1012,2,219.50,0.25
2602,51129,1124,3,92.15,0.00
2603,51129,1177,1,164.59,0.00
2604,51130,1148,1,270.11,0.10
2605,51130,1057,1,128.03,0.00
2606,51131,1176,1,179.27,0.00
2607,51131,1193,3,77.21,0.05
2608,51132,1170,2,86.21,0.10
2609,51132,1030,1,114.86,0.25
2610,51133,1003,1,434.76,0.00
2611,51133,1119,1,404.34,0.10
2612,51134,1147,2,231.27,0.05
2613,51135,1155,5,281.70,0.15
2614,51135,1060,3,152.30,0.15
2615,51135,1051,2,12.25,0.00
2616,51135,1198,1,5.19,0.15
2617,51136,1032,2,339.84,0.20
2618,51136,1007,2,39.13,0.05
2619,51136,1042,1,151.16,0.00
2620,51137,1021,1,424.81,0.05
2621,51137,1125,3,245.87,0.00
2622,51137,1180,1,24.76,0.10
2623,51137,1007,1,38.95,0.00
2624,51138,1196,1,167.76,0.05
2625,51138,1104,1,181.81,0.00
2626,51139,1058,1,230.50,0.05
2627,51140,1088,1,349.78,0.05
2628,51141,1089,1,47.52,0.00
2629,51141,1100,1,448.06,0.15
2630,51142,1148,1,257.97,0.05
2631,51143,1117,1,273.74,0.00
2632,51143,1039,1,540.65,0.25
2633,51144,1107,3,205.47,0.10
2634,51144,1003,2,463.62,0.25
2635,51145,1160,3,64.47,0.20
2636,51145,1197,1,57.09,0.00
2637,51146,1195,2,163.53,0.05
2638,51146,1114,1,226.16,0.00
2639,51146,1018,2,236.30,0.10
2640,51146,1172,1,9.17,0.20
2641,51147,1158,2,269.29,0.00
2642,51148,1079,1,91.18,0.00
2643,51149,1143,1,182.40,0.00
2644,51149,1087,1,216.70,0.15
2645,51149,1074,2,142.59,0.00
2646,51149,1137,1,244.28,0.20
2647,51150,1034,1,150.81,0.05
2648,51150,1094,5,386.09,0.05
2649,51151,1034,1,161.56,0.20
2650,51151,1044,1,257.38,0.10
2651,51152,1170,3,86.00,0.15
2652,51152,1034,1,161.53,0.05
2653,51152,1139,3,47.13,0.00
2654,51153,1171,2,141.99,0.00
2655,51154,1021,2,419.08,0.05
2656,51155,1168,1,162.52,0.00
2657,51155,1193,1,74.04,0.00
2658,51155,1001,1,396.42,0.25
2659,51156,1200,1,121.30,0.05
2660,51156,1026,1,231.59,0.00
2661,51156,1092,3,439.34,0.05
2662,51157,1061,1,191.42,0.10
2663,51157,1177,1,163.26,0.00
2664,51158,1069,2,26.27,0.10
2665,51158,1190,2,59.75,0.00
2666,51159,1186,2,96.26,0.00
2667,51160,1194,1,27.48,0.00
2668,51160,1123,1,82.23,0.20
2669,51160,1150,3,36.46,0.00
2670,51160,1088,3,373.14,0.10
2671,51161,1080,3,64.18,0.15
2672,51162,1140,2,99.96,0.10
2673,51162,1061,4,200.22,0.20
2674,51163,1044,1,243.25,0.00
2675,51163,1193,2,74.47,0.00
2676,51164,1104,2,188.62,0.00
2677,51165,1137,2,238.20,0.00
2678,51166,1178,4,179.48,0.00
2679,51166,1200,1,116.26,0.00
2680,51167,1162,5,151.74,0.10
2681,51168,1047,1,206.69,0.00
2682,51169,1136,1,294.75,0.00
2683,51169,1189,2,122.57,0.15
2684,51170,1022,3,150.05,0.00
2685,51170,1091,1,340.32,0.10
2686,51170,1064,1,15.00,0.05
2687,51171,1166,1,146.31,0.05
2688,51171,1080,3,66.30,0.00
2689,51172,1186,2,101.09,0.05
2690,51172,1181,1,136.35,0.20
2691,51173,1055,2,120.52,0.15
2692,51174,1131,1,302.59,0.00
2693,51175,1109,1,251.83,0.00
2694,51175,1080,2,65.43,0.00
2695,51175,1026,3,231.33,0.00
2696,51175,1046,1,35.81,0.00
2697,51175,1040,1,173.74,0.00
2698,51176,1069,5,25.66,0.00
2699,51176,1163,3,9.58,0.10
2700,51177,1023,1,70.94,0.15
2701,51177,1034,4,160.09,0.00
2702,51178,1066,5,84.58,0.20
2703,51178,1196,1,165.49,0.15
2704,51179,1005,1,265.69,0.15
2705,51179,1111,1,442.00,0.05
2706,51180,1081,1,36.90,0.10
2707,51180,1011,1,482.82,0.10
2708,51180,1075,2,58.10,0.00
2709,51180,1040,1,173.28,0.25
2710,51181,1073,2,110.81,0.00
2711,51182,1101,1,427.23,0.05
2712,51182,1169,1,43.96,0.10
2713,51182,1030,2,115.04,0.15
2714,51183,1138,1,54.22,0.00
2715,51183,1195,1,164.89,0.05
2716,51183,1042,3,152.99,0.25
2717,51184,1054,1,36.13,0.05
2718,51185,1114,2,230.31,0.25
2719,51185,1134,1,220.44,0.00
2720,51186,1112,1,250.68,0.05
2721,51186,1098,1,203.18,0.15
2722,51187,1094,1,382.34,0.20
2723,51187,1103,1,213.13,0.10
2724,51188,1110,2,75.08,0.05
2725,51188,1085,1,101.76,0.00
2726,51188,1195,1,170.34,0.00
2727,51188,1055,2,122.12,0.00
2728,51188,1062,1,196.56,0.00
2729,51189,1083,2,402.94,0.00
2730,51189,1007,5,40.28,0.10
2731,51190,1162,1,147.01,0.00
2732,51190,1118,1,108.72,0.00
2733,51191,1075,1,58.82,0.10
2734,51191,1058,1,220.19,0.10
2735,51192,1194,1,27.31,0.05
2736,51193,1116,1,40.34,0.00
2737,51193,1200,1,115.14,0.00
2738,51194,1027,1,179.42,0.00
2739,51194,1048,1,26.10,0.15
2740,51194,1093,1,189.50,0.20
2741,51194,1021,1,415.31,0.05
2742,51194,1169,1,44.08,0.00
2743,51195,1073,1,108.52,0.25
2744,51195,1078,2,37.94,0.05
2745,51195,1040,3,172.93,0.00
2746,51196,1029,3,118.78,0.00
2747,51197,1024,3,80.58,0.00
2748,51197,1129,2,35.75,0.00
2749,51197,1146,1,11.61,0.25
2750,51198,1199,1,83.24,0.00
2751,51198,1055,1,115.02,0.15
2752,51199,1088,1,358.94,0.00
2753,51199,1022,3,158.14,0.00
2754,51199,1179,1,173.47,0.05
2755,51199,1181,2,130.11,0.00
2756,51200,1051,1,13.08,0.00
2757,51201,1121,2,151.99,0.00
2758,51201,1154,1,118.10,0.20
2759,51201,1069,1,26.86,0.10
2760,51202,1101,1,425.24,0.10
2761,51202,1192,4,57.09,0.15
2762,51202,1158,1,267.93,0.15
2763,51203,1102,3,369.85,0.25
2764,51203,1062,2,199.14,0.00
2765,51203,1023,2,68.98,0.00
2766,51203,1176,1,182.79,0.00
2767,51204,1097,3,117.01,0.05
2768,51204,1199,1,80.02,0.20
2769,51204,1163,1,9.57,0.00
2770,51204,1150,1,36.70,0.15
2771,51205,1080,1,63.67,0.25
2772,51205,1153,1,60.48,0.00
2773,51206,1072,1,72.40,0.20
2774,51206,1158,3,271.59,0.10
2775,51206,1007,1,39.38,0.00
2776,51206,1044,2,245.48,0.05
2777,51206,1024,1,84.42,0.00
2778,51207,1001,1,396.35,0.15
2779,51207,1194,2,27.03,0.05
2780,51208,1146,2,11.38,0.00
2781,51208,1078,1,39.72,0.00
2782,51209,1123,2,78.74,0.05
2783,51210,1156,1,303.85,0.00
2784,51210,1100,1,454.76,0.05
2785,51211,1101,3,438.20,0.00
2786,51211,1179,3,176.91,0.00
2787,51212,1060,2,152.87,0.10
2788,51213,1039,1,565.57,0.20
2789,51213,1093,1,190.42,0.00
2790,51213,1083,1,373.52,0.00
2791,51214,1150,1,34.89,0.00
2792,51214,1118,2,110.75,0.05
2793,51215,1078,2,38.65,0.05
2794,51216,1056,1,216.04,0.00
2795,51217,1035,1,201.66,0.00
2796,51217,1036,2,145.12,0.00
2797,51218,1106,1,119.24,0.10
2798,51219,1071,3,120.57,0.15
2799,51219,1004,2,547.17,0.10
2800,51220,1045,1,31.21,0.15
2801,51220,1098,2,207.78,0.00
2802,51220,1155,1,273.61,0.10
2803,51220,1062,2,193.06,0.10
2804,51221,1030,1,118.26,0.25
2805,51221,1020,1,513.00,0.15
2806,51221,1080,3,64.28,0.00
2807,51221,1057,2,133.07,0.00
2808,51222,1177,1,172.48,0.25
2809,51222,1039,4,549.45,0.00
2810,51223,1019,2,488.87,0.00
2811,51223,1138,2,56.06,0.25
2812,51224,1089,2,48.68,0.00
2813,51224,1018,2,238.18,0.00
2814,51225,1168,3,152.64,0.00
2815,51225,1119,4,394.49,0.15
2816,51226,1009,2,147.70,0.00
2817,51226,1191,2,127.18,0.05
2818,51226,1131,4,317.87,0.00
2819,51226,1180,1,24.71,0.10
2820,51226,1038,1,392.32,0.00
2821,51227,1035,1,208.32,0.15
2822,51228,1126,1,121.15,0.10
2823,51228,1157,1,92.24,0.10
2824,51228,1179,1,171.11,0.10
2825,51229,1182,3,108.49,0.00
2826,51229,1033,1,489.69,0.05
2827,51229,1110,1,72.83,0.00
2828,51230,1164,5,62.28,0.00
2829,51230,1071,1,123.42,0.05
2830,51230,1051,3,12.82,0.15
2831,51231,1121,1,149.47,0.15
2832,51231,1187,1,132.45,0.00
2833,51231,1174,4,172.67,0.05
2834,51232,1142,1,228.45,0.05
2835,51232,1008,1,401.23,0.05
2836,51232,1026,2,238.15,0.10
2837,51233,1105,1,176.68,0.00
2838,51233,1158,1,267.81,0.00
2839,51233,1147,1,221.99,0.00
2840,51233,1181,2,137.58,0.20
2841,51233,1107,1,213.08,0.00
2842,51234,1180,1,23.79,0.20
2843,51234,1183,2,73.43,0.10
2844,51234,1079,1,88.27,0.00
2845,51235,1142,1,220.60,0.25
2846,51235,1138,1,56.05,0.25
2847,51235,1046,1,37.51,0.00
2848,51236,1018,3,235.50,0.10
2849,51236,1080,3,64.54,0.10
2850,51237,1114,2,237.60,0.00
2851,51237,1127,2,35.45,0.25
2852,51238,1114,1,237.87,0.00
2853,51238,1065,2,227.82,0.00
2854,51238,1084,1,110.60,0.20
2855,51238,1197,2,55.87,0.00
2856,51238,1175,4,114.14,0.00
2857,51239,1051,2,12.32,0.10
2858,51239,1070,2,199.82,0.10
2859,51239,1118,2,105.34,0.25
2860,51239,1111,1,432.26,0.00
2861,51240,1085,4,103.65,0.15
2862,51240,1179,1,173.73,0.05
2863,51240,1101,1,436.86,0.00
2864,51241,1198,2,5.18,0.25
2865,51242,1150,3,36.84,0.10
2866,51242,1157,1,93.15,0.05
2867,51243,1116,1,40.28,0.15
2868,51243,1104,1,185.72,0.00
2869,51243,1149,1,153.60,0.05
2870,51243,1044,2,240.05,0.15
2871,51243,1191,1,129.29,0.10
2872,51244,1147,1,233.06,0.05
2873,51244,1110,2,76.37,0.05
2874,51245,1079,2,91.06,0.25
2875,51246,1164,1,63.77,0.05
2876,51246,1050,1,240.88,0.00
2877,51246,1081,1,37.22,0.05
2878,51246,1169,1,43.00,0.00
2879,51247,1036,1,142.32,0.00
2880,51247,1175,2,119.24,0.15
2881,51247,1101,1,434.47,0.00
2882,51248,1075,2,57.49,0.00
2883,51248,1109,1,249.43,0.00
2884,51249,1080,1,67.49,0.00
2885,51250,1004,1,548.11,0.00
2886,51250,1108,1,443.74,0.20
2887,51250,1084,1,108.58,0.10
2888,51251,1066,1,82.62,0.20
2889,51252,1128,2,352.43,0.10
2890,51252,1125,4,232.96,0.10
2891,51253,1178,3,173.43,0.00
2892,51253,1190,2,61.47,0.00
2893,51254,1096,2,191.20,0.05
2894,51254,1087,2,214.16,0.20
2895,51255,1080,2,65.01,0.10
2896,51256,1060,2,160.39,0.10
2897,51256,1151,1,328.00,0.15
2898,51256,1189,2,117.48,0.15
2899,51257,1038,1,406.78,0.05
2900,51258,1189,1,120.71,0.00
2901,51258,1139,1,45.07,0.05
2902,51259,1181,1,132.53,0.00
2903,51260,1166,1,149.17,0.00
2904,51260,1110,3,72.95,0.00
2905,51260,1068,1,30.68,0.10
2906,51261,1118,3,114.00,0.00
2907,51261,1199,3,80.32,0.10
2908,51262,1038,3,407.89,0.00
2909,51263,1020,1,515.78,0.10
2910,51263,1166,1,141.13,0.00
2911,51263,1133,2,304.36,0.05
2912,51263,1109,1,251.75,0.15
2913,51264,1195,1,167.67,0.25
2914,51264,1196,2,159.99,0.15
2915,51264,1068,2,29.54,0.10
2916,51264,1035,4,207.32,0.15
2917,51265,1094,1,376.12,0.20
2918,51265,1044,1,245.12,0.00
2919,51265,1011,1,506.91,0.25
2920,51265,1123,1,78.68,0.10
2921,51266,1147,4,218.48,0.05
2922,51267,1074,1,141.51,0.20
2923,51267,1145,1,156.27,0.00
2924,51268,1178,2,180.93,0.10
2925,51268,1168,3,156.65,0.10
2926,51269,1175,2,118.84,0.00
2927,51269,1158,1,273.14,0.00
2928,51269,1196,2,159.22,0.00
2929,51270,1157,2,97.09,0.00
2930,51270,1197,2,58.98,0.10
2931,51270,1059,1,79.12,0.10
2932,51270,1114,1,236.41,0.15
2933,51271,1093,2,182.56,0.05
2934,51271,1134,1,219.51,0.00
2935,51271,1077,1,119.34,0.15
2936,51272,1007,2,40.51,0.05
2937,51273,1028,1,412.34,0.20
2938,51273,1025,1,399.91,0.15
2939,51273,1030,4,116.58,0.10
2940,51274,1106,2,118.61,0.10
2941,51274,1031,2,579.66,0.00
2942,51274,1129,4,35.00,0.20
2943,51275,1127,4,33.30,0.15
2944,51275,1170,1,87.78,0.15
2945,51276,1156,1,310.71,0.00
2946,51276,1187,1,132.12,0.05
2947,51276,1139,1,47.21,0.20
2948,51277,1013,1,559.02,0.15
2949,51277,1070,1,192.96,0.20
2950,51278,1067,2,228.96,0.00
2951,51278,1116,1,42.01,0.20
2952,51279,1112,2,237.69,0.10
2953,51279,1047,1,198.13,0.00
2954,51279,1179,2,168.04,0.15
2955,51279,1117,3,270.39,0.15
2956,51279,1086,1,412.62,0.10
2957,51280,1103,2,224.67,0.00
2958,51280,1035,3,214.09,0.15
2959,51281,1027,1,180.45,0.15
2960,51281,1097,1,119.29,0.25
2961,51281,1009,1,156.42,0.20
2962,51281,1034,1,155.62,0.20
2963,51281,1181,1,136.45,0.00
2964,51282,1143,2,181.82,0.05
2965,51282,1125,1,245.65,0.00
2966,51282,1139,3,45.76,0.05
2967,51282,1195,1,168.65,0.10
2968,51283,1044,3,249.88,0.05
2969,51284,1156,1,315.67,0.00
2970,51284,1135,2,232.96,0.00
2971,51284,1195,3,167.23,0.00
2972,51284,1080,1,63.77,0.10
2973,51285,1005,1,266.17,0.00
2974,51286,1139,2,47.42,0.00
2975,51287,1130,5,100.03,0.05
2976,51288,1163,1,9.62,0.15
2977,51289,1034,1,151.13,0.20
2978,51289,1116,2,40.55,0.00
2979,51289,1128,1,348.42,0.10
2980,51289,1165,2,141.05,0.05
2981,51289,1183,3,74.21,0.20
2982,51290,1085,1,102.16,0.10
2983,51290,1088,1,366.64,0.05
2984,51290,1087,3,214.62,0.00
2985,51290,1075,1,57.89,0.25
2986,51290,1106,1,127.49,0.00
2987,51291,1088,1,377.90,0.05
2988,51291,1098,4,198.38,0.10
2989,51291,1156,1,308.77,0.00
2990,51291,1003,1,460.96,0.25
2991,51292,1109,2,247.51,0.00
2992,51292,1042,3,152.43,0.00
2993,51292,1062,1,193.32,0.05
2994,51293,1148,1,271.35,0.05
2995,51293,1131,3,306.42,0.05
2996,51293,1008,1,396.27,0.10
2997,51293,1178,1,180.24,0.15
2998,51293,1031,1,595.92,0.00
2999,51294,1034,2,156.59,0.05
3000,51294,1163,1,9.71,0.20
3001,51295,1076,4,245.67,0.00
3002,51295,1091,2,341.99,0.00
3003,51296,1094,3,390.28,0.10
3004,51296,1074,4,141.55,0.00
3005,51297,1166,2,141.88,0.10
3006,51297,1129,1,33.70,0.10
3007,51297,1042,1,147.89,0.20
3008,51298,1122,2,193.48,0.05
3009,51298,1162,1,149.60,0.05
3010,51298,1099,1,241.03,0.15
3011,51299,1075,3,59.61,0.05
3012,51299,1165,1,148.85,0.00
3013,51300,1150,1,34.23,0.20
3014,51300,1146,1,11.58,0.00
3015,51301,1053,4,76.87,0.00
3016,51301,1078,1,38.62,0.00
3017,51301,1190,1,61.22,0.10
3018,51302,1007,2,40.64,0.20
3019,51303,1079,1,92.00,0.25
3020,51303,1144,1,298.75,0.05
3021,51304,1147,1,227.99,0.10
3022,51305,1179,1,179.81,0.00
3023,51305,1053,1,76.19,0.00
3024,51306,1056,1,213.42,0.05
3025,51306,1177,2,166.53,0.00
3026,51306,1141,3,246.11,0.10
3027,51306,1145,2,148.14,0.20
3028,51307,1101,1,443.72,0.05
3029,51307,1089,2,46.80,0.10
3030,51308,1101,1,425.59,0.05
3031,51309,1113,2,30.62,0.00
3032,51309,1008,1,384.66,0.20
3033,51309,1049,1,251.21,0.05
3034,51310,1177,1,162.99,0.00
3035,51311,1017,1,325.27,0.00
3036,51311,1071,1,127.49,0.15
3037,51311,1168,1,162.54,0.15
3038,51311,1013,1,592.97,0.05
3039,51312,1188,3,68.70,0.00
3040,51312,1002,3,180.58,0.05
3041,51313,1148,4,270.81,0.05
3042,51313,1108,1,439.66,0.05
3043,51313,1007,1,41.58,0.05
3044,51314,1005,1,271.78,0.05
3045,51315,1069,1,25.73,0.00
3046,51315,1026,1,237.04,0.00
3047,51315,1101,1,434.19,0.00
3048,51315,1060,1,154.38,0.00
3049,51316,1046,1,35.77,0.00
3050,51316,1140,1,99.06,0.05
3051,51317,1020,1,530.83,0.00
3052,51317,1023,1,69.97,0.10
3053,51317,1133,1,289.96,0.00
3054,51317,1156,2,315.65,0.00
3055,51318,1174,1,176.80,0.00
3056,51319,1002,3,177.17,0.25
3057,51320,1151,3,322.09,0.10
3058,51320,1121,2,155.31,0.15
3059,51321,1006,1,154.11,0.15
3060,51321,1150,1,36.77,0.00
3061,51321,1050,1,234.69,0.05
3062,51322,1191,4,134.24,0.00
3063,51323,1182,1,108.26,0.25
3064,51323,1032,1,348.37,0.00
3065,51324,1091,1,320.70,0.00
3066,51324,1112,1,244.60,0.20
3067,51324,1034,3,161.56,0.10
3068,51325,1048,1,24.48,0.05
3069,51325,1060,1,152.75,0.00
3070,51326,1073,1,110.70,0.00
3071,51326,1163,2,9.00,0.00
3072,51326,1168,5,163.26,0.05
3073,51327,1164,2,64.51,0.15
3074,51327,1063,3,10.46,0.00
3075,51327,1081,1,35.62,0.05
3076,51328,1169,1,42.66,0.20
3077,51328,1054,1,37.17,0.25
3078,51329,1120,2,264.76,0.20
3079,51329,1010,4,489.94,0.05
3080,51329,1173,1,62.03,0.00
3081,51329,1134,4,213.75,0.00
3082,51330,1197,1,59.60,0.00
3083,51331,1128,5,354.20,0.25
3084,51332,1144,2,293.88,0.00
3085,51332,1031,4,577.67,0.25
3086,51333,1106,1,122.33,0.20
3087,51333,1187,3,135.37,0.00
3088,51333,1005,2,278.26,0.05
3089,51334,1001,2,400.37,0.00
3090,51334,1004,2,542.03,0.25
3091,51334,1049,1,255.26,0.05
3092,51335,1193,1,78.22,0.20
3093,51335,1181,1,132.55,0.10
3094,51336,1176,1,181.68,0.15
3095,51336,1046,2,35.65,0.00
3096,51336,1158,1,267.16,0.05
3097,51336,1105,1,170.53,0.15
3098,51337,1001,1,387.45,0.00
3099,51337,1011,1,476.08,0.25
3100,51338,1089,1,46.24,0.20
3101,51338,1044,2,259.37,0.05
3102,51338,1096,2,189.01,0.15
3103,51338,1114,2,223.78,0.00
3104,51339,1032,1,346.85,0.05
3105,51339,1033,2,513.45,0.00
3106,51340,1035,1,201.94,0.25
3107,51341,1057,1,132.75,0.00
3108,51341,1128,1,358.13,0.10
3109,51341,1173,3,63.62,0.10
3110,51341,1046,1,36.45,0.10
3111,51342,1069,1,27.43,0.00
3112,51342,1051,1,12.89,0.20
3113,51343,1141,1,248.28,0.00
3114,51343,1161,1,158.95,0.10
3115,51343,1004,2,546.05,0.00
3116,51344,1092,3,430.34,0.00
3117,51344,1079,2,91.43,0.00
3118,51344,1078,2,37.97,0.00
3119,51344,1187,1,137.14,0.10
3120,51345,1135,1,234.27,0.10
3121,51345,1143,2,181.93,0.10
3122,51345,1055,1,116.20,0.00
3123,51345,1163,2,8.98,0.00
3124,51345,1147,2,224.34,0.10
3125,51346,1189,1,122.58,0.15
3126,51346,1167,1,142.31,0.25
3127,51347,1092,2,456.79,0.00
3128,51347,1186,1,96.73,0.00
3129,51348,1174,1,175.22,0.25
3130,51348,1114,1,230.67,0.10
3131,51349,1107,2,210.02,0.00
3132,51349,1093,1,184.37,0.00
3133,51349,1112,1,250.98,0.00
3134,51350,1048,1,26.09,0.05
3135,51350,1044,2,251.37,0.00
3136,51350,1187,2,129.50,0.00
3137,51351,1191,1,128.96,0.20
3138,51352,1124,5,93.30,0.15
3139,51353,1198,2,5.02,0.20
3140,51353,1182,1,109.18,0.15
3141,51354,1055,4,116.36,0.05
3142,51354,1177,1,163.37,0.15
3143,51355,1089,1,47.91,0.15
3144,51355,1023,1,70.59,0.00
3145,51356,1012,2,218.93,0.00
3146,51357,1131,3,313.08,0.15
3147,51358,1199,3,79.32,0.05
3148,51359,1061,1,185.36,0.05
3149,51359,1130,1,103.12,0.05
3150,51360,1113,1,31.01,0.10
3151,51360,1071,2,127.86,0.05
3152,51361,1104,5,184.21,0.05
3153,51361,1179,1,179.35,0.00
3154,51361,1081,2,37.00,0.00
3155,51362,1140,1,104.37,0.05
3156,51363,1151,1,326.34,0.00
3157,51364,1091,1,326.14,0.00
3158,51364,1120,2,272.88,0.00
3159,51364,1025,1,392.65,0.05
3160,51364,1139,1,46.02,0.15
3161,51365,1137,1,234.29,0.10
3162,51365,1113,1,29.24,0.00
3163,51366,1180,1,24.86,0.00
3164,51366,1026,2,229.75,0.25
3165,51366,1154,4,110.60,0.20
3166,51366,1109,3,258.54,0.00
3167,51367,1090,1,192.70,0.05
3168,51367,1099,1,242.02,0.10
3169,51368,1019,1,485.58,0.25
3170,51368,1110,1,75.84,0.00
3171,51368,1082,1,103.64,0.10
3172,51369,1092,2,451.65,0.15
3173,51370,1170,2,85.93,0.10
3174,51370,1088,2,378.81,0.15
3175,51371,1089,1,46.75,0.00
3176,51371,1042,1,149.36,0.05
3177,51372,1105,2,176.30,0.05
3178,51372,1011,1,470.31,0.15
3179,51372,1139,1,46.63,0.00
3180,51373,1009,4,148.86,0.00
3181,51373,1106,2,120.27,0.10
3182,51373,1034,1,160.88,0.05
3183,51373,1178,1,171.43,0.10
3184,51374,1167,3,139.12,0.15
3185,51374,1114,2,231.10,0.00
3186,51375,1162,1,152.64,0.10
3187,51375,1103,1,221.44,0.10
3188,51376,1195,1,164.64,0.10
3189,51377,1141,1,257.05,0.00
3190,51377,1153,1,58.70,0.05
3191,51377,1162,1,149.05,0.00
3192,51377,1173,1,61.77,0.20
3193,51378,1052,1,171.41,0.10
3194,51379,1015,2,492.16,0.00
3195,51379,1087,2,210.65,0.00
3196,51380,1160,1,60.68,0.10
3197,51380,1059,1,82.31,0.20
3198,51380,1074,4,140.31,0.20
3199,51380,1170,3,83.68,0.00
3200,51380,1039,3,568.87,0.10
3201,51381,1124,1,92.53,0.00
3202,51381,1152,2,284.28,0.00
3203,51381,1196,4,158.39,0.00
3204,51382,1146,3,10.91,0.05
3205,51382,1099,5,250.28,0.10
3206,51382,1039,2,564.56,0.10
3207,51383,1197,1,57.77,0.05
3208,51383,1180,1,24.46,0.05
3209,51384,1084,1,110.61,0.05
3210,51384,1030,1,115.98,0.00
3211,51385,1002,1,182.74,0.00
3212,51385,1068,1,29.45,0.00
3213,51386,1015,1,494.78,0.15
3214,51386,1161,1,161.45,0.05
3215,51386,1121,2,147.69,0.15
3216,51387,1022,2,153.09,0.00
3217,51387,1066,3,80.55,0.00
3218,51388,1119,1,391.70,0.00
3219,51388,1080,2,67.06,0.00
3220,51389,1043,1,102.41,0.15
3221,51389,1160,2,64.01,0.00
3222,51389,1111,1,439.56,0.05
3223,51389,1158,2,276.18,0.00
3224,51390,1182,5,113.84,0.00
3225,51391,1074,3,144.48,0.00
3226,51391,1150,1,34.63,0.00
3227,51392,1176,5,179.98,0.20
3228,51392,1031,3,595.19,0.15
3229,51393,1057,1,133.88,0.25
3230,51393,1104,1,176.31,0.10
3231,51394,1176,2,182.75,0.15
3232,51394,1166,1,151.17,0.05
3233,51394,1138,1,56.95,0.15
3234,51394,1033,1,499.91,0.15
3235,51394,1031,2,579.61,0.00
3236,51395,1070,1,189.64,0.00
3237,51395,1140,1,106.00,0.00
3238,51396,1090,4,188.56,0.00
3239,51396,1026,1,232.81,0.05
3240,51396,1040,1,180.96,0.00
3241,51397,1025,2,393.00,0.25
3242,51397,1022,1,157.61,0.20
3243,51397,1177,1,171.03,0.05
3244,51397,1106,2,127.17,0.00
3245,51398,1127,1,34.85,0.00
3246,51398,1122,1,181.32,0.15
3247,51399,1143,1,176.77,0.05
3248,51400,1004,3,553.04,0.00
3249,51400,1174,3,167.70,0.00
3250,51401,1051,1,12.51,0.10
3251,51402,1199,2,79.02,0.10
3252,51402,1065,2,222.71,0.25
3253,51402,1118,1,113.23,0.00
3254,51402,1181,2,127.48,0.05
3255,51403,1173,1,60.18,0.00
3256,51404,1100,2,466.98,0.20
3257,51404,1146,3,11.32,0.05
3258,51405,1126,1,113.91,0.10
3259,51406,1047,2,205.70,0.00
3260,51407,1194,1,27.66,0.05
3261,51408,1050,3,234.33,0.00
3262,51408,1106,1,121.99,0.05
3263,51408,1071,1,127.07,0.20
3264,51408,1070,2,198.58,0.15
3265,51409,1163,2,9.23,0.15
3266,51409,1068,2,29.92,0.15
3267,51409,1114,3,235.42,0.10
3268,51410,1154,1,116.88,0.10
3269,51410,1166,2,148.19,0.00
3270,51411,1009,1,148.47,0.00
3271,51411,1198,2,5.02,0.05
3272,51411,1124,1,92.77,0.00
3273,51411,1135,1,230.12,0.25
3274,51412,1099,1,256.10,0.10
3275,51413,1137,2,234.27,0.00
3276,51413,1116,1,40.31,0.00
3277,51414,1147,2,222.35,0.00
3278,51415,1161,1,150.62,0.15
3279,51416,1145,1,154.25,0.25
3280,51416,1163,3,8.98,0.00
3281,51417,1089,2,49.16,0.10
3282,51418,1111,1,435.41,0.10
3283,51418,1194,3,27.37,0.20
3284,51419,1146,1,10.99,0.10
3285,51419,1029,2,127.99,0.25
3286,51419,1033,1,519.28,0.00
3287,51419,1049,3,249.03,0.20
3288,51420,1012,2,225.12,0.15
3289,51421,1175,1,119.42,0.05
3290,51421,1166,1,141.13,0.00
3291,51421,1078,3,38.58,0.00
3292,51422,1123,1,76.33,0.00
3293,51422,1048,1,26.00,0.05
3294,51422,1132,2,138.74,0.15
3295,51423,1069,5,27.44,0.05
3296,51423,1067,2,227.80,0.25
3297,51424,1112,1,248.63,0.15
3298,51424,1002,1,181.11,0.00
3299,51424,1183,3,69.73,0.00
3300,51424,1088,4,368.96,0.05
3301,51425,1103,1,212.32,0.00
3302,51425,1091,1,333.20,0.00
3303,51426,1161,1,162.27,0.00
3304,51426,1156,1,306.24,0.00
3305,51426,1092,4,430.19,0.00
3306,51426,1056,5,226.44,0.20
3307,51427,1015,1,510.19,0.20
3308,51427,1089,1,49.12,0.05
3309,51427,1077,1,112.42,0.15
3310,51427,1136,4,279.77,0.15
3311,51428,1174,2,179.37,0.05
3312,51428,1049,1,241.73,0.00
3313,51429,1199,2,77.53,0.20
3314,51429,1136,2,281.92,0.20
3315,51429,1135,1,230.92,0.10
3316,51430,1087,2,215.56,0.00
3317,51430,1004,2,554.56,0.15
3318,51430,1182,2,111.18,0.00
3319,51431,1106,2,121.65,0.15
3320,51432,1020,1,529.30,0.20
3321,51432,1016,1,482.44,0.20
3322,51433,1033,1,523.97,0.10
3323,51433,1056,3,215.77,0.10
3324,51433,1132,2,130.40,0.00
3325,51434,1177,1,174.74,0.20
3326,51434,1189,3,117.41,0.05
3327,51435,1151,1,305.40,0.00
3328,51435,1057,1,129.59,0.10
3329,51436,1102,2,396.20,0.15
3330,51436,1093,4,187.02,0.00
3331,51436,1051,1,13.17,0.10
3332,51437,1091,4,339.66,0.00
3333,51437,1092,1,431.87,0.00
3334,51437,1160,5,64.83,0.10
3335,51438,1157,1,91.11,0.25
3336,51439,1023,1,69.91,0.05
3337,51440,1143,1,169.71,0.20
3338,51441,1023,1,70.15,0.15
3339,51442,1073,1,112.54,0.00
3340,51443,1172,3,9.17,0.10
3341,51444,1106,1,120.54,0.20
3342,51444,1198,3,5.19,0.10
3343,51444,1116,1,40.00,0.10
3344,51445,1187,3,132.76,0.15
3345,51446,1141,3,249.97,0.10
3346,51446,1122,1,186.07,0.05
3347,51446,1114,1,236.68,0.00
3348,51447,1168,1,154.84,0.20
3349,51447,1037,2,541.28,0.10
3350,51448,1133,2,294.36,0.15
3351,51448,1017,2,341.08,0.00
3352,51448,1032,2,348.84,0.20
3353,51449,1054,1,37.38,0.15
3354,51450,1084,4,113.46,0.00
3355,51450,1127,1,35.49,0.20
3356,51450,1129,2,34.77,0.00
3357,51450,1063,3,10.48,0.25
3358,51450,1014,3,78.08,0.00
3359,51451,1102,2,382.03,0.05
3360,51452,1106,1,127.57,0.00
3361,51453,1111,1,422.12,0.00
3362,51453,1114,1,225.58,0.10
3363,51453,1065,1,229.21,0.00
3364,51454,1082,2,111.06,0.20
3365,51454,1013,3,585.05,0.05
3366,51454,1140,4,105.88,0.05
3367,51454,1023,5,69.10,0.05
3368,51455,1001,1,407.80,0.25
3369,51455,1103,5,225.30,0.05
3370,51456,1168,3,156.45,0.10
3371,51456,1200,1,122.89,0.05
3372,51456,1076,2,245.88,0.10
3373,51456,1149,1,150.60,0.00
3374,51457,1185,1,5.12,0.10
3375,51457,1094,1,400.54,0.00
3376,51457,1032,1,347.67,0.00
3377,51457,1057,2,127.03,0.05
3378,51458,1033,1,499.40,0.00
3379,51459,1023,3,73.53,0.00
3380,51460,1014,2,78.16,0.00
3381,51460,1173,1,61.52,0.00
3382,51460,1062,3,194.61,0.10
3383,51460,1104,3,186.18,0.05
3384,51461,1046,1,37.34,0.05
3385,51461,1022,2,152.33,0.00
3386,51461,1179,1,177.59,0.00
3387,51462,1150,1,34.39,0.20
3388,51462,1180,1,24.58,0.20
3389,51463,1102,2,379.98,0.05
3390,51464,1199,3,79.09,0.00
3391,51464,1168,1,161.15,0.00
3392,51465,1107,1,203.13,0.00
3393,51466,1073,1,115.93,0.00
3394,51466,1031,4,571.79,0.10
3395,51467,1048,1,25.65,0.10
3396,51468,1145,1,155.77,0.15
3397,51468,1191,1,131.27,0.05
3398,51468,1121,2,151.01,0.00
3399,51469,1185,1,5.25,0.15
3400,51469,1093,1,187.37,0.00
3401,51469,1151,2,329.91,0.00
3402,51470,1090,2,198.16,0.00
3403,51471,1098,2,200.44,0.15
3404,51471,1095,1,92.37,0.00
3405,51471,1002,1,189.61,0.00
3406,51472,1017,1,342.95,0.00
3407,51472,1032,1,358.78,0.20
3408,51472,1144,2,296.16,0.00
3409,51473,1035,2,206.84,0.00
3410,51473,1128,3,354.18,0.10
3411,51473,1177,1,173.75,0.15
3412,51473,1104,2,177.36,0.10
3413,51474,1168,2,162.78,0.00
3414,51474,1198,1,5.07,0.00
3415,51475,1039,3,568.56,0.00
3416,51475,1010,1,486.55,0.15
3417,51475,1091,2,331.26,0.10
3418,51476,1120,2,277.74,0.10
3419,51477,1126,1,117.02,0.25
3420,51477,1187,1,136.00,0.00
3421,51477,1128,5,361.45,0.10
3422,51478,1152,2,286.18,0.00
3423,51478,1121,1,147.42,0.00
3424,51479,1150,1,35.21,0.10
3425,51479,1148,1,253.14,0.15
3426,51480,1189,2,120.02,0.00
3427,51480,1186,3,96.67,0.10
3428,51481,1152,3,295.86,0.00
3429,51482,1057,1,131.65,0.05
3430,51483,1015,4,520.21,0.20
3431,51483,1081,2,36.47,0.00
3432,51483,1084,3,112.41,0.00
3433,51484,1091,3,319.97,0.25
3434,51484,1009,1,153.19,0.05
3435,51485,1051,2,12.67,0.00
3436,51485,1052,3,173.06,0.00
3437,51486,1165,1,147.91,0.00
3438,51486,1070,1,193.60,0.10
3439,51486,1069,1,26.87,0.00
3440,51486,1028,3,386.49,0.20
3441,51487,1165,2,149.61,0.10
3442,51487,1030,1,123.44,0.00
3443,51487,1055,1,121.71,0.20
3444,51487,1040,1,171.48,0.10
3445,51488,1106,1,121.07,0.20
3446,51488,1074,3,137.02,0.25
3447,51488,1176,1,172.15,0.00
3448,51488,1042,1,152.81,0.15
3449,51489,1022,1,152.87,0.20
3450,51490,1064,3,14.17,0.05
3451,51490,1147,5,224.04,0.00
3452,51490,1135,1,224.44,0.10
3453,51491,1103,1,213.00,0.10
3454,51491,1018,1,245.85,0.00
3455,51492,1004,1,558.68,0.10
3456,51492,1036,4,144.32,0.05
3457,51493,1141,1,250.52,0.10
3458,51493,1044,1,242.99,0.00
3459,51493,1145,2,149.29,0.10
3460,51494,1073,2,109.02,0.05
3461,51494,1002,1,186.12,0.20
3462,51495,1008,1,384.10,0.00
3463,51495,1028,3,402.28,0.10
3464,51495,1116,1,42.21,0.05
3465,51496,1048,4,25.45,0.00
3466,51497,1030,1,114.44,0.15
3467,51498,1137,3,230.57,0.00
3468,51498,1197,1,58.66,0.00
3469,51498,1044,1,257.02,0.20
3470,51499,1041,4,150.14,0.20
3471,51499,1003,1,449.79,0.05
3472,51499,1036,1,145.71,0.00
3473,51499,1081,1,35.52,0.20
3474,51499,1064,1,15.25,0.20
3475,51500,1011,1,482.02,0.15
3476,51501,1019,2,514.53,0.15
3477,51501,1005,2,267.46,0.20
3478,51502,1191,3,136.08,0.10
3479,51503,1182,1,108.29,0.05
3480,51503,1183,1,72.71,0.15
3481,51503,1060,1,152.29,0.00
3482,51503,1149,1,157.53,0.00
3483,51503,1142,3,226.53,0.05
3484,51504,1198,1,5.11,0.05
3485,51504,1167,1,138.00,0.05
3486,51504,1060,2,152.24,0.00
3487,51504,1021,1,421.51,0.10
3488,51505,1186,1,101.41,0.00
3489,51505,1143,1,177.20,0.10
3490,51506,1140,4,105.16,0.20
3491,51507,1051,2,13.01,0.10
3492,51507,1049,1,241.03,0.05
3493,51508,1080,1,63.82,0.15
3494,51508,1088,4,356.45,0.15
3495,51509,1037,1,537.46,0.15
3496,51509,1061,2,192.48,0.25
3497,51509,1067,1,224.42,0.20
3498,51509,1035,3,200.98,0.10
3499,51510,1160,2,61.82,0.15
3500,51510,1168,2,160.68,0.15
3501,51510,1186,1,96.36,0.15
3502,51510,1146,1,10.91,0.10
3503,51511,1053,5,71.70,0.00
3504,51511,1062,1,195.34,0.25
3505,51512,1061,3,193.50,0.05
3506,51513,1181,1,128.12,0.00
3507,51513,1065,1,229.24,0.00
3508,51514,1146,2,11.19,0.20
3509,51515,1079,1,90.13,0.20
3510,51515,1034,2,154.12,0.00
3511,51515,1027,1,180.35,0.00
3512,51516,1185,1,5.50,0.00
3513,51517,1182,2,113.39,0.20
3514,51517,1134,1,221.72,0.20
3515,51517,1196,3,162.87,0.05
3516,51518,1138,1,57.76,0.00
3517,51519,1151,1,323.41,0.05
3518,51519,1065,1,226.70,0.10
3519,51520,1169,2,43.04,0.10
3520,51520,1104,1,188.98,0.15
3521,51520,1200,1,120.72,0.20
3522,51520,1080,1,67.76,0.10
3523,51520,1187,1,133.67,0.00
3524,51521,1081,4,35.79,0.00
3525,51521,1065,1,220.11,0.00
3526,51521,1008,1,397.67,0.10
3527,51522,1092,2,452.01,0.10
3528,51522,1175,1,121.36,0.15
3529,51522,1167,1,147.81,0.05
3530,51522,1090,2,192.15,0.05
3531,51523,1127,4,36.01,0.15
3532,51523,1195,1,164.21,0.05
3533,51524,1021,1,445.65,0.00
3534,51524,1134,1,222.67,0.00
3535,51525,1004,1,530.52,0.15
3536,51525,1060,2,158.14,0.00
3537,51526,1145,2,151.02,0.15
3538,51526,1158,2,280.85,0.10
3539,51526,1124,1,93.32,0.00
3540,51527,1042,1,150.63,0.00
3541,51527,1073,4,108.80,0.00
3542,51527,1120,1,279.86,0.00
3543,51527,1006,1,154.51,0.20
3544,51528,1122,1,183.93,0.00
3545,51529,1121,5,156.13,0.15
3546,51529,1076,1,246.45,0.00
3547,51529,1008,3,404.16,0.00
3548,51530,1007,1,40.22,0.00
3549,51530,1164,1,63.55,0.00
3550,51530,1036,1,150.66,0.00
3551,51530,1008,5,392.60,0.00
3552,51531,1028,2,401.47,0.10
3553,51531,1176,1,180.02,0.05
3554,51531,1081,2,36.69,0.15
3555,51532,1136,1,291.07,0.00
3556,51533,1050,1,240.09,0.00
3557,51534,1133,1,282.39,0.15
3558,51535,1076,1,244.47,0.10
3559,51535,1034,1,156.48,0.20
3560,51536,1014,1,77.62,0.05
3561,51536,1013,1,558.63,0.00
3562,51537,1144,3,306.38,0.10
3563,51537,1091,1,331.62,0.00
3564,51538,1188,1,68.38,0.05
3565,51538,1051,5,13.12,0.15
3566,51538,1155,1,283.65,0.00
3567,51538,1112,1,247.53,0.00
3568,51538,1012,1,223.61,0.20
3569,51539,1096,1,197.75,0.10
3570,51540,1118,1,113.40,0.05
3571,51540,1143,2,176.09,0.20
3572,51540,1147,2,230.72,0.00
3573,51540,1092,2,446.65,0.10
3574,51541,1186,2,97.55,0.10
3575,51541,1028,1,386.29,0.25
3576,51541,1127,3,35.86,0.00
3577,51542,1122,1,192.49,0.10
3578,51542,1100,2,441.65,0.00
3579,51542,1027,2,176.93,0.10
3580,51542,1119,1,390.38,0.00
3581,51543,1010,2,482.26,0.10
3582,51543,1123,2,77.35,0.20
3583,51544,1047,1,203.29,0.00
3584,51544,1053,2,75.93,0.25
3585,51544,1160,1,63.71,0.00
3586,51545,1031,1,591.18,0.00
3587,51545,1011,1,503.74,0.10
3588,51545,1004,4,546.47,0.00
3589,51545,1036,3,148.27,0.00
3590,51545,1098,2,207.55,0.00
3591,51546,1047,1,201.19,0.00
3592,51547,1060,3,161.20,0.00
3593,51547,1120,1,269.05,0.00
3594,51547,1116,4,42.09,0.10
3595,51548,1096,2,198.83,0.00
3596,51548,1156,1,316.74,0.00
3597,51549,1193,1,75.93,0.15
3598,51550,1034,1,154.54,0.10
3599,51550,1061,2,194.91,0.10
3600,51550,1054,4,35.64,0.00
3601,51551,1155,1,273.25,0.15
3602,51551,1073,1,115.54,0.20
3603,51551,1018,1,242.92,0.05
3604,51551,1120,1,266.32,0.10
3605,51552,1025,1,384.17,0.15
3606,51552,1078,1,40.29,0.00
3607,51553,1074,1,142.70,0.20
3608,51553,1197,2,56.61,0.10
3609,51553,1177,3,171.84,0.10
3610,51553,1035,3,200.55,0.05
3611,51554,1114,3,227.30,0.05
3612,51554,1143,3,182.24,0.20
3613,51554,1174,4,174.67,0.05
3614,51554,1144,2,308.58,0.00
3615,51554,1173,1,64.00,0.05
3616,51555,1056,1,214.21,0.05
3617,51555,1117,3,261.36,0.10
3618,51555,1122,1,190.30,0.05
3619,51555,1014,1,80.80,0.25
3620,51556,1052,1,173.73,0.05
3621,51556,1100,1,452.55,0.25
3622,51556,1089,3,49.68,0.00
3623,51557,1094,1,387.94,0.00
3624,51558,1090,1,196.67,0.00
3625,51558,1151,2,314.31,0.00
3626,51558,1030,1,121.09,0.00
3627,51558,1095,3,92.63,0.15
3628,51559,1063,2,9.84,0.05
3629,51559,1164,1,65.33,0.00
3630,51559,1104,3,184.96,0.15
3631,51559,1087,3,220.55,0.15
3632,51560,1062,1,196.01,0.25
3633,51561,1073,1,112.98,0.10
3634,51561,1051,3,12.64,0.05
3635,51561,1100,2,447.40,0.20
3636,51561,1144,3,307.02,0.10
3637,51562,1128,1,340.25,0.05
3638,51562,1079,3,92.07,0.00
3639,51563,1147,1,229.03,0.00
3640,51564,1032,2,331.63,0.10
3641,51564,1055,4,116.59,0.15
3642,51564,1036,1,151.28,0.05
3643,51565,1002,1,183.84,0.25
3644,51565,1076,1,240.85,0.10
3645,51566,1096,2,190.96,0.15
3646,51566,1122,1,186.16,0.05
3647,51567,1048,1,25.40,0.05
3648,51567,1019,1,487.23,0.05
3649,51567,1126,1,114.15,0.00
3650,51567,1094,2,377.31,0.00
3651,51568,1153,1,61.22,0.10
3652,51568,1138,1,56.49,0.00
3653,51569,1042,2,145.34,0.00
3654,51570,1131,1,297.64,0.00
3655,51571,1092,1,437.41,0.00
3656,51571,1040,1,176.71,0.00
3657,51571,1146,1,11.62,0.00
3658,51572,1102,3,380.59,0.20
3659,51572,1109,2,246.33,0.15
3660,51573,1168,1,153.10,0.20
3661,51574,1044,1,255.43,0.10
3662,51574,1152,1,285.24,0.05
3663,51575,1156,1,325.17,0.00
3664,51575,1013,5,589.98,0.05
3665,51576,1170,1,82.82,0.00
3666,51577,1098,3,205.80,0.05
3667,51577,1044,1,240.14,0.00
3668,51577,1079,1,89.08,0.15
3669,51578,1083,2,374.87,0.00
3670,51578,1062,1,199.13,0.00
3671,51579,1013,1,596.33,0.10
3672,51579,1125,2,233.54,0.00
3673,51579,1072,1,74.11,0.20
3674,51579,1095,2,91.73,0.00
3675,51580,1004,2,523.96,0.10
3676,51580,1120,2,263.99,0.20
3677,51580,1124,2,91.07,0.10
3678,51580,1025,1,388.53,0.00
3679,51581,1083,1,400.77,0.00
3680,51582,1148,2,255.30,0.10
3681,51582,1191,3,135.80,0.00
3682,51582,1033,4,493.26,0.20
3683,51583,1139,1,47.84,0.15
3684,51583,1157,1,92.68,0.20
3685,51583,1165,2,149.24,0.10
3686,51583,1085,2,96.67,0.05
3687,51584,1179,2,170.87,0.10
3688,51585,1101,1,421.85,0.00
3689,51585,1168,1,154.50,0.00
3690,51585,1185,3,5.25,0.00
3691,51585,1173,1,60.75,0.15
3692,51586,1039,3,571.03,0.00
3693,51586,1043,1,104.33,0.05
3694,51587,1124,1,94.18,0.00
3695,51587,1028,1,388.65,0.25
3696,51588,1109,4,260.09,0.00
3697,51588,1166,1,145.86,0.05
3698,51588,1122,1,184.88,0.05
3699,51589,1097,2,118.58,0.05
3700,51589,1091,3,323.77,0.15
3701,51589,1167,1,140.47,0.05
3702,51590,1018,3,242.65,0.05
3703,51590,1132,1,137.85,0.05
3704,51590,1094,3,385.59,0.15
3705,51590,1028,1,406.71,0.10
3706,51590,1187,2,139.46,0.10
3707,51591,1164,1,63.45,0.00
3708,51591,1036,3,144.28,0.10
3709,51592,1165,1,145.21,0.05
3710,51593,1121,1,147.38,0.15
3711,51594,1080,2,63.49,0.10
3712,51594,1172,1,9.30,0.10
3713,51594,1049,4,245.20,0.00
3714,51595,1085,1,100.71,0.05
3715,51595,1051,1,13.27,0.00
3716,51595,1155,1,279.73,0.10
3717,51596,1156,2,308.61,0.20
3718,51596,1080,3,66.17,0.05
3719,51597,1084,1,108.08,0.15
3720,51598,1037,3,528.40,0.10
3721,51598,1084,1,113.82,0.05
3722,51598,1115,1,76.37,0.10
3723,51598,1189,1,116.92,0.10
3724,51599,1111,1,422.31,0.00
3725,51600,1129,1,35.58,0.05
3726,51600,1141,1,253.40,0.25
3727,51601,1023,2,69.59,0.15
3728,51601,1059,5,79.85,0.10
3729,51602,1121,1,147.27,0.00
3730,51603,1020,1,531.49,0.00
3731,51603,1099,1,242.96,0.05
3732,51603,1056,1,215.20,0.20
3733,51604,1043,1,103.18,0.00
3734,51605,1005,1,273.46,0.05
3735,51605,1063,1,10.47,0.10
3736,51606,1088,3,354.84,0.00
3737,51606,1055,1,116.40,0.25
3738,51607,1112,1,245.59,0.10
3739,51607,1159,3,150.42,0.05
3740,51608,1160,1,65.01,0.10
3741,51609,1029,1,125.19,0.00
3742,51610,1189,2,118.20,0.05
3743,51611,1112,1,243.25,0.00
3744,51612,1103,1,226.47,0.25
3745,51612,1115,1,77.04,0.05
3746,51612,1130,2,103.80,0.00
3747,51613,1060,1,152.04,0.10
3748,51613,1200,1,119.41,0.15
3749,51614,1134,1,210.55,0.10
3750,51615,1075,1,58.23,0.00
3751,51616,1168,2,163.89,0.10
3752,51617,1022,1,157.80,0.25
3753,51617,1128,1,355.76,0.05
3754,51617,1042,2,145.70,0.10
3755,51617,1114,3,222.01,0.00
3756,51618,1099,1,241.35,0.10
3757,51619,1121,2,156.59,0.15
3758,51620,1146,1,10.94,0.10
3759,51620,1112,1,255.25,0.15
3760,51620,1131,3,308.20,0.10
3761,51620,1143,1,178.00,0.05
3762,51621,1071,1,127.01,0.05
3763,51621,1086,1,434.85,0.10
3764,51621,1179,1,170.22,0.00
3765,51622,1020,3,519.09,0.15
3766,51622,1124,1,88.62,0.00
3767,51623,1083,1,391.18,0.00
3768,51623,1049,2,252.85,0.05
3769,51623,1187,1,135.44,0.15
3770,51624,1049,2,245.87,0.05
3771,51624,1056,2,211.67,0.10
3772,51625,1136,2,282.90,0.00
3773,51625,1079,1,90.81,0.10
3774,51626,1020,1,522.68,0.10
3775,51627,1001,1,380.24,0.05
3776,51627,1100,1,459.74,0.00
3777,51627,1162,2,142.58,0.00
3778,51627,1041,2,141.90,0.10
3779,51628,1094,1,381.71,0.00
3780,51629,1087,1,216.65,0.00
3781,51630,1077,3,117.61,0.00
3782,51630,1046,1,37.48,0.00
3783,51631,1045,1,31.00,0.10
3784,51631,1065,1,219.87,0.00
3785,51631,1170,2,84.34,0.10
3786,51632,1016,1,507.94,0.10
3787,51632,1119,2,392.20,0.00
3788,51632,1081,3,35.65,0.10
3789,51632,1031,1,586.36,0.05
3790,51633,1036,1,143.98,0.25
3791,51633,1065,2,221.51,0.10
3792,51634,1004,2,541.89,0.00
3793,51634,1109,1,258.56,0.10
3794,51634,1108,1,439.63,0.20
3795,51635,1020,3,510.75,0.00
3796,51636,1049,1,257.23,0.15
3797,51636,1021,1,446.74,0.00
3798,51636,1107,4,209.49,0.05
3799,51637,1119,2,409.62,0.10
3800,51638,1074,3,135.37,0.00
3801,51638,1022,2,152.58,0.05
3802,51638,1072,1,75.64,0.20
3803,51639,1154,5,116.28,0.10
3804,51639,1070,1,197.73,0.05
3805,51639,1117,2,269.87,0.10
3806,51640,1137,1,234.32,0.05
3807,51640,1054,2,35.59,0.00
3808,51641,1059,5,80.59,0.15
3809,51641,1146,2,11.55,0.05
3810,51641,1015,2,517.75,0.10
3811,51642,1125,3,244.04,0.00
3812,51642,1084,1,109.06,0.00
3813,51643,1034,1,154.11,0.05
3814,51643,1072,5,74.24,0.00
3815,51644,1117,2,271.75,0.00
3816,51644,1196,1,168.13,0.20
3817,51645,1187,1,130.27,0.00
3818,51645,1091,1,337.81,0.05
3819,51645,1192,1,58.92,0.10
3820,51646,1123,3,80.22,0.05
3821,51646,1151,2,329.83,0.00
3822,51646,1193,1,77.15,0.00
3823,51646,1163,1,9.62,0.25
3824,51647,1010,1,492.78,0.15
3825,51647,1113,1,30.96,0.20
3826,51648,1178,1,168.79,0.25
3827,51649,1192,1,59.17,0.00
3828,51649,1043,1,103.71,0.00
3829,51649,1006,1,145.52,0.10
3830,51650,1155,2,270.37,0.00
3831,51650,1049,4,240.42,0.00
3832,51650,1169,3,43.52,0.25
3833,51650,1056,1,225.98,0.15
3834,51651,1064,2,14.59,0.10
3835,51651,1108,2,435.51,0.20
3836,51651,1168,1,157.27,0.05
3837,51652,1106,1,122.19,0.15
3838,51652,1128,1,344.19,0.00
3839,51652,1118,1,113.05,0.00
3840,51652,1119,3,401.32,0.10
3841,51652,1117,2,274.02,0.00
3842,51653,1096,1,185.79,0.10
3843,51653,1053,2,72.22,0.00
3844,51654,1081,2,36.49,0.00
3845,51654,1087,1,214.17,0.15
3846,51654,1192,1,58.58,0.00
3847,51655,1112,1,254.88,0.25
3848,51655,1041,4,145.45,0.00
3849,51656,1073,1,112.15,0.15
3850,51657,1093,1,183.61,0.00
3851,51657,1130,1,97.61,0.00
3852,51657,1159,5,148.87,0.20
3853,51658,1160,2,63.55,0.00
3854,51658,1150,3,35.28,0.25
3855,51658,1018,5,241.35,0.15
3856,51659,1189,1,119.59,0.05
3857,51659,1135,1,224.34,0.10
3858,51659,1097,2,117.08,0.00
3859,51659,1127,1,35.75,0.00
3860,51660,1129,1,35.44,0.10
3861,51660,1179,1,178.99,0.00
3862,51660,1008,2,390.43,0.10
3863,51661,1159,2,151.08,0.00
3864,51661,1033,1,508.88,0.15
3865,51662,1194,2,27.28,0.20
3866,51662,1103,4,224.29,0.05
3867,51662,1126,3,117.70,0.05
3868,51663,1078,2,38.79,0.10
3869,51663,1012,1,219.00,0.25
3870,51664,1107,1,203.51,0.00
3871,51664,1049,1,242.07,0.00
3872,51665,1100,1,450.60,0.05
3873,51665,1149,3,156.99,0.25
3874,51665,1125,2,230.46,0.05
3875,51666,1147,3,235.49,0.00
3876,51667,1151,2,307.45,0.00
3877,51667,1184,5,50.58,0.00
3878,51668,1089,3,46.22,0.15
3879,51668,1058,1,220.09,0.00
3880,51669,1188,1,69.33,0.00
3881,51669,1075,1,59.68,0.20
3882,51670,1033,1,510.61,0.10
3883,51671,1088,1,364.77,0.15
3884,51671,1106,1,120.49,0.25
3885,51671,1021,1,441.94,0.25
3886,51672,1144,3,308.82,0.20
3887,51672,1086,2,407.61,0.20
3888,51672,1052,1,167.76,0.05
3889,51673,1167,1,147.95,0.00
3890,51673,1064,1,14.48,0.00
3891,51674,1163,2,9.46,0.00
3892,51675,1150,1,36.45,0.15
3893,51675,1162,1,145.35,0.05
3894,51675,1088,1,363.06,0.00
3895,51676,1129,1,35.53,0.25
3896,51676,1092,1,443.05,0.00
3897,51677,1148,1,266.75,0.05
3898,51677,1023,1,70.39,0.25
3899,51678,1145,3,159.65,0.05
3900,51678,1171,2,141.46,0.15
3901,51678,1007,1,41.40,0.15
3902,51679,1061,3,193.56,0.05
3903,51680,1024,1,82.06,0.05
3904,51680,1179,1,169.10,0.20
3905,51681,1194,2,28.20,0.05
3906,51681,1049,1,242.18,0.05
3907,51681,1099,1,242.01,0.15
3908,51682,1113,1,31.31,0.00
3909,51682,1035,2,201.68,0.20
3910,51682,1001,1,379.06,0.00
3911,51682,1172,3,9.23,0.00
3912,51682,1036,1,151.92,0.05
3913,51683,1108,1,435.86,0.05
3914,51683,1124,2,90.04,0.10
3915,51684,1063,1,9.94,0.10
3916,51685,1170,1,84.55,0.25
3917,51686,1151,2,315.37,0.20
3918,51687,1133,1,301.67,0.15
3919,51687,1014,1,80.41,0.10
3920,51688,1116,4,39.86,0.05
3921,51688,1054,2,35.98,0.00
3922,51688,1133,1,287.46,0.05
3923,51688,1130,2,102.74,0.10
3924,51689,1018,1,235.07,0.25
3925,51689,1135,1,225.40,0.10
3926,51690,1168,1,155.11,0.10
3927,51690,1011,2,475.30,0.15
3928,51690,1051,1,12.71,0.10
3929,51690,1194,3,26.27,0.10
3930,51691,1162,3,150.90,0.05
3931,51691,1100,4,463.94,0.15
3932,51692,1074,2,141.13,0.00
3933,51692,1075,1,56.87,0.00
3934,51693,1131,3,308.79,0.00
3935,51693,1043,1,102.30,0.00
3936,51694,1115,3,75.02,0.10
3937,51694,1104,5,187.60,0.15
3938,51695,1048,3,24.66,0.00
3939,51695,1061,1,193.46,0.00
3940,51695,1174,3,169.61,0.15
3941,51696,1073,4,113.32,0.00
3942,51696,1148,2,258.17,0.05
3943,51696,1107,2,205.08,0.10
3944,51696,1123,5,78.16,0.15
3945,51697,1155,2,287.78,0.00
3946,51697,1147,1,234.33,0.15
3947,51697,1013,1,572.31,0.20
3948,51698,1095,1,89.02,0.15
3949,51699,1112,1,237.62,0.15
3950,51700,1053,2,72.52,0.10
3951,51700,1200,3,116.11,0.15
3952,51700,1139,1,45.79,0.00
3953,51701,1043,4,110.06,0.10
3954,51702,1177,1,175.27,0.25
3955,51702,1131,1,307.46,0.15
3956,51702,1162,4,152.74,0.10
3957,51703,1106,2,126.64,0.20
3958,51703,1135,2,225.94,0.10
3959,51703,1025,4,377.72,0.15
3960,51704,1101,1,438.98,0.15
3961,51704,1048,1,25.25,0.00
3962,51704,1090,1,186.75,0.05
3963,51705,1014,1,75.37,0.20
3964,51705,1060,1,151.79,0.05
3965,51705,1089,1,47.37,0.10
3966,51706,1038,2,411.32,0.00
3967,51707,1176,1,181.98,0.05
3968,51707,1175,1,117.98,0.15
3969,51708,1171,1,140.76,0.00
3970,51708,1055,1,117.82,0.00
3971,51708,1101,1,432.51,0.20
3972,51708,1054,1,35.34,0.20
3973,51709,1073,2,110.95,0.25
3974,51709,1147,1,229.38,0.00
3975,51709,1021,5,414.11,0.20
3976,51710,1046,5,36.39,0.00
3977,51710,1193,1,72.84,0.15
3978,51711,1091,2,329.74,0.05
3979,51711,1020,1,515.59,0.25
3980,51711,1196,2,166.12,0.15
3981,51711,1027,1,176.93,0.20
3982,51712,1028,3,385.98,0.00
3983,51712,1185,1,5.10,0.00
3984,51712,1098,1,202.91,0.00
3985,51713,1135,2,229.50,0.10
3986,51714,1158,1,269.60,0.10
3987,51714,1133,5,296.73,0.10
3988,51714,1096,3,191.72,0.00
3989,51715,1021,1,439.09,0.00
3990,51715,1066,2,80.89,0.05
3991,51716,1047,3,193.25,0.15
3992,51716,1130,1,100.24,0.15
3993,51716,1172,2,8.88,0.15
3994,51717,1086,3,430.04,0.05
3995,51717,1012,1,224.39,0.00
3996,51718,1177,1,172.65,0.00
3997,51718,1193,1,74.80,0.00
3998,51718,1044,5,250.63,0.05
3999,51719,1066,2,84.42,0.00
4000,51719,1054,2,37.53,0.10
4001,51720,1074,2,143.11,0.10
4002,51720,1143,1,173.55,0.00
4003,51720,1106,5,125.52,0.00
4004,51721,1055,1,115.76,0.00
4005,51722,1121,4,156.86,0.00
4006,51722,1032,1,338.52,0.00
4007,51722,1125,2,238.45,0.00
4008,51723,1154,1,110.26,0.00
4009,51723,1097,1,118.29,0.15
4010,51723,1104,3,187.79,0.00
4011,51724,1034,2,158.94,0.10
4012,51725,1102,2,389.05,0.05
4013,51726,1014,1,76.43,0.05
4014,51726,1056,1,216.94,0.00
4015,51726,1171,2,139.20,0.00
4016,51726,1190,1,61.79,0.00
4017,51727,1190,3,59.45,0.05
4018,51727,1179,1,171.30,0.00
4019,51728,1085,2,97.95,0.15
4020,51728,1070,1,193.23,0.00
4021,51729,1094,5,383.36,0.05
4022,51729,1100,1,453.62,0.00
4023,51730,1103,1,227.28,0.10
4024,51731,1160,1,61.12,0.05
4025,51731,1164,2,61.42,0.00
4026,51732,1148,1,258.25,0.05
4027,51732,1151,1,310.92,0.15
4028,51733,1108,1,441.67,0.10
4029,51733,1116,1,39.24,0.25
4030,51733,1029,3,124.26,0.00
4031,51733,1038,3,410.18,0.10
4032,51734,1017,1,334.13,0.00
4033,51734,1160,2,63.44,0.05
4034,51734,1104,1,181.52,0.05
4035,51735,1145,5,148.13,0.15
4036,51735,1104,1,185.25,0.00
4037,51736,1188,1,70.30,0.00
4038,51737,1199,1,83.39,0.05
4039,51737,1011,2,489.29,0.00
4040,51738,1067,1,226.42,0.10
4041,51738,1151,3,314.16,0.15
4042,51738,1183,2,72.97,0.10
4043,51739,1018,3,239.22,0.25
4044,51739,1016,1,497.47,0.20
4045,51740,1163,1,9.18,0.00
4046,51741,1012,1,213.57,0.10
4047,51741,1076,3,248.14,0.00
4048,51741,1031,2,570.25,0.00
4049,51742,1084,3,113.23,0.00
4050,51742,1003,2,436.17,0.15
4051,51742,1106,1,123.49,0.00
4052,51743,1037,1,518.19,0.00
4053,51743,1189,2,126.01,0.05
4054,51744,1073,2,115.91,0.05
4055,51744,1099,5,240.79,0.00
4056,51745,1009,1,146.47,0.00
4057,51745,1170,2,88.09,0.05
4058,51745,1048,1,24.51,0.15
4059,51746,1002,1,185.12,0.25
4060,51746,1084,5,107.48,0.15
4061,51747,1112,1,249.54,0.00
4062,51747,1019,3,491.46,0.25
4063,51748,1143,2,173.23,0.00
4064,51748,1194,1,27.08,0.00
4065,51748,1168,1,151.47,0.10
4066,51749,1127,1,33.62,0.00
4067,51749,1069,4,26.79,0.15
4068,51750,1064,1,14.84,0.00
4069,51750,1081,1,36.20,0.05
4070,51750,1111,2,439.13,0.15
4071,51750,1007,1,39.82,0.15
4072,51751,1065,2,217.96,0.10
4073,51752,1023,1,70.18,0.00
4074,51752,1102,4,391.99,0.05
4075,51753,1011,1,507.11,0.00
4076,51753,1190,1,60.86,0.00
4077,51753,1174,2,168.25,0.05
4078,51754,1166,3,150.52,0.20
4079,51754,1187,1,134.71,0.20
4080,51754,1188,1,69.99,0.05
4081,51755,1131,1,297.51,0.00
4082,51755,1011,2,469.80,0.25
4083,51755,1140,1,104.58,0.10
4084,51756,1185,3,5.34,0.00
4085,51756,1169,1,42.54,0.00
4086,51756,1111,1,432.97,0.05
4087,51757,1075,1,58.31,0.00
4088,51757,1111,2,444.01,0.05
4089,51757,1115,3,74.44,0.00
4090,51757,1109,1,258.55,0.10
4091,51757,1199,3,82.05,0.00
4092,51758,1001,1,399.71,0.00
4093,51758,1063,1,10.07,0.10
4094,51759,1148,1,252.74,0.00
4095,51759,1160,1,63.43,0.00
4096,51760,1145,2,149.46,0.00
4097,51760,1083,1,386.66,0.00
4098,51760,1049,1,253.60,0.25
4099,51761,1146,1,11.51,0.15
4100,51762,1052,3,167.17,0.00
4101,51762,1148,1,268.64,0.00
4102,51762,1063,1,10.25,0.05
4103,51762,1080,1,65.47,0.05
4104,51763,1095,2,90.34,0.15
4105,51764,1060,1,152.48,0.10
4106,51764,1066,2,87.15,0.25
4107,51765,1117,1,273.63,0.00
4108,51766,1195,1,168.95,0.15
4109,51766,1147,2,222.59,0.25
4110,51767,1032,3,352.11,0.25
4111,51767,1136,3,290.98,0.20
4112,51767,1111,1,435.60,0.10
4113,51768,1131,1,308.70,0.05
4114,51768,1065,1,226.06,0.10
4115,51769,1152,4,285.06,0.00
4116,51769,1058,1,233.87,0.05
4117,51770,1169,1,45.46,0.00
4118,51770,1134,1,226.61,0.00
4119,51770,1135,1,232.93,0.10
4120,51770,1089,1,49.15,0.05
4121,51770,1048,3,26.00,0.00
4122,51771,1153,1,60.23,0.20
4123,51771,1080,2,67.59,0.15
4124,51772,1082,1,103.30,0.05
4125,51773,1166,1,149.96,0.05
4126,51773,1116,1,41.36,0.10
4127,51773,1135,1,227.24,0.05
4128,51773,1171,2,141.77,0.10
4129,51773,1018,4,244.33,0.15
4130,51774,1159,1,144.78,0.05
4131,51775,1197,4,59.41,0.10
4132,51775,1145,2,156.58,0.05
4133,51776,1191,1,131.01,0.05
4134,51777,1088,1,366.75,0.15
4135,51777,1028,1,403.96,0.05
4136,51778,1183,1,74.96,0.05
4137,51779,1076,4,247.32,0.10
4138,51779,1185,1,5.21,0.05
4139,51779,1178,3,181.11,0.00
4140,51779,1151,1,319.53,0.00
4141,51780,1084,1,110.44,0.05
4142,51780,1060,1,153.04,0.10
4143,51780,1111,3,432.17,0.15
4144,51780,1119,1,412.55,0.00
4145,51781,1121,3,147.35,0.20
4146,51782,1101,1,443.46,0.05
4147,51783,1044,1,247.22,0.05
4148,51783,1075,2,59.60,0.10
4149,51783,1197,1,56.97,0.00
4150,51784,1003,4,457.77,0.10
4151,51784,1122,2,182.88,0.10
4152,51785,1192,1,58.55,0.00
4153,51785,1174,2,178.23,0.00
4154,51785,1019,1,519.26,0.00
4155,51786,1066,3,80.70,0.00
4156,51786,1058,2,235.20,0.00
4157,51786,1149,5,151.90,0.00
4158,51787,1174,1,170.85,0.05
4159,51788,1024,2,82.18,0.15
4160,51788,1053,2,73.90,0.10
4161,51789,1042,1,153.30,0.00
4162,51789,1196,1,165.56,0.00
4163,51789,1153,1,60.80,0.10
4164,51790,1025,1,392.05,0.25
4165,51790,1084,4,106.56,0.10
4166,51791,1131,2,308.77,0.00
4167,51792,1022,1,157.38,0.00
4168,51792,1178,1,177.62,0.10
4169,51793,1094,2,377.72,0.10
4170,51793,1087,1,208.96,0.05
4171,51793,1143,1,178.47,0.15
4172,51794,1046,1,35.28,0.15
4173,51794,1156,1,315.58,0.00
4174,51794,1058,3,226.30,0.20
4175,51794,1061,2,189.92,0.20
4176,51795,1039,1,562.24,0.20
4177,51795,1134,1,218.85,0.00
4178,51796,1087,2,212.24,0.00
4179,51796,1139,1,47.89,0.05
4180,51796,1029,2,122.61,0.10
4181,51797,1187,1,138.40,0.15
4182,51797,1141,1,259.33,0.00
4183,51797,1110,1,72.70,0.05
4184,51798,1040,1,178.96,0.00
4185,51798,1178,1,170.88,0.00
4186,51798,1111,1,440.92,0.00
4187,51798,1044,5,240.44,0.25
4188,51799,1107,1,207.12,0.20
4189,51800,1061,1,194.11,0.15
4190,51800,1105,4,174.76,0.10
4191,51801,1135,2,232.46,0.10
4192,51801,1116,2,41.96,0.20
4193,51802,1186,2,98.36,0.20
4194,51803,1061,2,186.51,0.00
4195,51803,1113,1,30.33,0.00
4196,51804,1172,3,8.94,0.10
4197,51804,1138,3,53.61,0.15
4198,51805,1098,1,198.70,0.00
4199,51805,1083,2,389.76,0.00
4200,51806,1157,1,98.16,0.20
4201,51807,1121,4,156.46,0.10
4202,51807,1081,1,36.29,0.15
4203,51808,1038,5,400.76,0.20
4204,51808,1200,1,120.41,0.05
4205,51808,1180,1,24.24,0.05
4206,51808,1122,1,186.81,0.00
4207,51809,1086,2,429.86,0.10
4208,51809,1003,1,466.26,0.10
4209,51810,1114,2,232.63,0.10
4210,51811,1005,2,271.26,0.10
4211,51811,1086,1,408.53,0.05
4212,51812,1152,2,305.09,0.10
4213,51812,1142,1,225.55,0.10
4214,51812,1118,2,111.34,0.15
4215,51813,1095,2,93.04,0.00
4216,51813,1009,2,156.02,0.05
4217,51813,1197,1,56.20,0.15
4218,51813,1117,1,265.85,0.05
4219,51814,1143,1,173.12,0.25
4220,51814,1198,2,4.99,0.00
4221,51815,1136,1,277.07,0.05
4222,51815,1096,2,192.77,0.25
4223,51816,1012,1,229.39,0.00
4224,51816,1103,1,226.15,0.10
4225,51816,1122,2,185.15,0.00
4226,51817,1046,2,37.20,0.05
4227,51817,1085,2,100.36,0.00
4228,51818,1093,2,177.49,0.00
4229,51818,1121,1,147.83,0.15
4230,51819,1098,1,204.96,0.05
4231,51820,1166,1,149.28,0.05
4232,51821,1165,2,141.09,0.05
4233,51821,1142,1,232.71,0.10
4234,51822,1167,2,146.81,0.10
4235,51822,1090,1,186.38,0.10
4236,51823,1078,1,39.80,0.05
4237,51823,1093,1,180.06,0.00
4238,51823,1084,2,113.33,0.20
4239,51823,1198,2,4.97,0.10
4240,51824,1067,2,228.63,0.05
4241,51824,1092,1,459.71,0.20
4242,51824,1055,1,121.37,0.15
4243,51825,1145,1,153.38,0.00
4244,51825,1149,3,161.03,0.05
4245,51826,1047,1,197.94,0.00
4246,51827,1040,3,173.32,0.00
4247,51828,1150,2,36.84,0.05
4248,51828,1091,1,330.90,0.10
4249,51828,1128,2,352.74,0.05
4250,51828,1191,1,128.15,0.00
4251,51829,1022,1,160.99,0.00
4252,51829,1068,3,29.98,0.00
4253,51829,1198,1,4.97,0.25
4254,51829,1065,2,220.89,0.10
4255,51830,1119,2,400.70,0.05
4256,51830,1143,1,171.72,0.05
4257,51830,1012,1,216.17,0.00
4258,51830,1066,1,81.55,0.20
4259,51831,1080,3,67.28,0.00
4260,51831,1112,1,250.10,0.00
4261,51831,1067,1,214.63,0.00
4262,51832,1019,2,495.95,0.20
4263,51832,1003,3,453.08,0.15
4264,51833,1135,4,236.01,0.05
4265,51834,1169,1,45.46,0.10
4266,51834,1159,1,147.06,0.00
4267,51834,1055,1,115.61,0.05
4268,51835,1032,3,352.50,0.05
4269,51835,1149,1,157.98,0.15
4270,51835,1163,2,9.08,0.05
4271,51836,1187,1,137.10,0.10
4272,51836,1193,3,77.89,0.00
4273,51836,1104,1,182.33,0.05
4274,51836,1105,1,177.30,0.00
4275,51837,1153,1,59.40,0.20
4276,51837,1004,1,539.46,0.00
4277,51838,1104,1,188.12,0.00
4278,51839,1091,1,339.59,0.20
4279,51840,1022,2,159.47,0.00
4280,51840,1006,1,146.90,0.10
4281,51841,1045,2,30.88,0.20
4282,51841,1037,4,512.19,0.15
4283,51841,1080,5,63.38,0.25
4284,51841,1127,1,35.05,0.20
4285,51841,1142,2,222.70,0.25
4286,51842,1158,1,278.58,0.00
4287,51842,1149,2,160.19,0.00
4288,51843,1096,5,188.34,0.05
4289,51843,1013,2,578.03,0.15
4290,51844,1135,2,231.48,0.20
4291,51845,1190,2,58.39,0.15
4292,51846,1136,1,280.18,0.00
4293,51846,1158,1,271.50,0.00
4294,51846,1044,2,255.92,0.00
4295,51847,1076,1,240.58,0.05
4296,51847,1126,2,116.19,0.00
4297,51847,1198,1,4.89,0.15
4298,51847,1095,3,90.17,0.10
4299,51847,1075,1,57.95,0.00
4300,51848,1166,3,144.96,0.00
4301,51848,1005,1,257.73,0.20
4302,51848,1072,1,73.40,0.00
4303,51849,1151,1,309.54,0.00
4304,51849,1181,2,131.17,0.05
4305,51849,1129,1,33.56,0.00
4306,51850,1084,1,108.02,0.25
4307,51850,1048,1,25.39,0.00
4308,51850,1002,1,179.86,0.15
4309,51850,1112,1,254.89,0.00
4310,51851,1122,1,186.98,0.10
4311,51852,1155,2,270.10,0.00
4312,51852,1171,3,138.56,0.15
4313,51852,1164,2,62.29,0.15
4314,51853,1121,1,148.66,0.00
4315,51853,1111,2,419.62,0.10
4316,51854,1043,1,105.40,0.05
4317,51854,1050,1,239.19,0.00
4318,51855,1160,2,63.89,0.00
4319,51855,1159,5,145.99,0.05
4320,51855,1127,3,35.01,0.20
4321,51855,1178,4,176.15,0.10
4322,51856,1186,1,96.51,0.10
4323,51857,1121,2,157.69,0.10
4324,51857,1183,1,71.37,0.20
4325,51857,1068,1,29.47,0.00
4326,51857,1024,2,79.79,0.00
4327,51858,1027,2,177.82,0.05
4328,51859,1098,4,200.93,0.00
4329,51859,1092,1,427.49,0.15
4330,51860,1113,3,29.41,0.05
4331,51860,1142,1,221.51,0.10
4332,51860,1039,1,557.95,0.25
4333,51861,1112,3,246.84,0.00
4334,51861,1037,4,510.40,0.05
4335,51861,1071,5,122.02,0.10
4336,51862,1158,1,279.41,0.00
4337,51862,1039,1,566.09,0.05
4338,51862,1061,1,190.29,0.15
4339,51863,1025,3,389.76,0.25
4340,51863,1177,2,175.21,0.10
4341,51864,1004,1,545.92,0.25
4342,51864,1128,3,356.44,0.05
4343,51864,1140,1,99.41,0.15
4344,51865,1128,1,355.12,0.00
4345,51865,1062,2,199.28,0.10
4346,51866,1062,2,194.03,0.00
4347,51866,1020,1,523.12,0.05
4348,51866,1171,1,147.05,0.05
4349,51866,1180,2,24.08,0.10
4350,51866,1124,1,87.63,0.10
4351,51867,1147,1,227.18,0.05
4352,51867,1040,1,175.87,0.00
4353,51868,1069,3,27.08,0.20
4354,51868,1010,2,507.30,0.00
4355,51869,1023,1,71.83,0.00
4356,51869,1196,4,160.80,0.00
4357,51869,1032,1,352.94,0.20
4358,51870,1182,3,115.03,0.20
4359,51870,1055,1,115.80,0.05
4360,51870,1133,1,304.39,0.00
4361,51871,1126,2,120.91,0.00
4362,51871,1060,2,158.35,0.00
4363,51872,1131,1,314.66,0.00
4364,51872,1117,1,280.10,0.10
4365,51873,1092,3,449.47,0.05
4366,51873,1177,2,175.71,0.10
4367,51874,1185,2,5.27,0.10
4368,51875,1028,1,392.15,0.00
4369,51876,1074,3,135.75,0.00
4370,51876,1183,2,70.56,0.15
4371,51876,1188,3,69.06,0.15
4372,51877,1027,1,178.89,0.00
4373,51877,1064,3,15.21,0.00
4374,51877,1123,2,77.06,0.20
4375,51878,1153,1,59.73,0.10
4376,51878,1054,1,36.62,0.05
4377,51879,1140,1,100.21,0.00
4378,51879,1032,1,338.80,0.00
4379,51879,1025,3,384.68,0.00
4380,51880,1133,1,284.11,0.00
4381,51880,1034,1,158.80,0.15
4382,51880,1053,2,75.50,0.05
4383,51880,1068,1,31.31,0.00
4384,51881,1189,1,117.07,0.00
4385,51881,1091,2,318.91,0.20
4386,51882,1179,3,167.76,0.05
4387,51882,1103,5,224.98,0.10
4388,51882,1055,5,123.54,0.10
4389,51882,1196,1,159.34,0.10
4390,51883,1120,1,279.22,0.05
4391,51884,1074,1,135.46,0.00
4392,51884,1095,1,87.99,0.25
4393,51884,1133,1,288.74,0.05
4394,51884,1034,3,153.49,0.20
4395,51885,1099,1,240.38,0.05
4396,51885,1113,1,31.41,0.10
4397,51885,1160,2,62.43,0.15
4398,51885,1163,4,8.98,0.00
4399,51886,1107,1,204.52,0.00
4400,51886,1139,2,48.24,0.10
4401,51886,1192,2,60.44,0.15
4402,51887,1163,4,9.46,0.05
4403,51887,1093,2,180.94,0.05
4404,51887,1022,1,151.26,0.00
4405,51887,1095,1,88.32,0.10
4406,51888,1161,1,160.98,0.00
4407,51889,1070,1,186.13,0.00
4408,51889,1111,1,428.89,0.00
4409,51889,1092,2,434.26,0.00
4410,51889,1080,2,64.63,0.15
4411,51890,1155,3,278.35,0.00
4412,51890,1037,1,510.31,0.25
4413,51891,1099,2,241.09,0.10
4414,51891,1091,1,324.96,0.00
4415,51891,1046,1,35.85,0.00
4416,51891,1175,3,121.29,0.00
4417,51892,1197,1,56.23,0.15
4418,51892,1185,3,5.35,0.10
4419,51892,1170,3,87.45,0.00
4420,51893,1131,1,304.35,0.00
4421,51894,1171,1,144.29,0.15
4422,51894,1139,3,47.71,0.15
4423,51895,1153,2,61.55,0.00
4424,51895,1182,2,113.02,0.00
4425,51895,1041,3,150.19,0.20
4426,51895,1200,2,117.71,0.20
4427,51896,1149,1,158.50,0.05
4428,51897,1147,1,221.29,0.05
4429,51898,1117,3,271.34,0.00
4430,51898,1032,1,344.08,0.05
4431,51898,1109,4,257.44,0.10
4432,51898,1033,1,494.17,0.00
4433,51899,1054,1,37.00,0.15
4434,51899,1029,3,123.71,0.00
4435,51899,1115,2,74.74,0.05
4436,51900,1167,1,144.64,0.15
4437,51900,1172,2,9.12,0.05
4438,51900,1107,3,201.02,0.00
4439,51901,1073,2,107.41,0.15
4440,51901,1066,2,84.62,0.05
4441,51902,1069,1,26.26,0.10
4442,51902,1192,1,61.21,0.20
4443,51902,1141,2,248.11,0.15
4444,51902,1092,2,459.66,0.00
4445,51903,1121,2,155.89,0.05
4446,51903,1034,2,158.86,0.20
4447,51903,1136,1,298.11,0.05
4448,51903,1161,5,160.58,0.15
4449,51904,1119,1,413.22,0.00
4450,51905,1102,1,374.22,0.05
4451,51905,1027,2,181.09,0.00
4452,51906,1175,2,112.77,0.15
4453,51906,1110,1,71.95,0.10
4454,51907,1016,2,475.09,0.00
4455,51907,1123,2,76.41,0.00
4456,51908,1077,3,114.52,0.15
4457,51908,1060,1,159.65,0.10
4458,51908,1046,1,34.88,0.10
4459,51909,1040,1,184.31,0.20
4460,51910,1060,2,161.22,0.25
4461,51911,1054,1,37.89,0.10
4462,51911,1185,3,5.21,0.00
4463,51912,1162,1,143.88,0.15
4464,51912,1200,2,123.15,0.05
4465,51912,1084,1,113.51,0.25
4466,51913,1114,2,222.29,0.15
4467,51914,1143,2,179.80,0.05
4468,51915,1158,1,264.63,0.00
4469,51915,1022,3,159.59,0.10
4470,51916,1057,2,125.46,0.00
4471,51916,1020,1,502.89,0.20
4472,51917,1109,4,248.10,0.00
4473,51917,1094,2,382.78,0.00
4474,51917,1113,1,29.73,0.00
4475,51917,1136,1,296.62,0.10
4476,51918,1057,1,132.16,0.10
4477,51919,1107,2,215.76,0.00
4478,51919,1008,3,405.24,0.20
4479,51920,1075,1,59.81,0.25
4480,51920,1145,2,149.81,0.15
4481,51920,1044,4,252.95,0.00
4482,51920,1106,5,122.19,0.00
4483,51921,1167,1,138.05,0.25
4484,51922,1143,2,169.49,0.15
4485,51923,1147,4,233.77,0.20
4486,51923,1084,2,106.99,0.25
4487,51923,1157,1,95.60,0.00
4488,51924,1086,1,420.36,0.00
4489,51924,1097,1,113.18,0.05
4490,51925,1195,3,174.71,0.10
4491,51925,1126,1,120.11,0.00
4492,51925,1087,1,216.40,0.15
4493,51926,1172,1,9.13,0.05
4494,51926,1085,1,102.25,0.00
4495,51927,1072,5,72.20,0.00
4496,51927,1192,1,60.50,0.00
4497,51927,1036,1,148.66,0.15
4498,51927,1160,1,64.15,0.00
4499,51928,1017,1,335.02,0.05
4500,51929,1110,1,76.25,0.00
4501,51930,1120,2,273.51,0.00
4502,51930,1101,1,434.77,0.00
4503,51930,1106,1,125.94,0.05
4504,51931,1002,3,183.93,0.20
4505,51931,1115,1,74.68,0.05
4506,51932,1155,2,273.42,0.15
4507,51932,1186,1,102.12,0.00
4508,51932,1041,1,146.29,0.15
4509,51933,1051,4,12.72,0.25
4510,51933,1109,2,243.32,0.05
4511,51934,1074,2,142.48,0.10
4512,51934,1177,3,176.00,0.05
4513,51934,1120,1,273.25,0.00
4514,51935,1139,1,46.98,0.15
4515,51935,1010,3,505.13,0.00
4516,51935,1039,1,557.64,0.10
4517,51935,1092,1,433.26,0.00
4518,51936,1097,1,118.07,0.00
4519,51936,1193,2,77.69,0.25
4520,51937,1097,1,113.26,0.00
4521,51938,1006,1,152.08,0.05
4522,51938,1100,4,461.17,0.15
4523,51938,1158,3,283.21,0.05
4524,51939,1062,4,200.91,0.00
4525,51939,1183,1,73.58,0.00
4526,51939,1194,2,27.09,0.10
4527,51939,1145,2,158.36,0.10
4528,51939,1060,3,154.70,0.05
4529,51940,1157,2,98.23,0.10
4530,51940,1014,3,75.56,0.05
4531,51941,1049,1,257.92,0.00
4532,51942,1199,1,78.18,0.00
4533,51942,1001,1,393.00,0.05
4534,51943,1138,1,55.08,0.00
4535,51943,1093,1,179.12,0.05
4536,51943,1019,1,499.41,0.05
4537,51944,1178,2,169.06,0.00
4538,51944,1031,2,609.27,0.00
4539,51944,1136,1,292.73,0.15
4540,51945,1122,2,192.02,0.00
4541,51945,1105,2,179.44,0.00
4542,51945,1180,1,23.90,0.10
4543,51946,1106,1,126.08,0.05
4544,51947,1077,1,116.48,0.05
4545,51947,1158,3,276.73,0.20
4546,51948,1174,1,176.41,0.20
4547,51948,1178,4,177.52,0.10
4548,51949,1098,4,195.85,0.05
4549,51949,1180,1,23.93,0.05
4550,51949,1060,1,162.09,0.15
4551,51949,1168,1,151.42,0.00
4552,51950,1002,1,176.21,0.25
4553,51950,1197,1,55.44,0.00
4554,51951,1100,1,443.01,0.10
4555,51951,1011,2,506.02,0.00
4556,51951,1189,1,119.85,0.25
4557,51952,1156,2,317.67,0.00
4558,51953,1102,1,382.88,0.10
4559,51953,1036,2,150.18,0.05
4560,51953,1027,1,177.94,0.20
4561,51954,1003,1,462.25,0.00
4562,51954,1004,2,545.79,0.05
4563,51955,1083,1,372.76,0.05
4564,51956,1117,1,263.68,0.00
4565,51956,1155,1,274.22,0.05
4566,51957,1070,3,194.33,0.00
4567,51958,1100,1,434.22,0.25
4568,51958,1016,2,486.06,0.05
4569,51958,1047,2,196.86,0.00
4570,51959,1180,1,24.02,0.20
4571,51960,1135,1,228.40,0.20
4572,51960,1136,1,298.29,0.05
4573,51961,1043,3,107.29,0.00
4574,51961,1031,1,593.05,0.10
4575,51962,1058,2,220.58,0.10
4576,51963,1113,3,29.84,0.00
4577,51963,1134,1,216.96,0.00
4578,51963,1071,5,120.49,0.10
4579,51963,1184,2,49.62,0.00
4580,51964,1068,2,30.37,0.05
4581,51964,1086,2,423.75,0.00
4582,51965,1171,1,142.05,0.15
4583,51966,1135,2,237.99,0.15
4584,51966,1056,2,222.06,0.00
4585,51966,1061,1,195.27,0.00
4586,51967,1144,1,301.30,0.00
4587,51967,1080,1,66.65,0.00
4588,51968,1039,3,566.52,0.10
4589,51968,1110,1,75.65,0.00
4590,51968,1106,2,118.46,0.20
4591,51969,1083,4,401.04,0.00
4592,51969,1080,1,65.10,0.05
4593,51969,1087,1,213.62,0.10
4594,51970,1130,2,102.77,0.00
4595,51970,1118,2,107.02,0.00
4596,51971,1031,3,574.65,0.10
4597,51972,1108,2,440.07,0.05
4598,51972,1066,1,83.34,0.10
4599,51972,1063,1,10.42,0.25
4600,51972,1080,1,67.26,0.10
4601,51972,1148,1,253.25,0.05
4602,51973,1141,1,251.13,0.10
4603,51973,1138,2,57.54,0.05
4604,51973,1185,2,5.11,0.10
4605,51974,1026,1,246.25,0.10
4606,51975,1181,1,135.41,0.00
4607,51975,1072,2,76.41,0.10
4608,51976,1182,5,114.63,0.20
4609,51976,1014,1,79.18,0.15
4610,51976,1076,2,257.07,0.05
4611,51977,1169,2,43.73,0.00
4612,51977,1020,5,525.21,0.00
4613,51977,1006,2,145.49,0.10
4614,51977,1009,1,147.24,0.00
4615,51978,1047,1,197.58,0.00
4616,51978,1073,2,112.16,0.00
4617,51978,1133,3,294.15,0.00
4618,51978,1152,1,305.23,0.20
4619,51979,1178,1,179.76,0.00
4620,51979,1007,4,39.42,0.00
4621,51979,1132,2,132.80,0.20
4622,51979,1198,1,5.18,0.20
4623,51980,1164,1,60.97,0.00
4624,51981,1127,5,34.67,0.00
4625,51982,1099,1,243.48,0.00
4626,51982,1172,2,9.33,0.25
4627,51982,1056,1,217.29,0.00
4628,51982,1048,4,25.24,0.05
4629,51983,1128,1,362.62,0.00
4630,51983,1127,2,34.48,0.15
4631,51983,1170,1,87.64,0.15
4632,51983,1085,1,98.55,0.00
4633,51984,1038,2,389.04,0.15
4634,51984,1191,1,129.03,0.10
4635,51985,1085,1,104.04,0.00
4636,51985,1189,2,121.96,0.15
4637,51986,1017,2,339.98,0.20
4638,51986,1158,1,266.71,0.00
4639,51987,1092,3,456.00,0.05
4640,51987,1134,2,215.37,0.10
4641,51987,1172,4,8.94,0.20
4642,51988,1099,2,249.24,0.05
4643,51988,1154,3,111.76,0.20
4644,51988,1054,4,36.14,0.15
4645,51988,1044,1,243.17,0.00
4646,51989,1042,2,150.77,0.00
4647,51989,1172,2,9.10,0.05
4648,51989,1067,1,213.60,0.15
4649,51989,1195,1,171.65,0.00
4650,51990,1148,4,266.56,0.00
4651,51991,1031,1,595.47,0.05
4652,51991,1008,5,397.94,0.05
4653,51991,1050,1,249.45,0.00
4654,51992,1070,1,201.47,0.15
4655,51993,1095,3,92.12,0.15
4656,51993,1108,1,439.49,0.20
4657,51994,1084,1,113.15,0.10
4658,51994,1158,1,265.43,0.15
4659,51995,1026,2,245.41,0.15
4660,51995,1097,2,119.63,0.00
4661,51995,1086,2,436.50,0.10
4662,51995,1057,1,134.21,0.05
4663,51996,1123,1,78.80,0.00
4664,51996,1029,1,127.05,0.00
4665,51996,1013,2,564.78,0.00
4666,51996,1111,2,438.67,0.15
4667,51997,1160,1,60.29,0.05
4668,51998,1126,1,117.21,0.15
4669,51998,1139,1,47.90,0.00
4670,51998,1133,2,292.42,0.10
4671,51999,1146,3,10.99,0.15
4672,51999,1183,2,71.57,0.00
4673,51999,1113,5,31.30,0.15
4674,51999,1017,1,332.06,0.00
4675,52000,1017,1,324.25,0.05
4676,52000,1071,4,126.57,0.05
4677,52001,1043,2,104.79,0.05
4678,52001,1170,2,85.34,0.05
4679,52001,1056,2,213.47,0.10
4680,52002,1149,1,160.42,0.10
4681,52002,1006,1,153.54,0.00
4682,52003,1066,3,83.76,0.05
4683,52004,1153,1,62.73,0.25
4684,52004,1014,1,77.85,0.20
4685,52004,1006,2,154.73,0.15
4686,52004,1160,2,64.41,0.00
4687,52005,1121,1,146.80,0.10
4688,52005,1013,1,568.25,0.25
4689,52006,1002,1,176.67,0.15
4690,52007,1080,2,65.93,0.05
4691,52008,1047,2,193.42,0.00
4692,52008,1093,3,182.75,0.00
4693,52008,1020,4,534.43,0.25
4694,52008,1154,1,117.12,0.10
4695,52009,1169,2,44.78,0.00
4696,52010,1031,3,592.90,0.10
4697,52010,1081,2,37.09,0.00
4698,52010,1166,5,143.48,0.05
4699,52011,1056,1,213.46,0.00
4700,52011,1157,1,93.47,0.10
4701,52012,1090,2,193.22,0.05
4702,52013,1177,1,169.68,0.25
4703,52013,1084,1,111.07,0.10
4704,52013,1198,1,5.06,0.10
4705,52014,1148,2,252.03,0.05
4706,52014,1049,2,251.66,0.00
4707,52014,1188,1,68.54,0.00
4708,52015,1037,2,547.40,0.10
4709,52016,1163,5,9.13,0.00
4710,52016,1116,1,41.97,0.00
4711,52016,1192,4,59.01,0.00
4712,52016,1007,1,40.90,0.05
4713,52017,1151,1,325.18,0.25
4714,52017,1138,1,55.69,0.05
4715,52017,1121,2,155.45,0.00
4716,52017,1003,1,435.91,0.15
4717,52017,1135,1,235.30,0.10
4718,52018,1041,1,143.38,0.20
4719,52018,1161,1,156.83,0.20
4720,52019,1097,3,115.53,0.10
4721,52019,1012,1,222.50,0.15
4722,52020,1150,1,36.24,0.00
4723,52021,1015,1,518.50,0.10
4724,52022,1055,1,119.34,0.05
4725,52023,1024,1,81.63,0.15
4726,52023,1001,1,377.77,0.20
4727,52024,1054,2,37.77,0.00
4728,52024,1125,3,242.45,0.05
4729,52024,1035,1,205.01,0.15
4730,52025,1077,2,110.96,0.10
4731,52026,1143,4,169.98,0.05
4732,52026,1195,2,166.57,0.00
4733,52027,1092,1,432.93,0.00
4734,52027,1159,1,143.82,0.05
4735,52027,1178,1,178.83,0.00
4736,52027,1113,1,29.82,0.00
4737,52027,1080,3,65.37,0.05
4738,52028,1067,1,217.97,0.15
4739,52029,1025,1,402.98,0.00
4740,52029,1011,2,501.59,0.15
4741,52030,1020,1,500.99,0.00
4742,52030,1056,2,227.02,0.20
4743,52030,1170,1,86.21,0.00
4744,52031,1013,2,596.39,0.00
4745,52031,1179,2,178.94,0.10
4746,52032,1048,1,26.21,0.00
4747,52032,1108,3,433.64,0.00
4748,52033,1087,1,208.89,0.10
4749,52033,1026,1,229.38,0.15
4750,52033,1053,2,76.63,0.15
4751,52034,1145,1,157.66,0.00
4752,52035,1003,1,450.36,0.00
4753,52036,1062,1,195.16,0.00
4754,52036,1166,3,141.21,0.05
4755,52037,1042,1,145.56,0.10
4756,52037,1016,1,475.03,0.15
4757,52038,1009,1,157.62,0.05
4758,52038,1117,1,276.58,0.05
4759,52038,1088,2,373.15,0.00
4760,52039,1173,1,64.35,0.20
4761,52039,1111,1,445.10,0.05
4762,52039,1089,4,46.24,0.20
4763,52040,1076,1,254.52,0.10
4764,52040,1023,2,72.28,0.00
4765,52041,1144,1,300.73,0.20
4766,52041,1014,5,79.70,0.00
4767,52042,1162,1,152.22,0.10
4768,52043,1077,1,118.24,0.05
4769,52043,1114,1,221.68,0.00
4770,52044,1170,1,82.77,0.05
4771,52044,1169,5,44.09,0.20
4772,52044,1021,1,444.79,0.05
4773,52044,1049,1,239.74,0.00
4774,52045,1115,2,73.33,0.15
4775,52045,1049,2,251.43,0.20
4776,52046,1016,2,506.42,0.00
4777,52047,1013,1,568.63,0.10
4778,52047,1143,1,181.27,0.20
4779,52048,1037,1,534.35,0.15
4780,52049,1003,1,463.74,0.15
4781,52049,1064,1,14.56,0.15
4782,52050,1011,1,485.73,0.00
4783,52050,1087,1,218.28,0.00
4784,52050,1050,1,244.27,0.05
4785,52051,1149,1,149.35,0.05
4786,52051,1166,1,146.39,0.10
4787,52051,1032,4,339.54,0.20
4788,52051,1189,2,116.63,0.05
4789,52052,1079,1,92.54,0.10
4790,52052,1063,2,10.04,0.05
4791,52053,1105,1,176.64,0.00
4792,52054,1084,2,115.13,0.20
4793,52054,1105,1,176.21,0.00
4794,52054,1104,1,182.70,0.05
4795,52054,1196,3,158.43,0.05
4796,52054,1083,1,383.96,0.10
4797,52055,1002,2,178.54,0.00
4798,52055,1041,2,144.05,0.10
4799,52056,1068,1,29.80,0.15
4800,52056,1050,1,235.66,0.05
4801,52057,1044,1,250.18,0.20
4802,52057,1007,2,41.01,0.00
4803,52057,1114,1,237.27,0.20
4804,52057,1053,2,73.55,0.00
4805,52058,1004,1,542.49,0.00
4806,52058,1140,1,99.52,0.05
4807,52058,1166,1,146.96,0.25
4808,52059,1068,2,29.43,0.20
4809,52059,1018,1,238.47,0.05
4810,52059,1131,2,310.87,0.15
4811,52060,1140,2,105.35,0.00
4812,52060,1118,2,111.33,0.05
4813,52060,1056,1,227.44,0.15
4814,52060,1196,2,159.10,0.10
4815,52061,1190,2,60.68,0.05
4816,52061,1059,1,80.03,0.00
4817,52061,1071,1,124.67,0.25
4818,52062,1042,2,145.53,0.00
4819,52062,1163,1,9.12,0.05
4820,52062,1125,1,238.44,0.00
4821,52062,1179,4,167.73,0.00
4822,52063,1195,1,164.87,0.05
4823,52063,1134,2,209.50,0.00
4824,52063,1117,3,273.80,0.05
4825,52064,1045,1,31.17,0.10
4826,52064,1136,1,291.23,0.00
4827,52065,1048,1,25.10,0.00
4828,52065,1115,2,73.53,0.15
4829,52065,1166,2,149.57,0.00
4830,52065,1133,4,285.82,0.05
4831,52066,1173,1,64.92,0.15
4832,52066,1200,1,120.07,0.00
4833,52066,1193,2,74.73,0.00
4834,52067,1194,1,27.39,0.00
4835,52067,1108,1,420.18,0.15
4836,52068,1075,1,58.51,0.10
4837,52068,1020,4,516.95,0.20
4838,52068,1179,1,178.08,0.00
4839,52069,1135,1,234.38,0.25
4840,52069,1093,1,182.90,0.05
4841,52069,1145,2,157.77,0.20
4842,52070,1097,1,114.01,0.00
4843,52070,1010,1,503.47,0.00
4844,52071,1151,3,327.83,0.15
4845,52071,1143,2,182.62,0.05
4846,52071,1140,1,104.77,0.10
4847,52072,1141,1,251.46,0.00
4848,52072,1003,1,449.33,0.15
4849,52073,1009,1,150.14,0.00
4850,52073,1043,1,101.99,0.20
4851,52073,1174,1,173.49,0.00
4852,52074,1176,2,180.72,0.00
4853,52074,1171,3,142.31,0.00
4854,52074,1127,1,35.26,0.15
4855,52074,1172,3,8.86,0.05
4856,52074,1192,1,56.89,0.05
4857,52075,1021,1,426.89,0.15
4858,52076,1022,1,152.67,0.10
4859,52077,1099,1,259.88,0.05
4860,52077,1143,1,172.37,0.05
4861,52077,1049,1,251.65,0.10
4862,52078,1028,1,382.34,0.15
4863,52079,1145,3,155.41,0.15
4864,52079,1062,1,200.69,0.10
4865,52080,1051,1,13.12,0.00
4866,52081,1098,2,209.33,0.00
4867,52082,1073,1,111.15,0.25
4868,52082,1026,5,239.87,0.15
4869,52082,1061,2,195.22,0.10
4870,52083,1108,1,425.09,0.05
4871,52084,1042,1,151.80,0.10
4872,52085,1031,1,588.69,0.05
4873,52086,1197,1,57.32,0.05
4874,52087,1160,1,61.46,0.00
4875,52087,1074,1,135.93,0.00
4876,52087,1157,1,93.32,0.00
4877,52088,1122,1,181.06,0.00
4878,52089,1115,1,77.95,0.20
4879,52090,1167,2,143.19,0.05
4880,52091,1045,1,32.96,0.15
4881,52091,1083,4,403.04,0.05
4882,52092,1124,1,88.83,0.05
4883,52092,1018,1,247.81,0.15
4884,52093,1037,1,542.42,0.05
4885,52093,1191,1,132.11,0.05
4886,52093,1105,1,178.16,0.05
4887,52093,1034,1,160.18,0.00
4888,52094,1139,2,47.68,0.10
4889,52095,1173,1,64.24,0.00
4890,52095,1151,1,313.66,0.05
4891,52095,1042,2,151.49,0.00
4892,52095,1005,1,260.53,0.00
4893,52096,1081,2,36.08,0.10
4894,52097,1115,3,76.43,0.15
4895,52098,1040,1,174.02,0.15
4896,52098,1006,1,156.30,0.00
4897,52099,1079,1,92.24,0.20
4898,52100,1095,2,86.97,0.10
4899,52100,1180,1,24.47,0.05
4900,52100,1093,2,182.86,0.10
4901,52100,1073,1,109.79,0.00
4902,52100,1110,3,76.50,0.15
4903,52101,1068,2,31.69,0.05
4904,52101,1047,3,200.63,0.15
4905,52101,1088,2,368.61,0.05
4906,52102,1196,1,157.04,0.10
4907,52103,1036,2,148.33,0.00
4908,52103,1172,1,9.30,0.00
4909,52103,1067,1,222.78,0.10
4910,52103,1014,2,75.88,0.10
4911,52104,1001,1,386.88,0.00
4912,52105,1188,2,66.58,0.00
4913,52106,1062,2,198.96,0.20
4914,52106,1195,2,164.94,0.00
4915,52106,1070,1,191.18,0.00
4916,52106,1163,2,9.49,0.20
4917,52107,1114,1,237.63,0.00
4918,52107,1140,1,103.26,0.00
4919,52107,1178,1,175.92,0.00
4920,52108,1136,4,276.66,0.15
4921,52109,1004,3,540.62,0.05
4922,52109,1175,3,118.49,0.10
4923,52110,1088,2,369.55,0.00
4924,52110,1108,1,444.66,0.20
4925,52110,1041,1,149.82,0.15
4926,52111,1009,1,151.58,0.20
4927,52111,1171,2,139.89,0.00
4928,52112,1065,2,212.79,0.00
4929,52112,1123,2,81.51,0.15
4930,52112,1127,1,34.60,0.10
4931,52112,1049,2,240.72,0.05
4932,52113,1126,2,118.90,0.10
4933,52113,1047,2,202.18,0.20
4934,52113,1157,3,91.67,0.10
4935,52114,1047,1,198.82,0.00
4936,52115,1189,1,122.55,0.05
4937,52116,1076,2,244.22,0.20
4938,52116,1018,1,233.42,0.00
4939,52116,1190,1,60.72,0.00
4940,52116,1099,1,244.14,0.15
4941,52116,1097,1,119.29,0.00
4942,52117,1165,1,144.84,0.05
4943,52117,1061,2,186.40,0.00
4944,52118,1159,2,152.10,0.10
4945,52119,1174,1,176.02,0.05
4946,52119,1110,1,74.43,0.20
4947,52119,1190,2,58.62,0.10
4948,52120,1022,2,157.52,0.15
4949,52120,1006,1,154.63,0.05
4950,52120,1150,1,36.20,0.05
4951,52120,1195,1,173.23,0.05
4952,52121,1140,1,102.30,0.00
4953,52121,1045,1,31.55,0.15
4954,52122,1023,1,69.98,0.00
4955,52122,1109,3,245.07,0.25
4956,52122,1054,1,35.87,0.15
4957,52123,1176,3,180.70,0.10
4958,52123,1064,1,15.18,0.15
4959,52123,1008,2,403.07,0.05
4960,52123,1140,2,104.35,0.20
4961,52123,1197,1,56.13,0.00
4962,52124,1200,4,116.00,0.00
4963,52124,1119,1,407.67,0.05
4964,52125,1116,1,41.51,0.20
4965,52125,1030,1,119.21,0.05
4966,52125,1019,1,511.47,0.00
4967,52126,1163,1,9.11,0.00
4968,52126,1120,1,278.73,0.05
4969,52127,1172,2,9.32,0.00
4970,52127,1167,1,145.35,0.20
4971,52127,1064,1,14.84,0.00
4972,52128,1057,1,128.13,0.20
4973,52128,1037,1,538.12,0.05
4974,52128,1058,2,226.49,0.25
4975,52129,1199,1,82.95,0.25
4976,52129,1075,3,59.14,0.20
4977,52129,1024,1,82.64,0.25
4978,52130,1137,2,230.19,0.20
4979,52130,1015,1,515.07,0.20
4980,52130,1090,1,186.70,0.25
4981,52130,1022,1,155.33,0.15
4982,52131,1100,1,451.00,0.10
4983,52131,1037,1,533.87,0.00
4984,52132,1185,4,5.16,0.15
4985,52133,1053,1,76.56,0.00
4986,52133,1058,1,232.15,0.25
4987,52134,1160,1,64.65,0.05
4988,52134,1114,1,222.95,0.15
4989,52134,1191,1,134.57,0.05
4990,52135,1064,2,14.25,0.05
4991,52135,1096,1,194.94,0.00
4992,52136,1135,1,230.85,0.05
4993,52136,1012,1,213.84,0.05
4994,52137,1090,2,194.12,0.10
4995,52138,1049,3,255.19,0.00
4996,52139,1149,1,150.43,0.10
4997,52139,1168,1,154.13,0.10
4998,52139,1028,2,384.24,0.00
4999,52140,1122,1,193.56,0.25
5000,52141,1116,1,40.61,0.20
5001,52142,1159,2,146.11,0.10
5002,52143,1143,1,182.14,0.00
5003,52143,1116,3,40.07,0.00
5004,52143,1034,1,162.81,0.05
5005,52144,1117,5,277.67,0.10
5006,52144,1138,2,56.93,0.10
5007,52144,1040,2,170.94,0.15
5008,52144,1140,1,102.22,0.00
5009,52145,1018,3,246.48,0.25
5010,52145,1090,5,186.67,0.00
5011,52146,1079,1,89.07,0.05
5012,52146,1040,3,174.56,0.00
5013,52146,1170,3,83.50,0.10
5014,52147,1157,1,96.92,0.00
5015,52148,1132,2,137.24,0.15
5016,52148,1167,1,142.04,0.10
5017,52148,1057,1,128.28,0.20
5018,52148,1068,1,29.85,0.10
5019,52148,1103,1,219.51,0.00
5020,52149,1011,1,492.09,0.20
5021,52150,1021,3,429.21,0.20
5022,52150,1019,1,503.36,0.25
5023,52150,1144,1,305.82,0.05
5024,52150,1158,1,268.28,0.20
5025,52151,1048,3,25.37,0.10
5026,52151,1006,1,154.36,0.00
5027,52152,1158,1,282.27,0.10
5028,52152,1033,1,515.20,0.25
5029,52152,1085,2,98.48,0.15
5030,52153,1040,1,172.87,0.10
5031,52154,1101,3,429.51,0.00
5032,52154,1167,1,144.18,0.00
5033,52154,1115,4,76.20,0.20
5034,52155,1014,1,76.02,0.05
5035,52155,1176,1,178.37,0.15
5036,52155,1137,2,226.82,0.10
5037,52155,1055,1,116.67,0.05
5038,52156,1174,1,169.96,0.00
5039,52157,1193,3,74.68,0.25
5040,52157,1048,1,24.96,0.00
5041,52157,1129,1,35.07,0.20
5042,52158,1123,1,82.46,0.05
5043,52158,1135,1,224.01,0.00
5044,52158,1043,1,105.06,0.00
5045,52158,1169,3,43.01,0.05
5046,52158,1103,1,214.68,0.00
5047,52159,1080,1,66.51,0.00
5048,52159,1096,1,185.65,0.10
5049,52159,1010,1,474.96,0.00
5050,52160,1158,1,270.38,0.00
5051,52160,1090,1,187.35,0.00
5052,52161,1185,1,5.13,0.10
5053,52161,1023,1,72.49,0.00
5054,52161,1021,3,425.97,0.15
5055,52161,1134,1,226.20,0.15
5056,52162,1198,1,5.27,0.00
5057,52162,1070,2,198.07,0.00
5058,52163,1124,1,94.56,0.00
5059,52163,1118,2,110.02,0.00
5060,52164,1083,1,374.05,0.25
5061,52165,1137,2,236.26,0.25
5062,52165,1193,1,75.86,0.00
5063,52165,1078,3,37.77,0.00
5064,52165,1087,1,210.64,0.05
5065,52166,1196,1,165.82,0.00
5066,52166,1191,3,132.98,0.00
5067,52166,1067,2,216.99,0.00
5068,52167,1153,3,58.91,0.05
5069,52167,1033,1,497.63,0.25
5070,52167,1132,3,130.58,0.05
5071,52168,1107,1,209.96,0.25
5072,52169,1046,2,36.80,0.05
5073,52169,1152,3,289.78,0.00
5074,52170,1025,1,386.81,0.05
5075,52170,1122,1,191.21,0.15
5076,52170,1034,1,154.99,0.00
5077,52170,1167,2,145.66,0.15
5078,52171,1186,2,102.36,0.25
5079,52171,1093,5,185.83,0.00
5080,52171,1061,1,193.48,0.10
5081,52171,1012,1,226.74,0.00
5082,52172,1152,1,300.11,0.05
5083,52172,1143,3,177.69,0.15
5084,52173,1148,1,257.91,0.05
5085,52173,1173,3,60.08,0.05
5086,52174,1153,2,62.60,0.00
5087,52174,1196,1,163.45,0.00
5088,52175,1062,1,195.28,0.10
5089,52176,1024,1,80.09,0.15
5090,52176,1078,1,37.82,0.15
5091,52176,1184,1,49.79,0.10
5092,52177,1038,2,390.83,0.00
5093,52177,1067,1,215.98,0.00
5094,52178,1044,1,252.65,0.00
5095,52178,1140,2,105.36,0.05
5096,52178,1169,2,42.99,0.00
5097,52178,1173,1,61.56,0.00
5098,52179,1197,2,59.51,0.10
5099,52179,1138,1,56.02,0.00
5100,52180,1049,2,245.77,0.05
5101,52180,1032,2,343.08,0.05
5102,52181,1147,1,225.80,0.05
5103,52181,1121,2,154.87,0.00
5104,52181,1182,1,107.22,0.05
5105,52182,1022,4,153.86,0.10
5106,52182,1051,1,12.86,0.00
5107,52182,1129,1,35.42,0.15
5108,52183,1042,2,146.15,0.15
5109,52183,1048,1,25.60,0.05
5110,52184,1041,4,146.95,0.00
5111,52184,1178,4,171.72,0.00
5112,52185,1131,4,306.15,0.10
5113,52185,1165,2,148.96,0.10
5114,52186,1048,1,24.61,0.10
5115,52186,1089,1,46.23,0.00
5116,52186,1123,1,81.92,0.05
5117,52187,1193,2,72.99,0.05
5118,52187,1090,2,200.52,0.00
5119,52187,1044,1,250.53,0.15
5120,52188,1034,2,160.50,0.10
5121,52188,1174,2,179.68,0.00
5122,52189,1168,5,153.13,0.10
5123,52189,1078,1,40.28,0.05
5124,52190,1044,1,243.40,0.10
5125,52190,1074,1,137.42,0.15
5126,52190,1197,2,56.01,0.05
5127,52191,1183,1,70.21,0.10
5128,52191,1069,1,27.34,0.05
5129,52192,1094,1,399.62,0.05
5130,52193,1172,1,9.14,0.10
5131,52193,1098,3,194.70,0.25
5132,52193,1075,2,58.09,0.00
5133,52194,1101,2,429.13,0.00
5134,52195,1018,3,245.73,0.15
5135,52196,1146,1,11.30,0.00
5136,52196,1045,4,31.28,0.20
5137,52196,1008,1,385.07,0.05
5138,52197,1094,2,388.86,0.05
5139,52198,1030,1,119.17,0.00
5140,52198,1069,1,26.40,0.05
5141,52199,1100,1,466.39,0.00
5142,52200,1193,1,73.57,0.00
5143,52201,1179,1,169.28,0.20
5144,52202,1083,4,389.05,0.05
5145,52202,1186,2,101.13,0.05
5146,52202,1192,2,58.26,0.20
5147,52202,1046,3,36.05,0.00
5148,52202,1077,1,119.11,0.10
5149,52203,1069,1,26.81,0.10
5150,52203,1198,1,5.21,0.15
5151,52203,1016,1,497.21,0.25
5152,52204,1152,2,300.82,0.00
5153,52204,1066,1,85.19,0.15
5154,52205,1111,3,449.83,0.05
5155,52205,1161,3,150.53,0.00
5156,52205,1153,2,60.67,0.10
5157,52205,1101,2,435.09,0.15
5158,52206,1130,1,96.19,0.10
5159,52206,1018,1,251.60,0.05
5160,52207,1091,1,331.07,0.10
5161,52207,1117,2,267.32,0.15
5162,52207,1148,1,254.98,0.00
5163,52208,1015,4,509.17,0.00
5164,52208,1175,1,121.62,0.05
5165,52208,1144,1,291.47,0.00
5166,52208,1108,2,436.47,0.10
5167,52209,1089,1,48.91,0.10
5168,52209,1012,1,211.97,0.10
5169,52210,1161,2,154.57,0.10
5170,52211,1020,2,511.65,0.00
5171,52211,1150,1,34.76,0.00
5172,52212,1031,2,594.21,0.10
5173,52213,1024,1,85.30,0.10
5174,52213,1116,5,41.52,0.05
5175,52213,1114,1,220.05,0.10
5176,52214,1027,1,177.74,0.10
5177,52215,1051,1,12.68,0.00
5178,52215,1150,1,36.58,0.20
5179,52216,1035,1,199.86,0.00
5180,52216,1128,1,356.81,0.10
5181,52217,1039,3,540.15,0.00
5182,52218,1091,3,326.77,0.05
5183,52218,1030,1,117.97,0.00
5184,52219,1103,1,223.71,0.00
5185,52219,1184,1,49.45,0.15
5186,52219,1020,1,517.63,0.00
5187,52220,1106,2,123.85,0.20
5188,52220,1092,2,446.06,0.00
5189,52221,1017,1,326.22,0.20
5190,52221,1137,1,240.92,0.00
5191,52222,1058,2,230.91,0.05
5192,52222,1200,2,115.79,0.10
5193,52223,1043,4,104.52,0.15
5194,52223,1165,1,148.00,0.10
5195,52223,1125,1,243.89,0.20
5196,52223,1138,1,56.80,0.05
5197,52224,1082,3,106.42,0.10
5198,52224,1130,2,97.20,0.00
5199,52225,1161,1,154.27,0.10
5200,52225,1169,3,44.11,0.00
5201,52225,1077,3,112.36,0.00
5202,52225,1185,5,5.51,0.10
5203,52226,1183,1,71.43,0.00
5204,52227,1027,2,181.31,0.05
5205,52227,1159,4,143.14,0.00
5206,52227,1011,2,493.71,0.00
5207,52227,1075,4,60.28,0.00
5208,52228,1131,2,310.98,0.00
5209,52228,1054,2,37.51,0.10
5210,52228,1052,1,171.53,0.05
5211,52229,1183,2,72.08,0.05
5212,52230,1124,3,90.30,0.00
5213,52230,1164,1,64.94,0.00
5214,52230,1162,5,141.81,0.00
5215,52231,1039,1,560.06,0.10
5216,52231,1158,1,281.17,0.15
5217,52231,1081,1,37.17,0.10
5218,52232,1191,1,133.71,0.00
5219,52232,1127,3,34.36,0.00
5220,52232,1122,2,191.74,0.10
5221,52233,1052,4,175.76,0.05
5222,52233,1174,1,174.49,0.10
5223,52233,1085,4,100.13,0.05
5224,52234,1030,1,120.47,0.00
5225,52234,1050,1,245.93,0.00
5226,52235,1117,2,266.36,0.15
5227,52235,1095,1,91.64,0.10
5228,52236,1077,4,112.20,0.00
5229,52236,1161,2,155.54,0.00
5230,52237,1168,1,160.04,0.10
5231,52237,1120,3,260.12,0.15
5232,52238,1197,1,59.85,0.15
5233,52238,1177,1,164.38,0.10
5234,52238,1133,2,292.68,0.10
5235,52238,1060,1,153.79,0.20
5236,52239,1002,2,183.37,0.00
5237,52239,1078,2,39.44,0.10
5238,52240,1043,1,108.44,0.00
5239,52241,1104,1,183.30,0.00
5240,52241,1041,1,139.93,0.10
5241,52242,1031,1,611.43,0.10
5242,52242,1102,1,376.88,0.10
5243,52243,1162,1,146.82,0.10
5244,52243,1047,3,200.93,0.05
5245,52244,1147,1,220.11,0.05
5246,52244,1092,1,431.35,0.25
5247,52245,1195,1,173.32,0.00
5248,52246,1081,5,37.64,0.20
5249,52246,1133,1,301.14,0.00
5250,52247,1171,1,148.46,0.00
5251,52247,1156,2,312.88,0.15
5252,52248,1058,4,224.35,0.10
5253,52249,1197,1,58.04,0.10
5254,52249,1153,1,60.69,0.15
5255,52250,1169,1,44.11,0.00
5256,52250,1186,1,97.37,0.20
5257,52251,1158,2,285.65,0.05
5258,52251,1131,1,307.49,0.15
5259,52251,1132,1,137.47,0.10
5260,52251,1176,3,176.81,0.00
5261,52252,1149,2,150.94,0.00
5262,52252,1076,2,242.37,0.05
5263,52252,1038,3,406.45,0.20
5264,52252,1158,2,274.87,0.20
5265,52253,1056,2,220.29,0.10
5266,52253,1131,3,311.86,0.15
5267,52253,1039,1,545.09,0.00
5268,52253,1186,2,101.46,0.25
5269,52254,1193,2,78.30,0.05
5270,52254,1016,4,471.03,0.10
5271,52255,1180,2,23.24,0.15
5272,52256,1028,1,413.07,0.00
5273,52257,1189,2,124.56,0.25
5274,52257,1028,1,402.64,0.15
5275,52258,1095,2,91.69,0.00
5276,52258,1147,2,218.05,0.20
5277,52258,1078,1,40.05,0.00
5278,52258,1139,2,45.80,0.25
5279,52259,1051,1,12.87,0.00
5280,52259,1168,1,162.05,0.05
5281,52260,1198,1,5.04,0.00
5282,52261,1068,1,31.50,0.00
5283,52261,1106,1,127.85,0.10
5284,52262,1116,4,39.96,0.00
5285,52262,1194,2,26.64,0.00
5286,52262,1173,1,59.96,0.05
5287,52263,1086,3,405.89,0.10
5288,52263,1174,1,170.87,0.10
5289,52263,1130,1,102.52,0.10
5290,52263,1097,1,120.69,0.00
5291,52263,1136,3,288.74,0.10
5292,52264,1022,1,154.39,0.05
5293,52265,1142,2,221.24,0.00
5294,52265,1020,1,528.45,0.20
5295,52266,1132,1,139.44,0.25
5296,52266,1092,1,432.05,0.00
5297,52266,1078,4,37.50,0.10
5298,52266,1187,1,132.96,0.00
5299,52266,1169,3,44.63,0.00
5300,52267,1184,2,51.47,0.05
5301,52267,1196,1,168.35,0.00
5302,52267,1178,1,169.63,0.00
5303,52268,1079,1,92.62,0.10
5304,52268,1132,2,140.29,0.00
5305,52268,1060,2,160.06,0.00
5306,52268,1041,1,148.06,0.25
5307,52269,1182,1,115.33,0.00
5308,52270,1048,2,26.23,0.00
5309,52270,1057,1,125.97,0.00
5310,52270,1141,1,261.93,0.00
5311,52270,1187,1,137.54,0.00
5312,52271,1002,1,189.29,0.25
5313,52271,1158,1,276.20,0.00
5314,52272,1032,3,341.73,0.00
5315,52272,1013,4,568.49,0.05
5316,52273,1095,1,87.82,0.00
5317,52273,1043,1,105.72,0.00
5318,52273,1160,1,61.37,0.05
5319,52274,1020,2,518.77,0.20
5320,52275,1126,2,122.08,0.00
5321,52275,1133,1,304.24,0.15
5322,52276,1005,1,259.33,0.00
5323,52277,1129,4,34.55,0.10
5324,52277,1174,2,177.54,0.20
5325,52277,1008,4,383.48,0.10
5326,52278,1133,1,291.19,0.10
5327,52278,1116,2,40.02,0.00
5328,52278,1179,1,178.35,0.10
5329,52279,1130,4,99.71,0.20
5330,52279,1007,2,39.56,0.00
5331,52280,1124,1,94.48,0.00
5332,52280,1003,2,438.55,0.10
5333,52280,1188,3,67.15,0.05
5334,52280,1073,2,109.16,0.00
5335,52281,1030,1,123.68,0.15
5336,52282,1117,1,260.29,0.00
5337,52282,1033,1,515.64,0.20
5338,52283,1186,1,103.04,0.10
5339,52283,1078,2,40.14,0.05
5340,52283,1087,3,214.68,0.05
5341,52283,1131,1,297.75,0.10
5342,52284,1072,1,73.54,0.00
5343,52284,1013,1,564.14,0.15
5344,52284,1016,1,501.85,0.20
5345,52285,1020,1,506.69,0.05
5346,52285,1105,1,169.75,0.15
5347,52286,1163,2,9.45,0.15
5348,52287,1086,1,430.32,0.10
5349,52288,1185,1,5.28,0.00
5350,52288,1016,1,494.57,0.15
5351,52289,1090,1,195.63,0.05
5352,52289,1151,1,314.34,0.10
5353,52290,1128,2,345.42,0.00
5354,52290,1121,4,151.36,0.20
5355,52290,1074,2,142.21,0.00
5356,52291,1071,1,123.26,0.20
5357,52292,1176,1,170.30,0.05
5358,52292,1028,4,395.68,0.00
5359,52292,1186,1,97.16,0.00
5360,52292,1072,1,74.04,0.00
5361,52292,1132,3,136.97,0.15
5362,52293,1086,1,427.01,0.00
5363,52293,1139,1,46.69,0.00
5364,52293,1134,1,222.20,0.15
5365,52294,1015,4,508.70,0.00
5366,52295,1148,1,258.61,0.05
5367,52296,1012,1,225.76,0.20
5368,52296,1074,1,135.70,0.05
5369,52297,1177,2,169.77,0.25
5370,52297,1165,3,148.45,0.05
5371,52297,1121,1,147.22,0.00
5372,52298,1094,1,387.37,0.00
5373,52298,1043,1,108.36,0.15
5374,52299,1141,1,249.49,0.00
5375,52299,1065,4,215.05,0.00
5376,52300,1151,2,306.06,0.00
5377,52301,1019,4,516.26,0.25
5378,52301,1013,1,565.91,0.15
5379,52301,1039,1,540.51,0.15
5380,52302,1200,1,119.10,0.00
5381,52302,1044,2,247.35,0.00
5382,52303,1152,1,291.52,0.15
5383,52304,1030,1,118.88,0.00
5384,52305,1020,2,505.10,0.15
5385,52305,1104,1,181.23,0.05
5386,52305,1153,1,60.08,0.15
5387,52305,1075,1,60.28,0.00
5388,52305,1036,1,148.42,0.00
5389,52306,1013,2,589.33,0.05
5390,52306,1132,1,139.44,0.00
5391,52306,1052,3,174.67,0.15
5392,52307,1151,1,313.17,0.00
5393,52308,1040,1,173.55,0.15
5394,52309,1146,2,11.33,0.10
5395,52309,1059,5,82.96,0.10
5396,52310,1064,2,14.98,0.20
5397,52311,1132,1,140.98,0.15
5398,52312,1007,3,38.75,0.05
5399,52312,1151,2,311.32,0.10
5400,52312,1130,1,101.96,0.05
5401,52313,1100,1,460.37,0.10
5402,52314,1090,1,186.53,0.00
5403,52314,1061,2,194.21,0.15
5404,52315,1200,1,118.60,0.15
5405,52315,1018,1,244.46,0.00
5406,52315,1109,1,246.25,0.05
5407,52316,1191,3,130.74,0.25
5408,52316,1079,1,88.12,0.20
5409,52317,1068,5,30.14,0.00
5410,52318,1108,1,435.10,0.15
5411,52318,1167,1,148.02,0.00
5412,52318,1093,3,185.43,0.05
5413,52319,1089,1,47.32,0.05
5414,52319,1176,1,173.43,0.20
5415,52320,1128,1,356.85,0.10
5416,52321,1166,1,149.43,0.10
5417,52322,1084,1,112.34,0.10
5418,52323,1044,1,239.92,0.00
5419,52324,1113,4,30.70,0.25
5420,52325,1180,3,23.42,0.20
5421,52325,1092,2,458.72,0.00
5422,52325,1067,1,220.45,0.05
5423,52326,1186,2,100.72,0.00
5424,52326,1066,1,82.48,0.05
5425,52326,1088,2,361.94,0.25
5426,52327,1112,1,242.16,0.00
5427,52327,1029,1,122.70,0.00
5428,52327,1058,1,224.02,0.10
5429,52327,1107,1,210.27,0.10
5430,52328,1193,4,77.26,0.00
5431,52328,1096,1,193.18,0.15
5432,52329,1070,1,189.08,0.10
5433,52329,1023,5,71.70,0.20
5434,52329,1142,1,232.60,0.05
5435,52329,1111,2,451.29,0.00
5436,52330,1101,3,433.91,0.00
5437,52331,1087,1,213.93,0.10
5438,52331,1073,1,109.71,0.00
5439,52332,1015,1,505.02,0.25
5440,52332,1056,1,213.43,0.00
5441,52332,1131,2,321.66,0.05
5442,52333,1156,1,322.58,0.05
5443,52334,1051,1,12.76,0.00
5444,52334,1108,3,447.05,0.05
5445,52334,1104,3,190.29,0.00
5446,52335,1146,2,11.21,0.10
5447,52335,1134,2,218.63,0.00
5448,52336,1180,2,24.76,0.00
5449,52336,1197,3,58.61,0.00
5450,52337,1100,1,436.82,0.25
5451,52337,1038,1,394.22,0.00
5452,52338,1119,1,415.11,0.15
5453,52339,1168,2,163.51,0.00
5454,52339,1091,3,316.87,0.00
5455,52340,1128,1,339.73,0.00
5456,52340,1013,1,567.01,0.15
5457,52340,1132,1,130.52,0.00
5458,52341,1173,3,62.18,0.10
5459,52342,1178,1,176.40,0.20
5460,52342,1159,1,150.57,0.00
5461,52343,1063,2,10.42,0.05
5462,52344,1052,1,170.76,0.00
5463,52344,1014,1,80.18,0.05
5464,52345,1031,2,605.35,0.10
5465,52345,1125,1,234.26,0.10
5466,52346,1039,2,535.86,0.25
5467,52346,1026,1,231.92,0.15
5468,52346,1161,1,161.67,0.05
5469,52347,1016,1,504.26,0.25
5470,52347,1040,1,170.31,0.25
5471,52347,1061,2,192.22,0.20
5472,52347,1139,1,45.86,0.00
5473,52348,1064,5,14.91,0.00
5474,52348,1152,2,297.60,0.00
5475,52349,1003,2,452.11,0.00
5476,52350,1164,2,65.04,0.00
5477,52351,1082,2,109.95,0.10
5478,52351,1056,2,218.28,0.10
5479,52351,1195,2,165.97,0.05
5480,52351,1076,1,253.31,0.10
5481,52351,1139,1,44.54,0.20
5482,52352,1079,3,91.08,0.00
5483,52352,1141,1,244.99,0.00
5484,52353,1044,2,248.54,0.10
5485,52353,1027,1,176.29,0.25
5486,52353,1185,2,5.51,0.00
5487,52354,1125,1,243.37,0.00
5488,52355,1030,1,118.61,0.10
5489,52355,1040,1,178.83,0.15
5490,52356,1100,1,461.76,0.10
5491,52357,1184,2,50.13,0.20
5492,52357,1089,4,49.81,0.00
5493,52358,1195,2,173.10,0.20
5494,52358,1113,5,29.65,0.25
5495,52358,1110,4,75.47,0.00
5496,52358,1051,1,12.57,0.05
5497,52359,1031,2,611.16,0.20
5498,52360,1018,2,239.03,0.00
5499,52360,1026,5,234.64,0.05
5500,52360,1096,1,198.48,0.05
5501,52360,1150,1,35.89,0.10
5502,52361,1161,1,156.40,0.15
5503,52362,1085,2,96.55,0.10
5504,52362,1001,1,382.45,0.00
5505,52362,1162,2,143.65,0.00
5506,52363,1035,1,210.00,0.20
5507,52363,1127,1,34.00,0.15
5508,52363,1097,2,114.44,0.00
5509,52363,1063,2,10.50,0.00
5510,52364,1059,3,80.28,0.10
5511,52364,1085,3,101.81,0.15
5512,52364,1129,1,35.16,0.00
5513,52365,1034,2,150.99,0.20
5514,52365,1002,1,182.52,0.15
5515,52366,1025,1,374.99,0.10
5516,52366,1014,2,78.99,0.00
5517,52367,1068,5,30.21,0.10
5518,52367,1173,1,60.03,0.00
5519,52368,1161,4,155.15,0.00
5520,52369,1031,1,579.97,0.00
5521,52369,1156,1,314.77,0.00
5522,52370,1195,1,164.14,0.15
5523,52371,1151,4,316.94,0.10
5524,52371,1094,2,391.02,0.15
5525,52371,1138,3,55.29,0.15
5526,52372,1006,2,150.69,0.00
5527,52372,1135,1,236.28,0.00
5528,52373,1200,2,117.99,0.15
5529,52373,1099,1,245.11,0.00
5530,52374,1146,2,11.00,0.10
5531,52374,1132,1,136.08,0.05
5532,52375,1181,1,129.64,0.15
5533,52375,1175,2,120.80,0.20
5534,52375,1023,1,68.58,0.00
5535,52376,1198,1,4.97,0.05
5536,52376,1155,2,283.29,0.00
5537,52377,1037,1,529.72,0.10
5538,52377,1047,2,205.89,0.00
5539,52377,1014,1,80.06,0.15
5540,52378,1172,1,9.35,0.10
5541,52378,1088,1,354.55,0.00
5542,52378,1160,1,60.27,0.00
5543,52378,1152,2,297.37,0.20
5544,52378,1005,1,270.33,0.00
5545,52379,1122,1,192.36,0.00
5546,52379,1147,1,222.01,0.00
5547,52379,1044,1,247.58,0.00
5548,52380,1125,1,234.32,0.00
5549,52380,1158,1,285.22,0.00
5550,52380,1108,1,419.43,0.05
5551,52380,1142,4,231.48,0.00
5552,52381,1040,3,172.03,0.15
5553,52382,1149,2,159.39,0.00
5554,52382,1084,3,109.01,0.20
5555,52382,1007,4,39.48,0.00
5556,52383,1038,3,387.58,0.05
5557,52383,1169,2,43.25,0.00
5558,52384,1084,1,109.18,0.10
5559,52384,1026,1,234.22,0.00
5560,52384,1073,1,109.93,0.00
5561,52385,1007,1,38.91,0.20
5562,52385,1065,1,213.41,0.20
5563,52386,1055,1,118.74,0.25
5564,52387,1001,1,400.75,0.00
5565,52387,1184,1,48.31,0.25
5566,52387,1053,3,76.49,0.00
5567,52387,1135,1,224.34,0.05
5568,52387,1174,1,173.90,0.20
5569,52388,1096,1,200.33,0.05
5570,52389,1041,1,150.38,0.15
5571,52389,1023,3,72.17,0.05
5572,52389,1136,1,287.99,0.10
5573,52389,1155,2,291.31,0.10
5574,52390,1169,3,44.79,0.20
5575,52391,1183,2,70.25,0.00
5576,52391,1026,1,245.95,0.05
5577,52391,1197,4,56.22,0.00
5578,52392,1035,1,201.89,0.25
5579,52393,1125,1,246.09,0.00
5580,52393,1031,2,595.87,0.10
5581,52393,1035,4,214.39,0.00
5582,52394,1046,1,36.56,0.15
5583,52394,1010,1,502.82,0.15
5584,52394,1113,1,31.11,0.05
5585,52395,1028,3,383.25,0.00
5586,52396,1087,1,207.15,0.00
5587,52396,1121,1,156.94,0.15
5588,52397,1013,4,557.32,0.10
5589,52398,1029,1,125.02,0.20
5590,52398,1024,2,81.12,0.15
5591,52399,1117,2,271.02,0.20
5592,52400,1101,2,436.00,0.00
5593,52400,1087,1,217.10,0.00
5594,52400,1194,1,27.49,0.15
5595,52400,1181,1,130.79,0.00
5596,52401,1099,3,243.24,0.20
5597,52401,1191,1,126.50,0.00
5598,52402,1076,1,239.75,0.10
5599,52402,1186,1,102.96,0.00
5600,52402,1194,1,27.17,0.00
5601,52403,1075,2,60.20,0.00
5602,52403,1193,1,72.68,0.00
5603,52403,1131,3,302.92,0.20
5604,52404,1002,1,176.15,0.10
5605,52405,1141,1,254.23,0.00
5606,52405,1007,2,39.84,0.25
5607,52406,1148,2,266.45,0.00
5608,52406,1145,1,151.46,0.00
5609,52407,1150,3,35.66,0.00
5610,52407,1127,2,35.83,0.05
5611,52408,1104,4,183.79,0.15
5612,52409,1073,2,112.82,0.10
5613,52409,1106,1,121.41,0.00
5614,52409,1124,3,87.65,0.00
5615,52409,1019,1,513.83,0.25
5616,52410,1053,3,71.32,0.10
5617,52411,1071,4,120.67,0.05
5618,52411,1028,4,390.91,0.10
5619,52411,1160,1,62.52,0.05
5620,52412,1117,1,274.26,0.00
5621,52412,1020,1,521.69,0.05
5622,52412,1049,1,240.24,0.05
5623,52412,1009,2,148.52,0.00
5624,52412,1193,2,78.28,0.15
5625,52413,1012,1,218.87,0.10
5626,52414,1034,2,159.07,0.00
5627,52414,1095,2,86.57,0.00
5628,52415,1006,1,155.77,0.15
5629,52416,1011,1,504.86,0.15
5630,52416,1082,2,110.24,0.20
5631,52416,1025,2,392.59,0.15
5632,52416,1191,2,126.89,0.15
5633,52417,1109,1,245.29,0.00
5634,52417,1059,1,83.41,0.20
5635,52417,1046,3,37.59,0.05
5636,52417,1144,1,296.08,0.00
5637,52418,1153,1,58.11,0.00
5638,52418,1100,1,458.27,0.20
5639,52419,1001,2,381.31,0.00
5640,52419,1044,4,243.01,0.00
5641,52419,1076,1,245.26,0.05
5642,52419,1037,1,513.04,0.10
5643,52419,1065,1,212.10,0.00
5644,52420,1135,1,230.96,0.10
5645,52421,1003,3,452.59,0.00
5646,52421,1128,3,343.86,0.05
5647,52422,1112,1,248.90,0.20
5648,52422,1045,2,32.71,0.20
5649,52422,1146,1,11.31,0.00
5650,52423,1153,3,62.70,0.25
5651,52423,1084,2,114.00,0.10
5652,52424,1163,1,9.16,0.05
5653,52424,1116,2,39.71,0.15
5654,52424,1029,1,126.84,0.15
5655,52425,1197,5,58.54,0.00
5656,52425,1153,1,58.22,0.20
5657,52425,1198,1,4.88,0.10
5658,52425,1075,3,57.04,0.05
5659,52426,1064,1,15.21,0.10
5660,52427,1135,2,238.22,0.15
5661,52427,1154,2,113.00,0.20
5662,52427,1188,1,66.02,0.15
5663,52428,1164,2,61.00,0.00
5664,52428,1102,1,397.08,0.00
5665,52428,1019,1,485.41,0.20
5666,52429,1092,1,456.25,0.20
5667,52430,1095,3,90.40,0.15
5668,52430,1113,1,31.35,0.00
5669,52431,1036,1,143.10,0.15
5670,52432,1049,1,251.72,0.00
5671,52432,1142,3,233.48,0.20
5672,52433,1087,1,217.01,0.15
5673,52434,1035,2,209.20,0.15
5674,52434,1152,2,302.89,0.00
5675,52434,1057,1,132.57,0.15
5676,52434,1008,2,410.55,0.00
5677,52435,1092,1,433.95,0.15
5678,52435,1137,1,242.66,0.00
5679,52435,1073,1,112.35,0.15
5680,52435,1169,1,43.25,0.15
5681,52436,1039,1,556.86,0.10
5682,52436,1032,1,352.46,0.15
5683,52436,1006,1,148.57,0.00
5684,52436,1003,1,457.04,0.10
5685,52437,1191,1,127.57,0.15
5686,52438,1033,2,527.67,0.10
5687,52438,1168,3,153.64,0.10
5688,52438,1089,1,47.00,0.15
5689,52439,1185,2,5.14,0.25
5690,52439,1126,2,113.90,0.05
5691,52440,1145,1,152.05,0.05
5692,52440,1162,1,147.52,0.20
5693,52440,1046,1,36.20,0.00
5694,52440,1032,1,350.33,0.10
5695,52441,1072,5,72.61,0.00
5696,52441,1138,3,54.38,0.05
5697,52441,1198,1,5.14,0.00
5698,52441,1199,1,77.55,0.00
5699,52442,1178,1,172.45,0.00
5700,52443,1091,1,331.89,0.10
5701,52443,1010,1,509.91,0.25
5702,52443,1099,1,257.11,0.00
5703,52444,1164,1,62.18,0.00
5704,52444,1182,1,114.14,0.00
5705,52445,1095,2,90.00,0.15
5706,52446,1062,4,190.23,0.10
5707,52446,1159,1,150.32,0.25
5708,52446,1132,1,139.65,0.00
5709,52447,1075,2,57.32,0.05
5710,52447,1032,2,354.23,0.15
5711,52448,1063,1,10.00,0.10
5712,52448,1181,1,132.56,0.00
5713,52448,1111,3,434.45,0.00
5714,52449,1148,1,271.17,0.10
5715,52449,1165,1,150.61,0.05
5716,52449,1173,2,61.81,0.15
5717,52449,1092,2,430.05,0.15
5718,52450,1004,3,524.89,0.05
5719,52450,1173,1,64.17,0.00
5720,52450,1193,2,74.74,0.00
5721,52451,1142,1,220.50,0.10
5722,52452,1057,3,126.04,0.10
5723,52452,1144,1,300.16,0.00
5724,52453,1108,1,431.40,0.25
5725,52453,1191,1,130.33,0.15
5726,52454,1158,1,284.20,0.25
5727,52454,1058,1,227.87,0.15
5728,52454,1044,1,258.35,0.00
5729,52455,1126,2,120.16,0.00
5730,52455,1174,2,180.52,0.05
5731,52455,1110,1,71.47,0.05
5732,52456,1029,1,123.09,0.15
5733,52457,1086,1,411.25,0.05
5734,52458,1191,1,129.02,0.10
5735,52458,1076,1,241.17,0.15
5736,52459,1011,3,482.54,0.00
5737,52460,1170,1,84.99,0.05
5738,52460,1107,1,211.55,0.05
5739,52461,1191,1,134.12,0.15
5740,52462,1035,2,214.22,0.20
5741,52462,1157,1,93.95,0.05
5742,52462,1187,1,137.14,0.00
5743,52463,1025,3,402.89,0.10
5744,52463,1009,1,152.79,0.20
5745,52464,1071,1,126.42,0.05
5746,52464,1010,1,497.65,0.20
5747,52464,1160,1,63.49,0.20
5748,52464,1189,3,125.27,0.00
5749,52465,1129,4,34.84,0.15
5750,52466,1120,1,265.08,0.10
5751,52466,1180,1,24.86,0.15
5752,52466,1149,1,157.24,0.10
5753,52466,1123,4,80.02,0.20
5754,52467,1172,1,9.40,0.05
5755,52467,1133,2,295.97,0.05
5756,52467,1102,1,368.00,0.00
5757,52468,1067,1,224.86,0.25
5758,52468,1025,1,377.87,0.15
5759,52468,1070,1,188.80,0.05
5760,52468,1194,2,27.23,0.00
5761,52469,1014,2,76.49,0.25
5762,52469,1078,1,38.72,0.00
5763,52470,1051,1,13.02,0.25
5764,52470,1086,2,437.72,0.00
5765,52470,1077,2,119.14,0.20
5766,52470,1162,2,149.05,0.00
5767,52471,1013,2,554.34,0.15
5768,52471,1009,1,157.54,0.15
5769,52471,1134,1,213.64,0.20
5770,52471,1197,2,58.70,0.00
5771,52471,1085,1,102.89,0.00
5772,52472,1020,1,536.40,0.10
5773,52472,1195,4,173.83,0.10
5774,52473,1197,1,58.63,0.20
5775,52474,1021,1,436.58,0.10
5776,52474,1058,2,224.90,0.00
5777,52475,1124,1,91.04,0.25
5778,52475,1024,1,84.34,0.20
5779,52476,1193,1,76.48,0.25
5780,52476,1115,1,72.45,0.10
5781,52477,1123,3,82.50,0.10
5782,52477,1001,1,382.34,0.20
5783,52477,1171,2,146.92,0.00
5784,52478,1057,2,125.35,0.25
5785,52478,1156,4,313.70,0.25
5786,52478,1140,3,101.02,0.10
5787,52478,1128,2,359.40,0.05
5788,52478,1129,2,35.81,0.00
5789,52479,1185,2,5.16,0.05
5790,52480,1189,1,124.02,0.00
5791,52480,1126,1,119.32,0.00
5792,52481,1130,1,97.20,0.00
5793,52482,1062,2,200.51,0.00
5794,52482,1178,1,180.50,0.00
5795,52483,1046,2,35.60,0.05
5796,52483,1038,1,417.31,0.25
5797,52484,1198,1,5.17,0.00
5798,52484,1184,2,50.20,0.00
5799,52485,1052,1,176.73,0.05
5800,52485,1063,3,10.18,0.00
5801,52486,1112,1,251.06,0.00
5802,52486,1138,1,57.03,0.10
5803,52486,1027,3,180.39,0.00
5804,52486,1097,1,116.07,0.10
5805,52487,1153,1,58.89,0.00
5806,52487,1104,1,184.84,0.15
5807,52488,1170,2,83.39,0.00
5808,52489,1106,2,120.35,0.10
5809,52489,1114,1,237.85,0.25
5810,52490,1178,1,177.18,0.00
5811,52490,1125,1,236.23,0.00
5812,52491,1028,1,406.52,0.00
5813,52491,1136,1,285.72,0.00
5814,52492,1053,1,73.90,0.00
5815,52492,1154,1,116.64,0.00
5816,52493,1183,1,74.00,0.15
5817,52493,1178,1,176.53,0.10
5818,52494,1166,1,144.15,0.00
5819,52494,1081,1,36.49,0.00
5820,52494,1177,2,169.20,0.00
5821,52494,1005,3,277.27,0.00
5822,52494,1084,5,113.93,0.10
5823,52495,1037,2,520.76,0.20
5824,52496,1038,1,390.17,0.25
5825,52497,1138,2,57.43,0.00
5826,52498,1010,1,494.81,0.25
5827,52498,1128,2,362.08,0.00
5828,52498,1088,3,359.86,0.05
5829,52498,1002,3,188.91,0.15
5830,52498,1014,1,77.43,0.15
5831,52499,1160,2,62.91,0.00
5832,52500,1021,1,433.01,0.10
5833,52501,1004,1,521.30,0.15
5834,52501,1111,2,436.74,0.05
5835,52501,1054,1,37.67,0.10
5836,52502,1150,2,35.77,0.00
5837,52502,1155,2,290.54,0.00
5838,52502,1194,2,27.39,0.00
5839,52503,1049,1,241.02,0.10
5840,52503,1191,1,133.07,0.05
5841,52504,1004,2,526.89,0.20
5842,52505,1014,1,78.06,0.05
5843,52505,1176,1,175.27,0.00
5844,52505,1096,1,197.15,0.10
5845,52506,1036,1,144.38,0.05
5846,52506,1200,2,123.01,0.05
5847,52506,1173,1,64.87,0.00
5848,52506,1186,5,100.16,0.15
5849,52507,1055,4,119.69,0.20
5850,52507,1122,1,184.24,0.05
5851,52507,1147,3,232.84,0.00
5852,52507,1180,1,24.68,0.00
5853,52508,1197,2,56.41,0.00
5854,52508,1079,1,92.10,0.00
5855,52508,1048,1,25.08,0.10
5856,52508,1065,1,220.01,0.25
5857,52509,1042,1,150.71,0.15
5858,52510,1114,1,222.43,0.00
5859,52511,1142,1,226.65,0.10
5860,52511,1011,4,496.15,0.00
5861,52511,1009,1,151.38,0.00
5862,52511,1013,3,594.41,0.15
5863,52511,1184,1,50.31,0.25
5864,52512,1028,5,409.43,0.00
5865,52512,1073,2,114.61,0.25
5866,52512,1136,3,298.30,0.00
5867,52513,1105,3,172.46,0.00
5868,52514,1086,2,425.81,0.00
5869,52514,1061,1,197.67,0.05
5870,52515,1034,3,152.70,0.00
5871,52515,1060,5,156.28,0.00
5872,52515,1144,2,298.31,0.00
5873,52515,1027,1,184.03,0.05
5874,52516,1052,1,175.41,0.00
5875,52516,1023,5,70.00,0.00
5876,52516,1169,1,43.73,0.00
5877,52517,1050,2,237.75,0.10
5878,52517,1115,2,72.72,0.15
5879,52517,1044,1,253.38,0.15
5880,52518,1163,2,9.20,0.10
5881,52519,1050,2,241.50,0.10
5882,52519,1157,1,93.64,0.05
5883,52519,1123,2,81.67,0.00
5884,52519,1039,1,539.53,0.00
5885,52520,1150,1,34.45,0.20
5886,52520,1170,1,85.08,0.00
5887,52521,1167,2,139.96,0.20
5888,52522,1046,1,35.91,0.10
5889,52522,1006,1,156.03,0.00
5890,52523,1070,1,187.16,0.05
5891,52523,1002,1,184.88,0.05
5892,52523,1186,2,99.09,0.00
5893,52523,1159,4,152.95,0.00
5894,52523,1023,2,68.60,0.10
5895,52524,1099,1,247.77,0.10
5896,52524,1141,3,254.34,0.05
5897,52524,1010,1,491.22,0.20
5898,52524,1120,3,265.48,0.00
5899,52525,1117,2,274.61,0.00
5900,52525,1005,1,256.97,0.15
5901,52526,1131,3,308.98,0.00
5902,52526,1022,1,155.95,0.15
5903,52527,1083,1,378.47,0.20
5904,52527,1016,1,471.29,0.10
5905,52528,1169,2,42.36,0.15
5906,52528,1094,2,399.66,0.25
5907,52528,1067,2,227.58,0.15
5908,52529,1163,3,9.50,0.10
5909,52529,1098,2,201.52,0.05
5910,52530,1075,2,56.36,0.00
5911,52530,1024,1,81.82,0.25
5912,52530,1018,5,235.99,0.20
5913,52530,1156,1,304.03,0.05
5914,52531,1158,1,277.37,0.20
5915,52531,1049,1,256.56,0.05
5916,52532,1153,2,60.15,0.00
5917,52532,1070,1,188.57,0.15
5918,52533,1089,1,47.01,0.10
5919,52533,1198,1,4.92,0.00
5920,52534,1068,1,31.14,0.00
5921,52534,1046,2,35.71,0.15
5922,52534,1019,1,513.32,0.25
5923,52535,1039,1,541.44,0.15
5924,52536,1126,2,115.49,0.00
5925,52536,1051,4,12.27,0.15
5926,52537,1122,1,180.94,0.20
5927,52537,1200,1,116.83,0.00
5928,52537,1083,1,375.22,0.00
5929,52537,1107,2,215.13,0.00
5930,52537,1027,1,182.98,0.15
5931,52538,1043,1,110.09,0.00
5932,52538,1105,1,171.13,0.20
5933,52538,1060,1,157.97,0.00
5934,52538,1161,1,157.78,0.05
5935,52538,1035,3,206.29,0.05
5936,52539,1048,3,25.67,0.00
5937,52539,1051,1,13.06,0.05
5938,52540,1088,1,354.90,0.10
5939,52540,1114,1,224.99,0.00
5940,52540,1022,1,162.13,0.05
5941,52540,1146,1,11.33,0.00
5942,52541,1158,1,277.60,0.00
5943,52541,1137,2,226.36,0.10
5944,52542,1075,1,57.76,0.00
5945,52542,1144,4,287.76,0.10
5946,52542,1175,1,113.90,0.00
5947,52543,1116,1,41.88,0.00
5948,52543,1054,1,37.70,0.10
5949,52543,1086,1,419.09,0.05
5950,52543,1053,3,74.24,0.15
5951,52544,1104,1,186.41,0.00
5952,52544,1091,1,337.01,0.20
5953,52544,1194,2,27.68,0.00
5954,52545,1053,2,76.99,0.15
5955,52546,1156,5,324.91,0.00
5956,52546,1049,1,242.32,0.00
5957,52547,1195,1,171.25,0.05
5958,52548,1016,1,495.57,0.10
5959,52548,1143,2,175.81,0.00
5960,52549,1178,1,170.89,0.05
5961,52550,1065,1,213.53,0.00
5962,52550,1007,2,39.09,0.10
5963,52551,1161,1,160.22,0.25
5964,52551,1048,1,24.60,0.05
5965,52552,1041,1,148.25,0.00
5966,52552,1200,1,122.07,0.05
5967,52552,1197,2,58.17,0.10
5968,52552,1138,1,57.50,0.15
5969,52553,1113,1,30.86,0.00
5970,52554,1061,4,193.78,0.00
5971,52554,1120,1,268.85,0.05
5972,52554,1196,1,157.97,0.00
5973,52554,1123,1,76.32,0.20
5974,52555,1018,1,234.90,0.00
5975,52555,1049,1,243.63,0.00
5976,52555,1061,1,197.47,0.00
5977,52556,1158,4,285.01,0.10
5978,52556,1008,1,385.16,0.15
5979,52556,1053,2,72.24,0.15
5980,52556,1165,1,145.35,0.00
5981,52557,1194,2,26.65,0.20
5982,52558,1105,5,173.03,0.05
5983,52558,1091,5,322.09,0.00
5984,52559,1074,4,142.09,0.00
5985,52559,1023,1,68.93,0.00
5986,52559,1037,1,516.40,0.20
5987,52559,1051,1,12.59,0.00
5988,52559,1178,1,174.78,0.00
5989,52560,1033,1,497.45,0.20
5990,52560,1098,4,205.92,0.00
5991,52560,1155,3,290.72,0.00
5992,52561,1169,1,44.39,0.20
5993,52561,1079,1,91.24,0.10
5994,52562,1001,4,397.89,0.05
5995,52562,1044,2,247.11,0.00
5996,52562,1165,2,146.82,0.15
5997,52563,1190,2,59.11,0.10
5998,52563,1011,1,500.82,0.05
5999,52563,1054,1,35.76,0.05
6000,52563,1140,2,104.33,0.00
6001,52563,1073,2,113.81,0.05
6002,52564,1188,1,71.21,0.05
6003,52565,1015,3,527.82,0.00
6004,52566,1167,3,144.22,0.25
6005,52566,1036,2,150.21,0.10
6006,52566,1060,3,158.58,0.00
6007,52567,1189,1,118.55,0.05
6008,52568,1159,2,147.81,0.15
6009,52568,1150,1,36.04,0.10
6010,52568,1128,1,363.20,0.00
6011,52569,1099,3,248.05,0.00
6012,52569,1195,1,166.31,0.05
6013,52570,1136,1,291.87,0.25
6014,52571,1037,3,529.50,0.15
6015,52571,1013,1,563.32,0.25
6016,52571,1045,1,31.28,0.00
6017,52572,1050,1,239.90,0.00
6018,52573,1025,3,393.35,0.05
6019,52574,1105,1,171.94,0.00
6020,52575,1027,1,171.57,0.20
6021,52576,1187,1,132.33,0.10
6022,52577,1019,1,513.45,0.00
6023,52577,1031,1,609.31,0.00
6024,52578,1167,1,146.89,0.15
6025,52578,1026,3,241.37,0.15
6026,52578,1087,1,215.78,0.20
6027,52579,1087,2,223.47,0.05
6028,52579,1163,1,8.98,0.15
6029,52580,1021,1,441.04,0.00
6030,52581,1143,2,180.19,0.25
6031,52581,1071,1,127.58,0.00
6032,52581,1120,4,263.73,0.05
6033,52581,1132,3,138.32,0.00
6034,52582,1025,1,377.36,0.00
6035,52582,1056,1,216.87,0.20
6036,52583,1137,2,228.89,0.00
6037,52583,1161,1,153.81,0.20
6038,52584,1016,1,483.78,0.10
6039,52584,1067,1,212.66,0.00
6040,52585,1143,3,173.43,0.10
6041,52585,1188,2,66.74,0.10
6042,52585,1069,1,26.82,0.05
6043,52586,1147,2,221.66,0.00
6044,52586,1101,3,420.70,0.00
6045,52587,1105,4,168.82,0.10
6046,52587,1051,2,12.67,0.25
6047,52587,1167,4,143.75,0.20
6048,52588,1097,1,118.00,0.15
6049,52588,1063,2,10.20,0.15
6050,52588,1113,1,29.83,0.10
6051,52589,1041,3,142.62,0.25
6052,52590,1025,1,399.66,0.15
6053,52590,1086,3,409.18,0.20
6054,52591,1050,2,242.88,0.10
6055,52591,1196,1,168.83,0.05
6056,52591,1095,1,92.30,0.00
6057,52592,1156,1,304.20,0.05
6058,52592,1161,1,155.45,0.15
6059,52592,1132,2,135.82,0.25
6060,52592,1166,2,150.63,0.00
6061,52593,1177,1,174.80,0.05
6062,52593,1001,2,377.26,0.15
6063,52593,1017,1,341.68,0.25
6064,52593,1183,1,73.77,0.20
6065,52594,1086,1,432.56,0.05
6066,52594,1189,1,122.91,0.15
6067,52595,1070,1,195.42,0.00
6068,52595,1101,2,438.83,0.00
6069,52596,1107,1,202.40,0.25
6070,52596,1021,2,429.27,0.00
6071,52597,1177,1,174.17,0.10
6072,52597,1099,2,249.13,0.05
6073,52597,1160,2,63.41,0.00
6074,52598,1093,2,188.66,0.05
6075,52598,1010,4,472.41,0.05
6076,52599,1184,3,48.04,0.05
6077,52599,1095,1,86.50,0.20
6078,52599,1007,3,38.91,0.20
6079,52599,1026,1,232.92,0.15
6080,52599,1058,3,234.34,0.15
6081,52600,1187,2,138.52,0.20
6082,52600,1051,1,12.67,0.00
6083,52601,1076,1,248.84,0.15
6084,52601,1080,1,66.59,0.15
6085,52602,1118,2,111.12,0.00
6086,52603,1120,2,266.80,0.00
6087,52603,1005,1,272.21,0.25
6088,52604,1161,1,155.73,0.20
6089,52604,1153,2,61.33,0.00
6090,52604,1009,1,146.35,0.00
6091,52604,1037,1,522.33,0.15
6092,52604,1135,3,230.16,0.00
6093,52605,1082,1,104.13,0.20
6094,52606,1180,4,24.29,0.00
6095,52606,1190,2,58.58,0.20
6096,52606,1008,1,414.00,0.00
6097,52607,1140,1,100.02,0.00
6098,52607,1084,2,110.96,0.00
6099,52608,1087,2,216.19,0.00
6100,52608,1174,1,168.46,0.10
6101,52609,1168,1,155.90,0.00
6102,52609,1158,1,278.92,0.05
6103,52609,1172,3,9.01,0.00
6104,52610,1171,1,143.12,0.00
6105,52610,1125,1,242.59,0.25
6106,52610,1113,5,29.69,0.05
6107,52610,1077,1,117.68,0.25
6108,52611,1171,2,143.48,0.10
6109,52611,1139,1,47.95,0.25
6110,52611,1130,1,101.80,0.10
6111,52611,1134,3,217.46,0.25
6112,52612,1024,2,85.46,0.15
6113,52612,1137,1,227.75,0.00
6114,52613,1188,2,68.34,0.15
6115,52613,1111,4,427.48,0.15
6116,52614,1119,1,413.93,0.10
6117,52614,1010,1,504.82,0.00
6118,52615,1051,1,12.80,0.00
6119,52615,1082,4,104.14,0.15
6120,52616,1072,2,70.97,0.10
6121,52617,1064,2,14.26,0.00
6122,52617,1075,3,56.27,0.00
6123,52617,1176,2,183.77,0.05
6124,52618,1151,1,304.90,0.00
6125,52619,1194,1,27.22,0.20
6126,52619,1086,1,406.25,0.00
6127,52620,1008,1,399.46,0.25
6128,52620,1147,3,220.22,0.15
6129,52621,1195,1,175.09,0.25
6130,52622,1079,2,92.49,0.15
6131,52623,1019,2,502.22,0.00
6132,52623,1088,1,357.90,0.00
6133,52623,1168,3,160.34,0.10
6134,52623,1025,1,382.08,0.00
6135,52623,1036,2,150.53,0.05
6136,52624,1186,1,99.04,0.00
6137,52625,1070,1,198.09,0.15
6138,52625,1163,5,9.07,0.25
6139,52626,1124,1,90.10,0.00
6140,52626,1061,1,194.87,0.20
6141,52627,1035,2,212.65,0.00
6142,52628,1140,1,99.41,0.20
6143,52629,1181,5,134.11,0.10
6144,52629,1173,3,61.45,0.20
6145,52629,1188,3,67.64,0.15
6146,52630,1096,5,197.37,0.15
6147,52630,1194,1,27.66,0.00
6148,52630,1178,1,179.08,0.00
6149,52631,1174,1,173.88,0.00
6150,52631,1089,2,48.88,0.05
6151,52632,1191,1,128.19,0.15
6152,52633,1183,4,69.76,0.10
6153,52633,1164,3,63.53,0.10
6154,52633,1079,2,92.48,0.00
6155,52633,1146,3,11.36,0.15
6156,52634,1020,3,536.41,0.25
6157,52635,1061,1,187.86,0.05
6158,52636,1004,3,528.79,0.15
6159,52637,1050,1,234.47,0.05
6160,52637,1146,1,11.41,0.00
6161,52637,1012,2,225.56,0.00
6162,52637,1101,4,425.62,0.05
6163,52638,1052,1,178.27,0.00
6164,52638,1033,2,516.67,0.00
6165,52638,1190,3,61.93,0.10
6166,52639,1031,1,570.62,0.00
6167,52639,1072,3,70.75,0.10
6168,52639,1043,1,109.59,0.05
6169,52639,1183,1,72.47,0.05
6170,52640,1170,1,85.42,0.15
6171,52640,1176,3,178.71,0.00
6172,52640,1139,5,47.21,0.00
6173,52640,1177,1,167.23,0.00
6174,52641,1011,2,470.21,0.20
6175,52641,1179,2,178.33,0.00
6176,52642,1078,1,39.28,0.00
6177,52643,1013,1,569.44,0.15
6178,52643,1167,1,138.20,0.10
6179,52643,1005,1,276.79,0.00
6180,52644,1071,1,128.37,0.00
6181,52644,1066,1,81.78,0.05
6182,52645,1080,2,63.46,0.05
6183,52645,1046,1,35.81,0.00
6184,52646,1109,1,250.33,0.00
6185,52647,1040,3,172.56,0.10
6186,52648,1030,1,120.07,0.00
6187,52649,1143,2,181.22,0.10
6188,52649,1048,5,24.87,0.05
6189,52649,1141,1,255.25,0.00
6190,52650,1149,1,156.39,0.05
6191,52650,1035,1,209.02,0.00
6192,52650,1129,1,34.72,0.00
6193,52650,1162,1,144.24,0.10
6194,52650,1152,1,288.58,0.10
6195,52651,1199,1,78.29,0.15
6196,52651,1062,1,199.45,0.10
6197,52652,1025,3,376.12,0.05
6198,52652,1185,3,5.21,0.05
6199,52653,1114,1,228.71,0.15
6200,52653,1130,2,97.67,0.20
6201,52653,1054,1,38.06,0.00
6202,52654,1058,1,223.07,0.25
6203,52655,1028,1,402.04,0.00
6204,52655,1122,2,180.66,0.00
6205,52655,1161,3,152.90,0.00
6206,52655,1158,3,278.28,0.10
6207,52655,1017,1,334.60,0.00
6208,52656,1147,1,229.09,0.15
6209,52656,1042,3,151.26,0.05
6210,52656,1028,1,386.40,0.00
6211,52657,1026,3,240.42,0.10
6212,52657,1096,1,199.09,0.20
6213,52658,1177,2,172.04,0.10
6214,52658,1031,1,594.50,0.00
6215,52659,1149,3,150.88,0.05
6216,52659,1097,2,116.91,0.00
6217,52659,1140,3,105.42,0.20
6218,52660,1117,4,274.83,0.00
6219,52660,1076,2,247.69,0.25
6220,52661,1009,3,152.05,0.00
6221,52661,1188,2,70.28,0.00
6222,52662,1185,2,5.26,0.00
6223,52662,1045,1,31.17,0.15
6224,52662,1112,3,243.68,0.15
6225,52662,1128,1,356.28,0.00
6226,52663,1113,2,29.63,0.10
6227,52663,1175,1,112.71,0.00
6228,52664,1015,1,512.23,0.10
6229,52664,1132,1,138.16,0.10
6230,52664,1134,3,220.97,0.15
6231,52665,1198,1,4.90,0.15
6232,52665,1079,1,93.69,0.00
6233,52666,1066,1,86.01,0.25
6234,52666,1052,3,180.14,0.00
6235,52667,1098,1,202.07,0.00
6236,52667,1042,2,146.00,0.00
6237,52668,1029,1,126.22,0.10
6238,52669,1156,1,304.99,0.00
6239,52669,1141,1,256.99,0.00
6240,52669,1172,1,9.45,0.00
6241,52669,1006,3,152.34,0.05
6242,52670,1047,4,205.85,0.20
6243,52671,1051,1,12.49,0.05
6244,52672,1084,1,113.60,0.15
6245,52673,1167,1,146.31,0.15
6246,52673,1112,1,246.42,0.00
6247,52673,1158,3,270.06,0.00
6248,52674,1176,1,182.60,0.05
6249,52674,1081,2,35.70,0.00
6250,52675,1154,1,116.94,0.00
6251,52675,1183,2,70.70,0.20
6252,52676,1200,5,117.04,0.05
6253,52676,1072,2,74.85,0.10
6254,52677,1174,2,169.35,0.00
6255,52678,1126,2,113.84,0.10
6256,52678,1192,3,57.55,0.00
6257,52679,1045,3,32.48,0.00
6258,52680,1127,1,35.16,0.05
6259,52680,1116,1,41.04,0.00
6260,52681,1054,1,35.54,0.00
6261,52682,1091,1,323.45,0.20
6262,52682,1179,3,166.89,0.00
6263,52682,1163,1,9.30,0.05
6264,52683,1075,1,59.74,0.00
6265,52683,1074,1,135.30,0.05
6266,52683,1099,1,248.52,0.10
6267,52684,1184,1,51.19,0.25
6268,52685,1041,1,142.90,0.00
6269,52685,1088,1,363.91,0.15
6270,52685,1065,1,218.19,0.00
6271,52686,1020,1,518.74,0.00
6272,52687,1162,1,150.84,0.10
6273,52687,1033,2,500.58,0.00
6274,52688,1068,1,29.63,0.00
6275,52688,1127,1,35.80,0.05
6276,52688,1035,1,209.91,0.00
6277,52688,1184,1,48.28,0.00
6278,52689,1141,1,255.71,0.00
6279,52689,1122,1,182.82,0.05
6280,52689,1043,2,109.91,0.00
6281,52689,1073,1,110.88,0.00
6282,52690,1047,5,201.39,0.00
6283,52690,1044,1,241.73,0.10
6284,52691,1200,2,120.41,0.25
6285,52692,1035,3,207.58,0.15
6286,52692,1093,3,190.07,0.00
6287,52693,1060,1,156.79,0.15
6288,52693,1046,1,36.73,0.00
6289,52693,1044,1,250.09,0.05
6290,52694,1144,1,301.84,0.05
6291,52694,1150,1,35.18,0.15
6292,52694,1095,1,92.22,0.05
6293,52694,1148,1,252.49,0.25
6294,52695,1096,3,188.65,0.00
6295,52695,1150,4,36.21,0.00
6296,52696,1155,2,280.82,0.05
6297,52697,1161,1,162.29,0.25
6298,52697,1126,3,120.41,0.10
6299,52697,1020,2,531.42,0.25
6300,52698,1128,5,352.27,0.00
6301,52698,1014,2,79.86,0.00
6302,52698,1012,1,215.68,0.15
6303,52698,1120,3,272.24,0.00
6304,52699,1083,1,394.41,0.05
6305,52700,1015,1,505.87,0.00
6306,52700,1097,3,112.59,0.15
6307,52701,1099,2,242.25,0.00
6308,52701,1084,1,109.93,0.00
6309,52701,1172,1,8.94,0.00
6310,52702,1015,3,492.01,0.05
6311,52702,1030,1,115.93,0.15
6312,52703,1161,1,158.08,0.05
6313,52703,1169,2,43.33,0.00
6314,52704,1011,3,479.35,0.10
6315,52704,1165,1,150.69,0.00
6316,52705,1151,1,320.21,0.00
6317,52706,1195,1,168.00,0.00
6318,52706,1044,3,253.40,0.10
6319,52707,1006,1,149.22,0.00
6320,52707,1133,2,292.10,0.00
6321,52708,1186,1,97.42,0.10
6322,52708,1128,2,340.96,0.00
6323,52709,1066,2,83.20,0.05
6324,52709,1119,2,385.36,0.10
6325,52709,1131,2,315.47,0.20
6326,52709,1028,5,404.14,0.10
6327,52709,1038,1,388.41,0.05
6328,52710,1064,1,14.48,0.05
6329,52710,1184,1,50.16,0.10
6330,52711,1025,4,401.76,0.20
6331,52711,1140,1,104.24,0.25
6332,52711,1008,1,410.48,0.20
6333,52711,1116,2,41.89,0.00
6334,52712,1113,5,30.08,0.10
6335,52712,1146,1,11.28,0.20
6336,52712,1171,1,148.17,0.25
6337,52713,1077,1,117.38,0.00
6338,52713,1080,3,64.82,0.00
6339,52713,1147,3,228.71,0.15
6340,52713,1109,4,257.17,0.15
6341,52714,1066,1,86.93,0.00
6342,52714,1165,3,148.49,0.05
6343,52714,1077,2,110.62,0.20
6344,52715,1122,1,183.75,0.00
6345,52716,1038,1,410.77,0.15
6346,52716,1118,3,110.61,0.00
6347,52717,1086,1,434.69,0.00
6348,52717,1130,4,96.95,0.00
6349,52718,1034,3,151.08,0.00
6350,52718,1165,3,142.17,0.00
6351,52718,1161,5,159.10,0.05
6352,52719,1130,1,99.49,0.25
6353,52719,1057,4,130.72,0.05
6354,52720,1039,1,564.98,0.25
6355,52720,1029,1,122.06,0.15
6356,52721,1025,1,405.58,0.10
6357,52722,1180,3,24.70,0.00
6358,52723,1140,1,105.78,0.00
6359,52724,1179,1,171.58,0.05
6360,52724,1182,1,110.10,0.10
6361,52725,1032,2,332.63,0.00
6362,52726,1088,4,355.83,0.00
6363,52726,1098,4,197.09,0.25
6364,52726,1089,1,49.93,0.05
6365,52726,1159,1,146.81,0.00
6366,52726,1185,1,5.40,0.10
6367,52727,1017,1,328.44,0.25
6368,52728,1121,2,147.97,0.10
6369,52728,1110,2,75.59,0.10
6370,52729,1030,4,121.49,0.15
6371,52729,1008,1,412.19,0.20
6372,52730,1047,2,204.56,0.00
6373,52730,1035,2,201.15,0.10
6374,52730,1118,1,112.21,0.00
6375,52731,1091,4,341.43,0.05
6376,52732,1088,1,357.39,0.10
6377,52732,1176,5,181.89,0.20
6378,52732,1061,1,196.51,0.00
6379,52733,1075,2,59.06,0.00
6380,52733,1072,1,72.76,0.10
6381,52733,1117,2,276.07,0.10
6382,52734,1159,2,145.29,0.00
6383,52734,1191,1,126.39,0.00
6384,52735,1170,4,83.03,0.10
6385,52735,1102,1,375.44,0.10
6386,52735,1030,4,122.96,0.20
6387,52736,1113,1,31.52,0.25
6388,52736,1164,1,60.74,0.15
6389,52736,1171,2,140.89,0.05
6390,52737,1023,2,71.35,0.00
6391,52737,1195,4,169.79,0.10
6392,52737,1169,3,43.97,0.10
6393,52738,1087,1,208.78,0.00
6394,52738,1003,1,445.40,0.05
6395,52738,1093,1,182.63,0.25
6396,52738,1010,1,473.60,0.20
6397,52739,1032,1,341.46,0.20
6398,52739,1079,1,93.66,0.00
6399,52740,1055,1,117.19,0.00
6400,52740,1063,2,9.81,0.10
6401,52741,1033,4,528.38,0.20
6402,52742,1183,1,73.67,0.20
6403,52743,1175,1,117.71,0.05
6404,52743,1104,1,182.12,0.00
6405,52743,1136,2,276.73,0.00
6406,52744,1094,3,383.78,0.00
6407,52744,1171,1,139.47,0.00
6408,52745,1187,1,134.08,0.00
6409,52746,1162,1,147.07,0.00
6410,52747,1089,1,47.73,0.25
6411,52747,1096,2,195.03,0.15
6412,52747,1082,3,109.79,0.20
6413,52747,1059,1,78.37,0.00
6414,52748,1041,1,145.43,0.00
6415,52749,1163,2,9.27,0.00
6416,52749,1144,2,286.12,0.00
6417,52749,1188,2,67.86,0.15
6418,52750,1066,1,86.01,0.20
6419,52750,1196,1,162.28,0.05
6420,52751,1076,2,258.71,0.10
6421,52751,1002,1,186.57,0.15
6422,52751,1114,1,224.42,0.00
6423,52752,1076,1,247.79,0.00
6424,52753,1194,1,27.45,0.00
6425,52753,1133,2,289.32,0.20
6426,52753,1119,2,411.77,0.00
6427,52754,1135,2,228.78,0.05
6428,52754,1073,1,109.19,0.00
6429,52755,1079,3,92.27,0.15
6430,52755,1027,1,185.00,0.15
6431,52756,1105,2,177.30,0.05
6432,52757,1168,1,163.40,0.15
6433,52757,1181,1,135.80,0.25
6434,52758,1141,1,256.80,0.00
6435,52758,1042,2,146.37,0.00
6436,52759,1147,1,218.94,0.00
6437,52759,1171,2,138.95,0.00
6438,52759,1198,1,4.99,0.00
6439,52760,1129,1,35.58,0.00
6440,52761,1007,1,40.53,0.25
6441,52761,1192,2,58.88,0.10
6442,52762,1016,1,473.76,0.25
6443,52762,1045,1,32.09,0.00
6444,52762,1099,3,249.57,0.10
6445,52763,1134,5,218.12,0.05
6446,52763,1166,2,143.45,0.25
6447,52763,1113,2,29.90,0.00
6448,52764,1072,4,71.57,0.05
6449,52764,1001,1,381.11,0.00
6450,52765,1015,1,505.19,0.00
6451,52765,1068,3,30.89,0.00
6452,52766,1003,1,455.00,0.00
6453,52766,1175,1,112.65,0.10
6454,52767,1157,1,92.42,0.00
6455,52768,1043,1,103.54,0.00
6456,52769,1166,1,152.02,0.00
6457,52769,1153,2,58.97,0.25
6458,52770,1031,1,594.38,0.00
6459,52770,1155,1,273.87,0.20
6460,52770,1150,3,34.84,0.00
6461,52770,1146,4,11.38,0.10
6462,52770,1114,2,222.89,0.15
6463,52771,1183,3,75.25,0.20
6464,52771,1014,3,79.19,0.25
6465,52772,1166,1,152.50,0.15
6466,52772,1014,3,76.11,0.00
6467,52772,1135,3,241.55,0.00
6468,52773,1192,1,59.16,0.10
6469,52773,1171,1,144.03,0.00
6470,52773,1098,2,205.99,0.05
6471,52773,1124,1,89.20,0.25
6472,52773,1195,1,169.54,0.25
6473,52774,1112,2,242.13,0.15
6474,52775,1012,2,214.55,0.05
6475,52775,1119,3,410.73,0.00
6476,52775,1156,1,319.59,0.15
6477,52776,1014,1,79.75,0.15
6478,52776,1021,1,416.79,0.00
6479,52777,1012,1,217.17,0.00
6480,52777,1108,2,440.99,0.15
6481,52778,1074,3,136.30,0.10
6482,52778,1193,1,77.95,0.05
6483,52778,1148,1,254.07,0.05
6484,52779,1161,1,159.78,0.00
6485,52780,1039,4,554.00,0.15
6486,52781,1145,1,156.41,0.10
6487,52781,1119,1,411.89,0.05
6488,52782,1162,1,141.38,0.25
6489,52782,1010,3,492.84,0.20
6490,52783,1192,3,59.53,0.00
6491,52783,1105,1,167.28,0.00
6492,52783,1066,2,83.40,0.25
6493,52783,1070,1,199.81,0.00
6494,52784,1034,1,159.60,0.20
6495,52785,1171,2,140.98,0.00
6496,52785,1038,1,416.61,0.00
6497,52785,1062,1,196.27,0.15
6498,52785,1018,2,241.48,0.05
6499,52785,1031,1,601.27,0.05
6500,52786,1085,3,102.36,0.10
6501,52786,1164,2,61.78,0.10
6502,52786,1113,1,30.29,0.10
6503,52786,1074,1,134.90,0.10
6504,52787,1062,2,198.40,0.20
6505,52788,1139,5,46.46,0.25
6506,52788,1061,2,188.42,0.10
6507,52788,1030,1,119.34,0.10
6508,52789,1173,1,62.32,0.20
6509,52790,1114,2,222.82,0.00
6510,52790,1133,1,297.62,0.10
6511,52790,1127,4,33.48,0.00
6512,52790,1182,1,110.13,0.00
6513,52791,1043,3,102.73,0.25
6514,52791,1049,2,257.00,0.25
6515,52791,1116,3,40.80,0.05
6516,52791,1097,2,116.75,0.10
6517,52791,1022,1,162.07,0.15
6518,52792,1009,4,150.40,0.00
6519,52792,1045,1,32.68,0.00
6520,52793,1047,1,206.71,0.00
6521,52793,1139,2,44.90,0.00
6522,52794,1139,1,45.62,0.20
6523,52794,1041,1,143.79,0.20
6524,52794,1129,2,34.95,0.00
6525,52794,1196,5,162.86,0.10
6526,52794,1167,1,144.10,0.00
6527,52795,1168,2,160.61,0.05
6528,52795,1027,2,185.64,0.00
6529,52796,1090,1,199.78,0.00
6530,52796,1064,1,14.56,0.00
6531,52796,1132,2,137.09,0.20
6532,52797,1045,1,32.62,0.10
6533,52797,1141,1,246.66,0.25
6534,52798,1184,3,50.22,0.20
6535,52799,1094,2,380.59,0.00
6536,52799,1081,2,36.72,0.00
6537,52800,1114,3,227.07,0.05
6538,52800,1082,1,104.15,0.15
6539,52801,1035,2,210.09,0.05
6540,52801,1044,1,239.73,0.00
6541,52802,1157,1,97.33,0.10
6542,52802,1093,1,181.23,0.25
6543,52802,1098,1,197.01,0.00
6544,52802,1086,1,415.50,0.05
6545,52803,1125,2,245.58,0.25
6546,52804,1009,1,153.71,0.15
6547,52805,1113,1,31.49,0.00
6548,52806,1175,2,116.29,0.15
6549,52807,1082,3,107.65,0.10
6550,52807,1050,5,251.48,0.15
6551,52808,1141,4,262.04,0.05
6552,52809,1131,1,308.53,0.20
6553,52809,1196,4,162.50,0.00
6554,52809,1083,1,391.81,0.00
6555,52810,1185,4,5.45,0.10
6556,52810,1060,1,162.07,0.00
6557,52811,1089,1,49.12,0.05
6558,52811,1099,1,241.03,0.00
6559,52811,1042,1,154.00,0.00
6560,52811,1100,1,443.41,0.00
6561,52812,1052,1,171.31,0.10
6562,52812,1042,1,150.48,0.00
6563,52813,1129,2,36.14,0.15
6564,52813,1162,1,144.80,0.00
6565,52813,1045,2,32.88,0.15
6566,52814,1043,2,105.01,0.15
6567,52815,1160,2,60.40,0.25
6568,52815,1181,1,132.44,0.05
6569,52816,1016,2,475.57,0.15
6570,52817,1041,3,147.57,0.20
6571,52817,1124,1,89.61,0.10
6572,52817,1019,2,490.37,0.00
6573,52817,1152,3,283.15,0.15
6574,52817,1119,3,386.56,0.05
6575,52818,1068,2,29.36,0.05
6576,52818,1148,3,255.78,0.20
6577,52818,1030,4,116.32,0.15
6578,52818,1125,3,233.15,0.10
6579,52819,1164,1,62.11,0.00
6580,52819,1057,2,132.60,0.10
6581,52819,1116,1,40.90,0.00
6582,52820,1160,5,61.13,0.00
6583,52820,1200,4,121.06,0.25
6584,52821,1184,1,48.36,0.20
6585,52821,1151,2,310.65,0.00
6586,52821,1090,2,191.75,0.00
6587,52822,1170,2,83.91,0.00
6588,52822,1151,4,304.76,0.00
6589,52823,1006,1,156.22,0.00
6590,52823,1074,3,134.23,0.05
6591,52823,1034,1,156.34,0.00
6592,52824,1085,1,101.98,0.00
6593,52824,1182,1,108.12,0.00
6594,52825,1098,1,203.82,0.00
6595,52826,1098,1,202.45,0.05
6596,52827,1148,3,253.27,0.20
6597,52827,1171,2,139.05,0.05
6598,52827,1169,1,43.25,0.00
6599,52828,1093,1,189.22,0.00
6600,52828,1088,1,354.31,0.15
6601,52828,1055,2,115.67,0.00
6602,52828,1140,1,105.65,0.00
6603,52829,1001,1,405.10,0.05
6604,52830,1155,5,286.06,0.20
6605,52831,1012,3,213.95,0.20
6606,52832,1149,2,159.17,0.15
6607,52833,1124,1,92.37,0.00
6608,52833,1104,1,185.96,0.00
6609,52834,1197,1,56.02,0.00
6610,52834,1076,1,239.35,0.10
6611,52835,1048,2,24.59,0.05
6612,52836,1116,2,39.61,0.00
6613,52836,1020,3,508.92,0.00
6614,52837,1055,2,123.59,0.20
6615,52837,1097,1,114.78,0.00
6616,52837,1038,1,406.11,0.20
6617,52838,1131,1,317.01,0.25
6618,52838,1037,1,542.05,0.25
6619,52839,1063,2,10.35,0.20
6620,52840,1146,1,11.40,0.05
6621,52841,1026,1,243.03,0.00
6622,52841,1184,1,49.56,0.00
6623,52842,1143,1,169.44,0.05
6624,52843,1130,1,99.42,0.10
6625,52843,1055,1,114.71,0.00
6626,52843,1165,2,150.94,0.15
6627,52843,1030,1,121.51,0.05
6628,52844,1033,2,525.35,0.10
6629,52844,1189,1,123.51,0.10
6630,52844,1199,2,78.13,0.10
6631,52844,1018,1,248.79,0.05
6632,52845,1010,2,478.76,0.00
6633,52846,1021,1,439.60,0.15
6634,52847,1019,1,497.34,0.20
6635,52848,1078,2,37.82,0.00
6636,52848,1076,5,241.85,0.00
6637,52848,1093,1,190.93,0.05
6638,52849,1088,1,375.95,0.05
6639,52849,1072,2,73.51,0.10
6640,52849,1178,3,173.21,0.00
6641,52850,1086,2,413.93,0.10
6642,52850,1060,2,160.28,0.15
6643,52851,1034,1,159.46,0.25
6644,52852,1125,1,237.39,0.00
6645,52852,1033,2,522.58,0.00
6646,52853,1165,1,149.28,0.15
6647,52853,1037,4,515.89,0.05
6648,52854,1133,1,302.28,0.25
6649,52854,1066,5,81.69,0.00
6650,52854,1043,5,104.48,0.10
6651,52855,1167,3,146.77,0.15
6652,52855,1192,1,56.88,0.25
6653,52855,1050,1,251.50,0.00
6654,52855,1043,1,106.53,0.00
6655,52855,1042,1,150.21,0.00
6656,52856,1047,2,205.69,0.20
6657,52857,1035,3,206.04,0.00
6658,52857,1013,1,594.70,0.15
6659,52857,1049,1,239.76,0.00
6660,52857,1058,1,232.02,0.05
6661,52857,1174,1,172.86,0.05
6662,52858,1123,2,78.31,0.10
6663,52858,1139,3,47.17,0.20
6664,52859,1049,3,250.69,0.20
6665,52859,1126,1,114.76,0.05
6666,52860,1132,2,131.27,0.00
6667,52860,1009,1,151.88,0.00
6668,52861,1173,4,61.25,0.00
6669,52862,1176,2,179.80,0.25
6670,52862,1164,3,62.92,0.15
6671,52863,1056,2,217.12,0.15
6672,52863,1057,1,132.14,0.00
6673,52863,1078,2,40.24,0.15
6674,52864,1094,1,390.45,0.05
6675,52864,1172,1,9.34,0.00
6676,52864,1196,1,161.45,0.15
6677,52864,1111,3,438.92,0.10
6678,52864,1022,1,157.13,0.00
6679,52865,1193,1,72.69,0.20
6680,52865,1087,1,219.36,0.10
6681,52865,1164,2,63.20,0.05
6682,52865,1167,1,146.51,0.15
6683,52865,1169,1,45.64,0.15
6684,52866,1065,2,229.46,0.00
6685,52866,1030,2,123.17,0.10
6686,52867,1090,1,186.75,0.15
6687,52867,1193,2,75.92,0.10
6688,52867,1070,2,194.33,0.00
6689,52868,1008,1,414.16,0.15
6690,52868,1076,1,245.44,0.15
6691,52869,1010,4,480.82,0.00
6692,52869,1008,2,411.09,0.25
6693,52869,1080,1,64.49,0.10
6694,52869,1166,2,149.54,0.25
6695,52869,1150,1,34.67,0.15
6696,52870,1176,2,183.38,0.00
6697,52870,1115,2,77.04,0.00
6698,52871,1133,1,285.86,0.00
6699,52871,1178,1,173.14,0.00
6700,52871,1073,3,108.91,0.05
6701,52872,1054,1,35.63,0.15
6702,52873,1042,1,148.78,0.00
6703,52873,1159,1,142.77,0.15
6704,52873,1130,2,98.21,0.00
6705,52873,1072,1,74.26,0.05
6706,52874,1087,3,213.85,0.25
6707,52874,1142,1,227.51,0.00
6708,52875,1165,1,140.46,0.10
6709,52876,1177,2,172.37,0.20
6710,52876,1190,2,58.91,0.00
6711,52876,1102,5,396.33,0.00
6712,52876,1029,1,120.44,0.10
6713,52877,1140,1,106.34,0.15
6714,52877,1006,1,145.17,0.20
6715,52878,1050,5,244.07,0.15
6716,52879,1015,3,531.49,0.00
6717,52880,1138,2,56.62,0.00
6718,52880,1115,2,77.55,0.00
6719,52881,1182,2,107.36,0.10
6720,52881,1189,2,122.99,0.00
6721,52881,1089,1,46.30,0.00
6722,52882,1021,2,431.46,0.20
6723,52882,1058,2,231.29,0.05
6724,52883,1064,2,15.06,0.20
6725,52884,1020,3,536.67,0.05
6726,52884,1156,3,321.19,0.05
6727,52884,1074,1,141.05,0.00
6728,52885,1130,2,103.14,0.10
6729,52885,1149,1,156.42,0.10
6730,52886,1059,2,79.29,0.20
6731,52886,1038,3,415.27,0.05
6732,52887,1138,1,56.83,0.00
6733,52888,1127,1,34.00,0.10
6734,52888,1129,1,34.11,0.00
6735,52889,1153,2,61.50,0.05
6736,52889,1024,2,85.14,0.20
6737,52889,1003,3,431.54,0.15
6738,52889,1075,1,57.57,0.00
6739,52890,1144,1,287.35,0.05
6740,52890,1076,2,248.20,0.05
6741,52891,1161,4,158.67,0.20
6742,52891,1023,1,72.14,0.05
6743,52891,1015,4,505.92,0.10
6744,52892,1084,1,107.82,0.15
6745,52892,1031,1,571.46,0.00
6746,52893,1165,2,147.23,0.00
6747,52893,1151,2,305.01,0.00
6748,52894,1085,1,97.65,0.10
6749,52894,1033,3,501.30,0.00
6750,52894,1099,2,246.32,0.10
6751,52895,1055,1,115.46,0.00
6752,52896,1095,3,92.79,0.20
6753,52896,1122,1,182.75,0.25
6754,52896,1014,3,76.85,0.00
6755,52897,1193,2,75.44,0.00
6756,52898,1186,5,95.71,0.15
6757,52898,1060,1,160.90,0.10
6758,52898,1051,3,12.97,0.05
6759,52899,1111,1,423.94,0.25
6760,52900,1168,1,153.79,0.00
6761,52900,1197,1,59.93,0.10
6762,52900,1065,1,221.43,0.10
6763,52900,1199,3,79.18,0.15
6764,52900,1062,1,199.35,0.15
6765,52901,1173,2,60.28,0.15
6766,52901,1148,4,267.11,0.00
6767,52901,1179,1,169.12,0.00
6768,52901,1040,4,171.63,0.05
6769,52901,1116,2,39.17,0.10
6770,52902,1167,1,145.49,0.05
6771,52902,1108,2,421.37,0.00
6772,52902,1162,4,150.48,0.00
6773,52903,1062,3,194.04,0.00
6774,52903,1158,5,267.12,0.25
6775,52903,1119,3,397.19,0.15
6776,52904,1051,3,12.59,0.05
6777,52904,1127,1,34.23,0.10
6778,52905,1181,1,128.65,0.00
6779,52905,1133,1,294.91,0.10
6780,52905,1185,2,5.16,0.05
6781,52906,1182,1,112.42,0.20
6782,52906,1072,1,74.33,0.10
6783,52906,1074,3,142.15,0.00
6784,52907,1190,1,58.75,0.00
6785,52907,1167,2,145.49,0.00
6786,52907,1120,1,264.17,0.00
6787,52908,1053,4,71.92,0.00
6788,52908,1029,5,118.96,0.00
6789,52908,1068,2,29.36,0.10
6790,52908,1162,1,148.57,0.00
6791,52909,1189,1,116.97,0.00
6792,52909,1074,4,144.24,0.10
6793,52910,1136,1,278.55,0.00
6794,52910,1163,1,9.31,0.00
6795,52911,1037,1,517.20,0.15
6796,52911,1125,1,237.13,0.05
6797,52911,1032,1,352.46,0.25
6798,52912,1040,2,177.05,0.00
6799,52913,1141,2,249.16,0.05
6800,52913,1083,1,379.34,0.10
6801,52914,1024,2,83.23,0.00
6802,52914,1065,1,223.29,0.15
6803,52914,1061,3,185.99,0.05
6804,52915,1037,1,514.09,0.00
6805,52915,1076,1,247.03,0.00
6806,52915,1195,1,168.72,0.15
6807,52916,1193,1,76.21,0.00
6808,52916,1177,1,174.18,0.10
6809,52916,1101,1,434.61,0.00
6810,52917,1028,1,408.55,0.00
6811,52917,1152,5,288.55,0.10
6812,52917,1001,1,389.89,0.15
6813,52918,1127,1,33.95,0.05
6814,52918,1029,2,119.04,0.25
6815,52918,1047,1,204.99,0.00
6816,52918,1026,2,245.18,0.20
6817,52919,1128,1,343.63,0.00
6818,52919,1073,1,109.12,0.20
6819,52919,1123,1,76.37,0.00
6820,52920,1177,2,170.72,0.00
6821,52920,1101,1,443.55,0.15
6822,52920,1072,3,71.63,0.00
6823,52920,1122,1,182.49,0.15
6824,52921,1016,1,492.36,0.05
6825,52921,1023,1,69.10,0.00
6826,52921,1054,2,37.19,0.10
6827,52922,1046,2,35.86,0.20
6828,52922,1007,5,40.07,0.15
6829,52923,1148,1,270.52,0.15
6830,52924,1198,3,5.09,0.20
6831,52925,1048,1,25.26,0.05
6832,52926,1173,4,61.72,0.10
6833,52926,1030,3,120.15,0.00
6834,52927,1152,1,297.23,0.15
6835,52927,1042,4,152.12,0.00
6836,52927,1150,1,34.60,0.10
6837,52928,1110,2,73.20,0.15
6838,52928,1060,1,152.89,0.00
6839,52929,1131,1,309.50,0.00
6840,52930,1165,1,147.03,0.10
6841,52930,1121,1,155.30,0.10
6842,52930,1153,1,60.43,0.00
6843,52930,1004,2,534.31,0.00
6844,52930,1128,3,350.93,0.00
6845,52931,1100,1,456.75,0.00
6846,52931,1111,1,447.51,0.05
6847,52932,1136,1,293.67,0.00
6848,52933,1154,1,117.26,0.05
6849,52933,1020,1,518.17,0.20
6850,52934,1175,2,121.28,0.00
6851,52934,1117,1,275.24,0.00
6852,52934,1007,1,41.47,0.10
6853,52935,1012,1,224.43,0.10
6854,52935,1126,1,121.49,0.20
6855,52936,1007,2,39.45,0.10
6856,52937,1008,2,385.97,0.25
6857,52938,1006,4,152.49,0.20
6858,52938,1044,3,250.79,0.05
6859,52938,1093,1,179.15,0.10
6860,52938,1067,1,225.60,0.00
6861,52939,1046,1,37.56,0.15
6862,52939,1105,1,180.21,0.00
6863,52940,1003,1,441.27,0.25
6864,52941,1190,1,60.26,0.00
6865,52941,1141,3,245.28,0.00
6866,52942,1139,4,44.73,0.25
6867,52943,1165,2,148.83,0.05
6868,52944,1130,1,102.01,0.00
6869,52944,1178,1,179.53,0.05
6870,52944,1160,4,61.20,0.10
6871,52945,1024,1,86.10,0.00
6872,52946,1003,3,458.00,0.20
6873,52947,1179,1,169.60,0.05
6874,52947,1178,1,176.44,0.00
6875,52948,1125,1,234.87,0.10
6876,52948,1057,1,128.41,0.05
6877,52949,1122,3,190.76,0.25
6878,52950,1086,3,422.00,0.00
6879,52951,1085,5,97.79,0.00
6880,52951,1068,2,31.57,0.15
6881,52951,1030,4,121.85,0.15
6882,52951,1059,4,84.31,0.05
6883,52952,1020,2,508.27,0.05
6884,52953,1005,1,263.30,0.15
6885,52953,1128,1,340.74,0.00
6886,52954,1160,1,61.95,0.20
6887,52954,1185,2,5.15,0.05
6888,52955,1082,1,108.56,0.10
6889,52955,1199,1,77.53,0.15
6890,52955,1041,1,148.31,0.05
6891,52955,1032,1,340.76,0.05
6892,52956,1176,1,172.01,0.00
6893,52956,1134,2,214.91,0.00
6894,52956,1018,1,240.73,0.10
6895,52957,1162,1,141.61,0.00
6896,52957,1199,2,80.07,0.05
6897,52957,1178,4,175.92,0.00
6898,52957,1012,2,221.43,0.20
6899,52958,1147,1,223.82,0.10
6900,52958,1163,1,9.39,0.05
6901,52958,1094,1,401.33,0.15
6902,52958,1153,1,60.34,0.00
6903,52959,1120,2,271.25,0.00
6904,52959,1115,1,72.66,0.15
6905,52959,1016,4,496.78,0.10
6906,52959,1089,1,47.07,0.00
6907,52959,1037,4,513.67,0.00
6908,52960,1036,1,148.33,0.25
6909,52961,1194,1,27.67,0.00
6910,52961,1105,3,167.99,0.00
6911,52961,1179,1,178.85,0.05
6912,52962,1163,1,9.61,0.00
6913,52962,1101,1,427.24,0.00
6914,52962,1003,2,441.24,0.00
6915,52963,1164,1,60.96,0.00
6916,52963,1053,3,71.58,0.10
6917,52963,1168,1,152.37,0.00
6918,52963,1194,5,27.36,0.05
6919,52963,1080,1,64.42,0.00
6920,52964,1191,1,134.51,0.00
6921,52964,1025,3,402.97,0.10
6922,52965,1029,1,127.97,0.25
6923,52965,1132,1,137.78,0.00
6924,52966,1100,1,460.82,0.10
6925,52966,1072,1,75.22,0.10
6926,52966,1041,2,148.60,0.05
6927,52966,1086,2,414.73,0.10
6928,52966,1198,1,5.20,0.00
6929,52967,1064,1,14.09,0.00
6930,52967,1060,1,158.46,0.10
6931,52967,1036,1,144.65,0.10
6932,52968,1092,1,438.78,0.20
6933,52968,1171,3,146.92,0.00
6934,52969,1044,1,248.13,0.00
6935,52969,1022,1,153.51,0.00
6936,52969,1154,1,116.58,0.05
6937,52969,1114,1,227.35,0.20
6938,52970,1101,5,419.11,0.20
6939,52970,1100,2,439.53,0.15
6940,52971,1185,2,5.30,0.10
6941,52971,1155,3,273.62,0.15
6942,52972,1126,1,121.44,0.15
6943,52972,1164,1,64.32,0.00
6944,52973,1074,5,143.24,0.00
6945,52973,1169,1,45.17,0.05
6946,52974,1076,1,255.47,0.00
6947,52974,1010,1,491.25,0.00
6948,52974,1144,4,298.17,0.00
6949,52975,1050,3,246.92,0.15
6950,52975,1162,2,151.50,0.00
6951,52976,1129,1,35.65,0.00
6952,52976,1108,1,433.81,0.25
6953,52976,1193,3,77.74,0.00
6954,52977,1173,1,62.31,0.10
6955,52977,1144,4,302.19,0.20
6956,52977,1019,1,516.47,0.00
6957,52978,1155,1,287.80,0.00
6958,52978,1094,3,374.68,0.15
6959,52979,1081,2,37.00,0.00
6960,52980,1126,1,117.90,0.00
6961,52980,1015,5,525.35,0.25
6962,52980,1044,4,243.06,0.20
6963,52980,1029,1,124.53,0.20
6964,52981,1094,2,402.93,0.15
6965,52981,1067,2,213.11,0.00
6966,52981,1173,1,64.69,0.00
6967,52981,1193,2,77.07,0.00
6968,52981,1142,1,225.03,0.00
6969,52982,1088,2,375.03,0.00
6970,52982,1102,1,378.08,0.05
6971,52982,1112,1,244.49,0.00
6972,52983,1196,2,157.46,0.20
6973,52983,1198,1,5.25,0.00
6974,52984,1188,2,71.19,0.20
6975,52984,1183,1,70.16,0.10
6976,52985,1096,1,193.60,0.20
6977,52985,1168,1,154.68,0.15
6978,52986,1101,3,428.30,0.15
6979,52987,1088,1,377.14,0.25
6980,52987,1163,2,9.36,0.00
6981,52987,1109,1,246.02,0.00
6982,52987,1184,5,50.08,0.15
6983,52988,1073,1,115.76,0.15
6984,52988,1200,1,119.79,0.10
6985,52988,1155,1,282.55,0.05
6986,52989,1163,2,9.44,0.05
6987,52990,1073,3,107.61,0.00
6988,52991,1199,1,83.38,0.10
6989,52992,1052,1,169.35,0.10
6990,52992,1017,4,340.11,0.20
6991,52992,1145,1,153.68,0.10
6992,52992,1106,1,122.25,0.00
6993,52992,1133,1,291.64,0.00
6994,52993,1140,2,104.64,0.00
6995,52993,1055,1,114.88,0.15
6996,52993,1173,1,60.09,0.10
6997,52994,1085,3,96.73,0.00
6998,52995,1005,2,276.22,0.10
6999,52995,1197,1,55.90,0.00
7000,52995,1099,2,241.55,0.10
7001,52995,1089,1,49.75,0.20
7002,52995,1185,1,5.25,0.10
7003,52996,1135,2,223.57,0.10
7004,52996,1121,2,154.62,0.00
7005,52997,1011,1,496.03,0.05
7006,52998,1140,1,100.34,0.15
7007,52998,1176,2,171.99,0.25
7008,52999,1006,2,149.07,0.20
7009,53000,1069,1,27.16,0.25
7010,53001,1177,4,166.81,0.00
7011,53001,1078,1,40.51,0.15
7012,53002,1047,2,192.25,0.20
7013,53003,1129,1,34.57,0.05
7014,53003,1181,1,134.56,0.10
7015,53003,1002,2,184.90,0.15
7016,53003,1143,1,182.16,0.00
7017,53004,1048,3,25.45,0.00
7018,53004,1154,1,117.38,0.00
7019,53005,1101,3,435.90,0.00
7020,53005,1090,1,188.17,0.00
7021,53006,1155,2,273.04,0.00
7022,53006,1161,1,161.00,0.00
7023,53007,1046,1,35.02,0.10
7024,53007,1178,3,177.63,0.00
7025,53008,1177,1,173.50,0.15
7026,53008,1151,2,308.97,0.00
7027,53008,1031,2,607.28,0.00
7028,53008,1076,1,249.38,0.00
7029,53009,1068,1,29.48,0.20
7030,53010,1048,1,25.23,0.00
7031,53010,1081,3,37.59,0.10
7032,53011,1158,2,267.39,0.00
7033,53011,1138,5,55.57,0.00
7034,53011,1194,1,26.34,0.05
7035,53011,1019,1,509.55,0.00
7036,53011,1018,1,235.89,0.10
7037,53012,1048,1,25.83,0.20
7038,53013,1066,2,82.11,0.00
7039,53013,1018,1,250.06,0.10
7040,53013,1085,1,100.19,0.00
7041,53014,1119,1,415.38,0.10
7042,53014,1019,1,516.10,0.05
7043,53015,1184,3,50.52,0.10
7044,53015,1118,1,112.15,0.00
7045,53016,1184,1,50.17,0.00
7046,53017,1172,1,8.90,0.10
7047,53017,1058,2,237.35,0.15
7048,53017,1053,3,71.13,0.05
7049,53017,1067,1,226.29,0.05
7050,53018,1179,2,175.94,0.15
7051,53018,1003,1,448.45,0.05
7052,53018,1144,1,291.40,0.05
7053,53019,1003,2,435.95,0.25
7054,53019,1170,1,88.08,0.05
7055,53019,1031,2,583.76,0.10
7056,53020,1074,2,141.81,0.00
7057,53021,1148,1,252.06,0.10
7058,53021,1047,1,205.71,0.20
7059,53022,1069,3,27.51,0.00
7060,53022,1105,1,172.01,0.20
7061,53023,1168,1,153.37,0.00
7062,53023,1145,1,156.08,0.20
7063,53024,1069,1,25.94,0.05
7064,53024,1051,1,12.61,0.05
7065,53025,1041,1,141.60,0.05
7066,53025,1195,1,164.42,0.05
7067,53026,1107,4,205.15,0.00
7068,53026,1073,2,115.97,0.05
7069,53027,1079,1,94.46,0.10
7070,53027,1001,1,387.65,0.00
7071,53027,1107,1,208.84,0.00
7072,53028,1146,1,10.78,0.00
7073,53028,1140,2,105.15,0.25
7074,53028,1187,2,133.13,0.20
7075,53029,1140,3,99.07,0.00
7076,53030,1080,1,65.98,0.20
7077,53031,1017,1,346.21,0.00
7078,53031,1100,1,464.91,0.00
7079,53031,1058,4,227.61,0.15
7080,53032,1035,1,207.35,0.25
7081,53032,1028,2,389.60,0.15
7082,53033,1023,5,71.59,0.05
7083,53033,1068,1,30.15,0.00
7084,53033,1118,5,107.19,0.10
7085,53034,1165,1,149.57,0.00
7086,53035,1003,1,456.67,0.00
7087,53036,1012,2,226.07,0.15
7088,53036,1031,2,570.79,0.00
7089,53036,1033,1,513.21,0.00
7090,53037,1078,1,40.06,0.10
7091,53037,1099,1,249.76,0.10
7092,53038,1062,3,194.53,0.00
7093,53039,1100,1,459.83,0.20
7094,53039,1010,2,493.38,0.20
7095,53039,1015,1,498.13,0.00
7096,53039,1157,1,95.26,0.00
7097,53040,1065,1,218.57,0.10
7098,53041,1196,1,160.27,0.00
7099,53041,1018,1,246.50,0.25
7100,53042,1184,3,48.27,0.00
7101,53043,1007,1,39.09,0.25
7102,53044,1055,1,120.94,0.25
7103,53044,1074,1,134.29,0.10
7104,53045,1120,2,269.86,0.15
7105,53045,1066,1,85.44,0.15
7106,53046,1189,2,117.55,0.00
7107,53046,1159,4,145.18,0.20
7108,53047,1009,3,153.58,0.20
7109,53047,1110,1,75.29,0.00
7110,53048,1175,1,121.54,0.25
7111,53048,1013,1,552.43,0.25
7112,53049,1170,1,83.76,0.00
7113,53049,1166,3,143.99,0.05
7114,53049,1047,1,193.08,0.05
7115,53049,1155,4,278.35,0.00
7116,53050,1047,1,192.94,0.20
7117,53050,1118,1,113.34,0.00
7118,53050,1093,1,179.77,0.05
7119,53050,1068,1,29.89,0.00
7120,53050,1163,3,9.06,0.00
7121,53051,1049,2,243.35,0.10
7122,53051,1079,1,90.68,0.20
7123,53052,1116,3,40.89,0.00
7124,53052,1049,1,245.00,0.05
7125,53053,1020,2,522.78,0.00
7126,53054,1190,2,60.02,0.15
7127,53054,1128,2,350.92,0.20
7128,53054,1144,3,302.29,0.05
7129,53054,1154,1,114.17,0.10
7130,53055,1170,1,87.52,0.10
7131,53055,1047,1,205.62,0.00
7132,53056,1154,1,112.47,0.20
7133,53056,1134,1,214.77,0.00
7134,53056,1068,1,31.73,0.10
7135,53057,1040,1,172.81,0.00
7136,53057,1005,1,259.30,0.10
7137,53058,1094,1,375.86,0.05
7138,53058,1091,3,340.84,0.05
7139,53059,1106,1,125.05,0.15
7140,53059,1127,2,35.21,0.00
7141,53060,1052,2,173.28,0.15
7142,53060,1083,5,390.41,0.20
7143,53061,1150,1,36.37,0.05
7144,53061,1018,5,240.91,0.00
7145,53062,1159,1,152.09,0.15
7146,53062,1016,4,476.13,0.00
7147,53063,1035,2,204.25,0.15
7148,53063,1096,1,189.59,0.00
7149,53064,1125,3,240.87,0.00
7150,53064,1065,2,216.58,0.10
7151,53064,1197,3,59.90,0.05
7152,53065,1135,2,238.84,0.10
7153,53065,1076,3,250.82,0.00
7154,53065,1195,1,174.62,0.10
7155,53066,1089,1,49.57,0.00
7156,53066,1001,3,395.92,0.05
7157,53066,1152,1,302.10,0.05
7158,53067,1079,3,94.38,0.00
7159,53068,1146,1,10.82,0.15
7160,53068,1032,1,336.01,0.25
7161,53068,1064,1,14.50,0.15
7162,53068,1026,1,238.62,0.15
7163,53069,1096,1,188.83,0.10
7164,53070,1021,1,431.71,0.00
7165,53071,1015,1,495.04,0.15
7166,53071,1131,1,307.96,0.00
7167,53072,1114,2,223.86,0.10
7168,53073,1095,1,92.93,0.00
7169,53073,1115,2,74.58,0.20
7170,53074,1065,1,215.88,0.00
7171,53074,1040,1,182.53,0.00
7172,53075,1082,1,105.09,0.15
7173,53075,1021,1,413.46,0.15
7174,53075,1099,1,246.39,0.00
7175,53076,1120,1,272.00,0.00
7176,53076,1195,2,169.06,0.05
7177,53076,1158,2,271.48,0.05
7178,53076,1102,1,370.45,0.05
7179,53076,1178,1,181.48,0.10
7180,53077,1175,3,113.20,0.20
7181,53077,1031,1,572.56,0.05
7182,53077,1109,3,250.92,0.15
7183,53078,1095,1,88.20,0.00
7184,53078,1038,3,396.64,0.20
7185,53078,1168,4,152.38,0.00
7186,53078,1133,1,293.80,0.10
7187,53078,1094,1,376.19,0.05
7188,53079,1052,1,167.44,0.15
7189,53079,1070,1,189.96,0.20
7190,53080,1036,1,149.62,0.00
7191,53080,1050,2,252.09,0.10
7192,53081,1163,2,9.58,0.05
7193,53082,1188,1,69.46,0.00
7194,53083,1014,1,77.68,0.10
7195,53083,1071,1,128.18,0.00
7196,53084,1031,2,596.34,0.00
7197,53084,1002,1,182.33,0.05
7198,53085,1094,1,373.42,0.05
7199,53085,1148,2,261.45,0.00
7200,53085,1128,5,358.58,0.20
7201,53086,1067,1,226.99,0.20
7202,53087,1196,4,162.06,0.20
7203,53087,1022,3,155.44,0.15
7204,53087,1150,2,35.43,0.00
7205,53088,1081,1,35.63,0.00
7206,53088,1171,1,138.93,0.25
7207,53088,1044,2,243.77,0.00
7208,53088,1191,1,127.97,0.05
7209,53089,1151,1,307.38,0.15
7210,53090,1078,2,39.48,0.20
7211,53090,1139,4,47.31,0.00
7212,53091,1182,1,115.53,0.00
7213,53091,1102,4,375.94,0.05
7214,53092,1138,1,57.86,0.00
7215,53093,1189,1,120.14,0.15
7216,53093,1180,1,24.73,0.00
7217,53093,1125,1,247.62,0.05
7218,53094,1026,1,240.45,0.10
7219,53095,1026,1,246.18,0.00
7220,53096,1188,1,68.08,0.00
7221,53096,1005,1,274.15,0.20
7222,53097,1002,2,180.00,0.20
7223,53097,1171,2,147.02,0.10
7224,53097,1089,1,49.16,0.15
7225,53097,1112,2,254.31,0.00
7226,53097,1136,1,281.11,0.05
7227,53098,1005,1,276.84,0.10
7228,53098,1054,1,37.00,0.00
7229,53099,1038,4,389.00,0.25
7230,53100,1015,1,525.11,0.20
7231,53101,1107,3,210.23,0.05
7232,53101,1171,1,139.90,0.10
7233,53102,1069,1,26.14,0.15
7234,53103,1129,3,33.90,0.20
7235,53103,1011,1,478.23,0.20
7236,53104,1092,1,448.62,0.05
7237,53104,1108,1,428.98,0.00
7238,53105,1186,3,96.95,0.00
7239,53105,1072,1,71.32,0.25
7240,53106,1163,1,9.26,0.00
7241,53106,1035,1,206.62,0.00
7242,53107,1075,1,56.22,0.10
7243,53108,1083,1,388.75,0.15
7244,53109,1055,1,122.80,0.25
7245,53109,1083,1,394.52,0.10
7246,53109,1070,1,201.07,0.00
7247,53109,1096,3,195.29,0.05
7248,53110,1025,3,386.05,0.10
7249,53110,1093,3,182.23,0.15
7250,53110,1087,3,207.93,0.10
7251,53111,1140,1,103.80,0.15
7252,53112,1074,5,141.61,0.10
7253,53112,1069,1,25.88,0.00
7254,53113,1076,3,247.02,0.05
7255,53114,1054,1,37.55,0.00
7256,53115,1051,2,12.40,0.00
7257,53116,1155,4,290.16,0.15
7258,53116,1029,5,119.24,0.00
7259,53117,1187,2,129.55,0.10
7260,53117,1029,1,124.35,0.00
7261,53118,1028,3,387.72,0.00
7262,53118,1052,4,170.06,0.05
7263,53119,1115,1,75.27,0.00
7264,53119,1170,1,85.62,0.00
7265,53119,1090,1,197.30,0.20
7266,53120,1001,1,402.47,0.00
7267,53120,1087,2,207.79,0.15
7268,53121,1050,3,237.49,0.10
7269,53121,1026,1,231.73,0.15
7270,53122,1182,2,113.74,0.00
7271,53122,1092,2,445.43,0.00
7272,53123,1131,2,319.01,0.00
7273,53123,1031,2,608.61,0.00
7274,53124,1053,1,74.17,0.20
7275,53124,1062,2,198.27,0.00
7276,53125,1056,2,221.79,0.00
7277,53125,1194,3,28.23,0.10
7278,53126,1150,1,36.14,0.05
7279,53126,1076,2,244.43,0.15
7280,53127,1139,3,45.97,0.10
7281,53127,1106,1,126.23,0.20
7282,53127,1130,4,97.08,0.10
7283,53128,1034,1,154.79,0.25
7284,53128,1118,2,107.59,0.15
7285,53128,1127,1,34.10,0.10
7286,53128,1032,1,347.42,0.25
7287,53128,1145,5,158.49,0.00
7288,53129,1152,2,284.60,0.10
7289,53130,1164,1,65.33,0.25
7290,53130,1130,4,103.11,0.10
7291,53130,1008,1,387.87,0.10
7292,53130,1068,2,30.50,0.00
7293,53130,1093,3,190.24,0.15
7294,53131,1078,1,37.99,0.15
7295,53131,1118,2,111.04,0.00
7296,53132,1095,1,91.65,0.25
7297,53133,1130,1,98.03,0.15
7298,53133,1145,2,157.59,0.05
7299,53134,1044,1,248.19,0.15
7300,53134,1154,1,116.01,0.15
7301,53135,1010,1,499.39,0.05
7302,53136,1094,2,394.25,0.05
7303,53137,1189,4,119.84,0.15
7304,53137,1091,2,321.24,0.10
7305,53138,1070,1,193.75,0.15
7306,53138,1143,1,178.11,0.00
7307,53138,1190,1,62.13,0.05
7308,53139,1086,3,405.12,0.00
7309,53139,1129,2,35.00,0.05
7310,53139,1067,1,217.64,0.00
7311,53140,1107,1,203.26,0.00
7312,53141,1123,2,77.98,0.10
7313,53141,1023,2,69.51,0.00
7314,53142,1122,2,183.68,0.00
7315,53142,1169,1,42.51,0.15
7316,53142,1019,1,495.26,0.15
7317,53142,1164,1,60.76,0.00
7318,53142,1045,1,32.60,0.10
7319,53143,1167,1,137.93,0.05
7320,53143,1059,2,82.52,0.15
7321,53143,1153,1,61.82,0.00
7322,53143,1090,2,199.17,0.00
7323,53144,1169,3,43.52,0.00
7324,53144,1144,1,293.95,0.20
7325,53145,1187,1,138.38,0.10
7326,53146,1194,1,27.80,0.15
7327,53146,1050,1,240.16,0.10
7328,53146,1083,1,381.04,0.10
7329,53146,1058,1,236.94,0.00
7330,53146,1026,3,244.01,0.00
7331,53147,1062,1,202.38,0.10
7332,53148,1069,2,26.13,0.00
7333,53148,1084,2,108.38,0.00
7334,53148,1194,1,27.43,0.10
7335,53148,1104,1,177.64,0.25
7336,53148,1131,1,315.62,0.20
7337,53149,1085,3,100.36,0.00
7338,53149,1117,2,260.34,0.15
7339,53150,1176,5,182.79,0.05
7340,53150,1009,1,146.59,0.00
7341,53150,1168,1,156.48,0.10
7342,53151,1029,1,123.00,0.05
7343,53152,1199,1,77.88,0.25
7344,53152,1173,3,60.27,0.10
7345,53152,1035,1,213.95,0.00
7346,53152,1090,2,191.36,0.10
7347,53153,1023,2,69.02,0.20
7348,53153,1077,1,110.54,0.05
7349,53154,1041,1,142.71,0.25
7350,53154,1046,2,37.67,0.10
7351,53155,1037,1,546.87,0.10
7352,53155,1119,1,406.81,0.10
7353,53156,1044,3,245.80,0.15
7354,53157,1081,2,36.96,0.05
7355,53157,1030,1,114.39,0.20
7356,53157,1178,3,174.44,0.00
7357,53157,1089,1,48.60,0.15
7358,53158,1013,3,587.52,0.00
7359,53158,1113,2,31.09,0.20
7360,53158,1097,3,116.49,0.10
7361,53159,1184,1,48.59,0.15
7362,53159,1105,3,174.86,0.00
7363,53160,1033,1,507.83,0.25
7364,53160,1054,1,37.81,0.10
7365,53160,1141,3,260.41,0.00
7366,53161,1168,1,160.64,0.00
7367,53161,1068,1,29.34,0.10
7368,53161,1044,2,252.62,0.25
7369,53161,1102,1,377.52,0.05
7370,53162,1077,2,119.71,0.00
7371,53162,1033,2,521.01,0.20
7372,53162,1025,1,387.85,0.20
7373,53162,1123,2,81.09,0.10
7374,53163,1025,1,376.85,0.00
7375,53163,1125,2,233.74,0.15
7376,53164,1006,2,145.01,0.15
7377,53164,1096,2,191.49,0.20
7378,53164,1173,2,63.57,0.10
7379,53165,1039,4,549.86,0.25
7380,53166,1114,1,235.37,0.10
7381,53166,1058,2,237.71,0.00
7382,53166,1072,1,70.88,0.05
7383,53166,1159,2,146.07,0.00
7384,53167,1150,4,34.56,0.00
7385,53167,1044,2,256.44,0.00
7386,53168,1062,2,201.60,0.00
7387,53168,1179,1,167.44,0.05
7388,53169,1180,2,23.41,0.05
7389,53169,1150,1,34.21,0.00
7390,53170,1021,1,426.00,0.20
7391,53170,1138,1,57.54,0.00
7392,53171,1018,1,236.89,0.00
7393,53171,1097,2,115.52,0.00
7394,53171,1024,1,82.32,0.00
7395,53172,1119,1,387.53,0.00
7396,53172,1078,1,39.85,0.10
7397,53172,1193,2,77.68,0.25
7398,53172,1183,4,75.10,0.10
7399,53172,1052,1,167.55,0.15
7400,53173,1117,1,259.97,0.00
7401,53174,1092,4,438.25,0.20
7402,53174,1119,2,415.05,0.20
7403,53174,1059,2,78.51,0.10
7404,53174,1120,1,261.75,0.05
7405,53174,1191,4,129.26,0.25
7406,53175,1061,4,199.71,0.05
7407,53176,1160,1,60.67,0.05
7408,53176,1181,5,136.97,0.00
7409,53177,1189,1,122.72,0.00
7410,53178,1179,2,167.25,0.00
7411,53178,1108,4,446.36,0.10
7412,53178,1121,1,154.15,0.10
7413,53178,1184,1,50.82,0.00
7414,53179,1124,2,89.06,0.00
7415,53180,1109,1,259.55,0.15
7416,53180,1006,1,151.47,0.05
7417,53181,1133,5,287.56,0.20
7418,53181,1108,1,433.12,0.00
7419,53181,1046,1,37.75,0.05
7420,53182,1046,1,35.63,0.00
7421,53182,1072,1,72.69,0.05
7422,53183,1038,1,401.38,0.00
7423,53183,1148,5,268.23,0.20
7424,53184,1054,1,37.28,0.15
7425,53184,1103,1,223.28,0.00
7426,53185,1070,3,200.98,0.00
7427,53185,1138,1,55.96,0.20
7428,53185,1065,1,225.41,0.20
7429,53186,1122,1,192.74,0.10
7430,53187,1150,1,36.13,0.15
7431,53188,1004,4,523.66,0.00
7432,53189,1134,1,222.51,0.15
7433,53189,1086,5,405.22,0.10
7434,53189,1091,1,327.72,0.15
7435,53189,1045,1,31.86,0.25
7436,53190,1083,2,385.72,0.05
7437,53190,1113,1,30.81,0.15
7438,53191,1166,4,149.23,0.15
7439,53191,1013,1,565.04,0.20
7440,53191,1057,1,128.03,0.00
7441,53191,1109,2,251.44,0.00
7442,53191,1091,1,317.05,0.10
7443,53192,1192,1,59.99,0.10
7444,53192,1023,2,70.44,0.00
7445,53192,1197,1,57.70,0.00
7446,53192,1121,1,155.75,0.00
7447,53192,1186,1,100.65,0.00
7448,53193,1180,4,24.01,0.10
7449,53194,1096,2,186.42,0.05
7450,53194,1075,3,56.76,0.00
7451,53194,1035,1,203.14,0.00
7452,53194,1005,1,258.87,0.05
7453,53194,1192,3,58.84,0.00
7454,53195,1027,1,179.79,0.25
7455,53195,1199,2,80.02,0.10
7456,53195,1050,1,248.80,0.00
7457,53196,1082,4,109.77,0.00
7458,53196,1072,1,72.50,0.10
7459,53196,1121,2,148.70,0.00
7460,53197,1049,1,249.32,0.10
7461,53198,1151,2,316.12,0.10
7462,53198,1175,1,118.93,0.00
7463,53199,1050,1,244.29,0.20
7464,53199,1039,4,546.39,0.00
7465,53200,1010,1,473.46,0.00
7466,53200,1004,4,545.97,0.05
7467,53201,1147,1,225.13,0.10
7468,53202,1050,2,233.96,0.15
7469,53202,1100,3,449.46,0.05
7470,53203,1187,1,131.98,0.25
7471,53203,1148,1,253.01,0.00
7472,53204,1039,1,563.00,0.05
7473,53204,1184,3,51.27,0.05
7474,53204,1181,3,134.91,0.15
7475,53205,1134,1,224.47,0.15
7476,53205,1170,3,87.27,0.20
7477,53206,1146,1,11.03,0.25
7478,53206,1189,2,124.79,0.00
7479,53207,1185,1,5.48,0.10
7480,53208,1087,2,212.15,0.20
7481,53208,1060,1,151.79,0.05
7482,53209,1048,1,25.24,0.00
7483,53210,1005,1,270.10,0.15
7484,53210,1016,1,478.57,0.25
7485,53210,1100,1,454.26,0.00
7486,53210,1138,2,57.29,0.00
7487,53211,1175,2,114.63,0.10
7488,53211,1184,3,47.60,0.00
7489,53212,1193,3,74.06,0.00
7490,53213,1043,2,102.15,0.00
7491,53213,1191,1,127.76,0.10
7492,53213,1188,2,70.13,0.00
7493,53214,1060,1,152.05,0.00
7494,53215,1149,1,157.68,0.25
7495,53216,1170,2,88.51,0.15
7496,53216,1139,2,47.65,0.10
7497,53216,1023,2,69.77,0.10
7498,53217,1171,1,147.82,0.10
7499,53218,1177,1,166.56,0.20
7500,53218,1115,1,77.61,0.00
7501,53218,1014,5,80.30,0.05
7502,53219,1007,2,39.26,0.00
7503,53220,1164,2,61.24,0.10
7504,53221,1196,1,168.81,0.00
7505,53222,1148,1,258.27,0.00
7506,53223,1051,1,12.68,0.05
7507,53223,1005,1,268.70,0.05
7508,53224,1035,1,198.88,0.00
7509,53224,1178,1,169.12,0.15
7510,53224,1037,2,529.75,0.00
7511,53224,1140,2,99.32,0.15
7512,53224,1180,2,23.26,0.00
7513,53225,1166,2,143.19,0.05
7514,53225,1192,1,61.01,0.25
7515,53226,1038,1,402.31,0.15
7516,53226,1149,1,161.06,0.00
7517,53226,1032,1,339.66,0.25
7518,53226,1044,2,247.76,0.05
7519,53227,1129,1,34.53,0.00
7520,53227,1088,2,350.05,0.00
7521,53227,1177,1,167.21,0.15
7522,53227,1040,1,180.63,0.15
7523,53228,1076,2,258.73,0.10
7524,53229,1096,1,190.66,0.20
7525,53230,1073,1,109.50,0.00
7526,53230,1150,3,34.83,0.10
7527,53231,1154,3,115.87,0.00
7528,53231,1106,2,118.33,0.25
7529,53231,1190,3,62.21,0.05
7530,53231,1057,2,132.33,0.00
7531,53231,1001,1,394.13,0.15
7532,53232,1031,3,594.17,0.10
7533,53233,1095,1,87.65,0.00
7534,53233,1100,2,461.21,0.15
7535,53233,1058,1,230.51,0.20
7536,53233,1162,1,145.67,0.00
7537,53234,1187,5,133.12,0.25
7538,53234,1114,1,228.85,0.10
7539,53235,1109,2,257.39,0.20
7540,53235,1094,1,373.33,0.00
7541,53235,1107,1,204.83,0.00
7542,53236,1058,3,223.23,0.20
7543,53236,1158,2,284.69,0.00
7544,53237,1183,1,72.39,0.15
7545,53237,1135,1,234.78,0.00
7546,53238,1012,1,229.43,0.00
7547,53238,1095,1,89.98,0.10
7548,53238,1055,5,118.21,0.10
7549,53239,1131,1,310.83,0.15
7550,53239,1080,1,67.66,0.10
7551,53240,1052,1,177.50,0.05
7552,53240,1170,1,82.80,0.10
7553,53240,1044,2,241.17,0.00
7554,53240,1073,1,115.55,0.25
7555,53241,1012,1,220.55,0.00
7556,53241,1126,2,114.64,0.00
7557,53241,1041,1,139.81,0.00
7558,53242,1008,1,386.24,0.10
7559,53242,1041,2,140.41,0.00
7560,53243,1153,1,60.53,0.20
7561,53243,1023,1,69.75,0.15
7562,53243,1117,1,271.85,0.20
7563,53244,1005,1,262.02,0.00
7564,53244,1126,1,116.73,0.05
7565,53244,1004,1,551.98,0.10
7566,53245,1177,1,170.97,0.25
7567,53245,1047,1,203.96,0.00
7568,53246,1055,2,121.40,0.20
7569,53246,1143,1,173.23,0.00
7570,53247,1052,1,173.97,0.00
7571,53248,1081,5,37.12,0.05
7572,53248,1168,2,155.87,0.10
7573,53248,1123,1,80.85,0.00
7574,53248,1068,1,30.78,0.05
7575,53249,1139,3,46.83,0.00
7576,53249,1192,2,61.04,0.00
7577,53250,1114,1,225.02,0.10
7578,53250,1164,1,61.76,0.00
7579,53250,1133,1,284.98,0.20
7580,53251,1091,1,322.85,0.05
7581,53251,1102,2,381.06,0.10
7582,53252,1110,1,71.97,0.10
7583,53253,1023,1,71.54,0.15
7584,53253,1199,1,80.45,0.00
7585,53253,1045,1,31.90,0.05
7586,53253,1005,1,271.18,0.05
7587,53253,1083,1,402.51,0.00
7588,53254,1102,2,388.85,0.05
7589,53255,1165,3,151.02,0.10
7590,53256,1173,4,61.76,0.10
7591,53256,1029,3,120.50,0.00
7592,53257,1006,1,149.50,0.25
7593,53258,1051,2,13.24,0.00
7594,53258,1088,1,370.73,0.00
7595,53258,1008,1,383.01,0.00
7596,53258,1054,3,36.93,0.15
7597,53258,1186,3,100.25,0.10
7598,53259,1127,1,33.92,0.25
7599,53259,1141,2,263.66,0.00
7600,53259,1089,4,49.94,0.05
7601,53260,1004,1,538.22,0.05
7602,53261,1096,1,198.90,0.15
7603,53261,1173,2,61.22,0.05
7604,53261,1116,1,40.69,0.25
7605,53261,1008,2,388.22,0.00
7606,53262,1187,2,135.81,0.00
7607,53262,1068,3,30.61,0.15
7608,53263,1147,2,227.57,0.00
7609,53263,1059,1,83.35,0.25
7610,53263,1169,2,45.54,0.15
7611,53263,1181,2,129.12,0.00
7612,53264,1056,2,211.54,0.10
7613,53264,1196,1,168.18,0.00
7614,53264,1132,1,140.14,0.00
7615,53265,1142,2,231.10,0.00
7616,53265,1016,1,474.67,0.00
7617,53265,1089,1,49.84,0.10
7618,53266,1130,2,96.95,0.10
7619,53267,1142,1,222.25,0.20
7620,53267,1173,2,60.54,0.00
7621,53268,1193,2,75.38,0.10
7622,53268,1189,1,118.65,0.05
7623,53268,1175,1,116.24,0.20
7624,53269,1043,2,102.32,0.20
7625,53269,1071,1,124.84,0.05
7626,53269,1083,3,399.91,0.10
7627,53270,1137,1,243.39,0.05
7628,53270,1151,1,319.68,0.00
7629,53270,1162,1,143.67,0.10
7630,53270,1015,1,510.08,0.25
7631,53271,1191,1,129.32,0.00
7632,53271,1183,2,74.38,0.15
7633,53271,1184,1,47.85,0.00
7634,53271,1026,1,241.08,0.25
7635,53271,1027,1,183.29,0.00
7636,53272,1167,3,142.92,0.00
7637,53272,1189,2,117.30,0.10
7638,53273,1176,1,179.72,0.00
7639,53273,1069,1,27.47,0.00
7640,53273,1010,1,499.55,0.10
7641,53273,1034,1,158.38,0.00
7642,53274,1041,1,147.76,0.10
7643,53274,1001,4,382.59,0.05
7644,53275,1144,1,308.86,0.25
7645,53275,1133,1,295.62,0.00
7646,53276,1014,2,77.07,0.00
7647,53276,1134,2,210.30,0.25
7648,53276,1025,1,384.17,0.15
7649,53277,1172,1,9.45,0.10
7650,53277,1130,2,102.79,0.00
7651,53278,1013,1,597.93,0.05
7652,53279,1157,5,91.34,0.05
7653,53279,1040,1,175.42,0.05
7654,53279,1186,2,100.32,0.15
7655,53280,1096,5,198.59,0.05
7656,53281,1122,2,194.58,0.00
7657,53281,1166,4,148.55,0.10
7658,53281,1198,2,5.16,0.05
7659,53281,1019,3,485.08,0.20
7660,53281,1174,1,168.47,0.05
7661,53282,1166,1,147.76,0.05
7662,53283,1012,1,219.46,0.00
7663,53283,1112,2,252.39,0.00
7664,53283,1168,1,151.38,0.05
7665,53284,1118,1,109.41,0.25
7666,53284,1163,1,9.70,0.05
7667,53284,1076,3,241.09,0.15
7668,53285,1095,3,92.54,0.10
7669,53286,1014,4,76.65,0.15
7670,53286,1025,1,390.50,0.15
7671,53287,1031,2,602.89,0.05
7672,53288,1115,3,75.24,0.00
7673,53288,1135,1,234.57,0.00
7674,53288,1134,1,218.56,0.10
7675,53289,1041,2,146.11,0.10
7676,53289,1165,3,143.29,0.00
7677,53290,1086,1,415.33,0.00
7678,53290,1177,1,164.12,0.00
7679,53291,1121,3,152.20,0.05
7680,53292,1001,2,386.51,0.05
7681,53292,1071,1,124.03,0.00
7682,53292,1199,1,79.94,0.00
7683,53292,1081,1,37.79,0.05
7684,53293,1031,3,588.17,0.10
7685,53293,1042,4,147.78,0.20
7686,53294,1131,3,315.54,0.00
7687,53294,1096,2,199.08,0.05
7688,53294,1061,2,188.93,0.25
7689,53295,1127,1,34.87,0.15
7690,53296,1102,1,377.49,0.20
7691,53297,1084,1,108.90,0.00
7692,53297,1010,2,480.32,0.00
7693,53297,1190,2,62.32,0.05
7694,53297,1177,1,167.82,0.00
7695,53297,1027,1,172.20,0.15
7696,53298,1068,1,30.75,0.00
7697,53298,1002,1,187.29,0.10
7698,53298,1143,1,181.15,0.00
7699,53298,1158,5,265.64,0.00
7700,53298,1135,2,235.88,0.10
7701,53299,1173,5,62.68,0.15
7702,53300,1122,1,190.01,0.00
7703,53300,1141,3,248.95,0.10
7704,53301,1105,1,169.17,0.05
7705,53302,1161,1,151.09,0.15
7706,53303,1002,1,186.91,0.25
7707,53303,1046,1,37.42,0.05
7708,53304,1165,1,148.69,0.05
7709,53304,1135,2,235.05,0.00
7710,53305,1005,1,261.62,0.15
7711,53306,1048,3,24.73,0.00
7712,53307,1037,1,513.52,0.10
7713,53308,1164,1,61.51,0.15
7714,53309,1119,1,401.52,0.00
7715,53309,1030,1,123.45,0.00
7716,53309,1083,3,401.26,0.00
7717,53310,1020,4,537.36,0.20
7718,53310,1030,1,117.96,0.15
7719,53311,1154,1,111.34,0.00
7720,53311,1024,1,85.03,0.00
7721,53311,1009,1,154.81,0.00
7722,53311,1071,2,124.62,0.15
7723,53311,1095,1,91.24,0.00
7724,53312,1122,5,191.40,0.00
7725,53312,1158,2,279.26,0.20
7726,53313,1092,1,457.79,0.00
7727,53313,1188,3,70.63,0.25
7728,53314,1116,1,42.22,0.05
7729,53314,1122,1,187.33,0.25
7730,53315,1045,2,30.63,0.00
7731,53316,1017,1,320.25,0.25
7732,53316,1083,3,383.95,0.00
7733,53316,1160,3,63.08,0.00
7734,53316,1120,1,264.07,0.10
7735,53317,1061,1,196.79,0.00
7736,53317,1196,1,161.87,0.00
7737,53317,1152,3,284.26,0.25
7738,53317,1068,1,31.08,0.00
7739,53318,1087,2,221.27,0.10
7740,53318,1047,1,199.64,0.10
7741,53319,1006,1,146.10,0.15
7742,53319,1015,5,523.95,0.10
7743,53319,1021,1,415.25,0.20
7744,53320,1148,1,267.87,0.25
7745,53321,1107,4,209.69,0.00
7746,53322,1047,2,203.85,0.15
7747,53322,1094,1,396.23,0.05
7748,53323,1069,3,26.42,0.10
7749,53324,1059,2,78.46,0.20
7750,53324,1009,2,148.04,0.00
7751,53325,1136,1,294.19,0.00
7752,53326,1031,1,580.59,0.05
7753,53326,1089,1,49.04,0.20
7754,53326,1097,1,113.90,0.05
7755,53327,1184,5,51.16,0.20
7756,53328,1183,1,72.19,0.10
7757,53328,1127,1,35.73,0.15
7758,53329,1109,4,252.62,0.15
7759,53329,1088,2,366.75,0.10
7760,53330,1163,1,9.02,0.00
7761,53330,1143,3,170.06,0.10
7762,53330,1021,2,419.71,0.20
7763,53330,1127,1,34.41,0.05
7764,53331,1006,2,150.13,0.00
7765,53331,1108,1,437.52,0.20
7766,53331,1018,1,238.11,0.00
7767,53332,1141,4,249.31,0.10
7768,53333,1152,1,292.64,0.05
7769,53333,1153,3,59.76,0.10
7770,53333,1022,1,157.06,0.15
7771,53333,1015,3,512.62,0.05
7772,53334,1085,1,97.17,0.00
7773,53334,1075,1,58.72,0.00
7774,53334,1060,2,158.00,0.00
7775,53335,1122,2,180.90,0.00
7776,53335,1165,1,146.84,0.20
7777,53336,1028,2,392.39,0.00
7778,53336,1140,1,104.17,0.05
7779,53336,1036,1,145.42,0.15
7780,53337,1183,3,72.87,0.10
7781,53338,1127,1,33.49,0.00
7782,53338,1019,2,511.10,0.05
7783,53339,1017,2,336.56,0.00
7784,53340,1186,1,95.39,0.15
7785,53340,1046,1,37.54,0.00
7786,53341,1037,1,525.80,0.20
7787,53341,1127,1,34.08,0.05
7788,53342,1117,1,264.62,0.20
7789,53342,1176,1,177.31,0.05
7790,53343,1144,1,294.79,0.20
7791,53344,1096,2,200.31,0.05
7792,53344,1083,1,373.58,0.05
7793,53344,1186,5,95.96,0.05
7794,53345,1154,2,113.82,0.05
7795,53345,1122,1,182.15,0.10
7796,53346,1147,1,227.15,0.20
7797,53346,1014,2,79.26,0.10
7798,53347,1002,2,181.69,0.00
7799,53347,1060,1,151.24,0.05
7800,53348,1176,2,170.15,0.00
7801,53348,1113,1,30.20,0.00
7802,53348,1044,1,247.21,0.10
7803,53348,1019,5,521.59,0.10
7804,53349,1019,1,508.54,0.00
7805,53349,1117,1,265.23,0.00
7806,53349,1094,1,387.99,0.00
7807,53349,1093,2,182.12,0.00
7808,53349,1007,3,40.24,0.20
7809,53350,1129,2,33.74,0.05
7810,53350,1173,1,64.40,0.15
7811,53350,1032,1,345.13,0.00
7812,53351,1170,2,83.59,0.00
7813,53351,1125,4,240.14,0.00
7814,53351,1099,1,256.27,0.00
7815,53351,1011,1,504.09,0.00
7816,53351,1187,1,134.86,0.00
7817,53352,1176,1,178.94,0.00
7818,53352,1173,1,63.20,0.20
7819,53352,1056,4,220.69,0.00
7820,53352,1047,1,206.62,0.15
7821,53353,1037,2,544.28,0.15
7822,53353,1074,1,138.73,0.00
7823,53354,1057,2,131.37,0.00
7824,53354,1151,1,324.67,0.00
7825,53354,1126,1,116.96,0.05
7826,53355,1037,1,517.17,0.00
7827,53355,1154,2,111.72,0.00
7828,53355,1166,5,143.99,0.00
7829,53356,1057,1,135.02,0.00
7830,53356,1127,3,33.57,0.20
7831,53356,1139,1,45.33,0.00
7832,53356,1088,3,357.12,0.20
7833,53357,1123,1,80.38,0.10
7834,53357,1024,1,81.29,0.20
7835,53358,1086,2,414.73,0.15
7836,53359,1050,3,236.04,0.20
7837,53360,1045,1,33.02,0.25
7838,53360,1033,1,505.31,0.25
7839,53360,1162,2,148.57,0.05
7840,53361,1139,2,47.96,0.10
7841,53361,1105,1,172.99,0.25
7842,53362,1135,1,235.13,0.05
7843,53363,1033,2,513.99,0.15
7844,53363,1159,2,144.51,0.10
7845,53364,1156,1,310.81,0.10
7846,53364,1019,1,484.80,0.00
7847,53364,1026,2,233.92,0.10
7848,53364,1170,2,83.85,0.05
7849,53364,1143,1,181.38,0.00
7850,53365,1073,1,108.86,0.00
7851,53366,1178,5,176.49,0.00
7852,53367,1181,1,136.46,0.10
7853,53368,1170,4,88.33,0.00
7854,53369,1194,3,27.50,0.15
7855,53369,1026,1,237.51,0.00
7856,53369,1002,4,185.19,0.10
7857,53369,1107,2,210.35,0.25
7858,53369,1013,3,571.04,0.20
7859,53370,1187,3,139.22,0.10
7860,53371,1124,2,88.81,0.10
7861,53372,1149,1,153.03,0.20
7862,53372,1170,1,83.65,0.05
7863,53373,1183,2,74.88,0.00
7864,53373,1099,1,256.70,0.10
7865,53373,1058,1,229.86,0.05
7866,53374,1033,5,497.76,0.25
7867,53374,1045,2,32.72,0.15
7868,53375,1075,3,56.56,0.05
7869,53376,1098,3,206.79,0.15
7870,53377,1032,1,338.02,0.00
7871,53378,1064,1,14.79,0.00
7872,53378,1181,1,132.68,0.15
7873,53379,1115,4,76.34,0.05
7874,53379,1109,1,252.15,0.15
7875,53379,1170,2,88.43,0.25
7876,53380,1111,2,449.74,0.25
7877,53380,1095,1,92.90,0.05
7878,53381,1086,1,415.01,0.00
7879,53381,1183,1,74.21,0.10
7880,53382,1041,2,144.99,0.00
7881,53382,1187,1,132.29,0.20
7882,53383,1163,2,9.58,0.00
7883,53383,1016,2,487.32,0.05
7884,53383,1087,3,220.63,0.00
7885,53384,1119,2,405.57,0.00
7886,53384,1145,1,152.30,0.00
7887,53384,1005,1,268.54,0.00
7888,53385,1143,1,171.87,0.10
7889,53385,1032,1,339.05,0.05
7890,53386,1163,2,9.69,0.10
7891,53386,1157,5,96.45,0.00
7892,53387,1122,3,187.49,0.00
7893,53388,1136,2,276.45,0.05
7894,53388,1127,1,34.23,0.05
7895,53388,1016,2,501.06,0.10
7896,53389,1168,4,153.27,0.00
7897,53389,1055,5,114.67,0.10
7898,53389,1111,1,436.01,0.05
7899,53389,1012,1,227.71,0.05
7900,53390,1156,1,312.71,0.05
7901,53390,1004,1,530.91,0.15
7902,53391,1094,1,397.46,0.05
7903,53391,1159,2,152.69,0.05
7904,53392,1067,2,229.50,0.25
7905,53393,1150,2,36.18,0.00
7906,53394,1083,2,377.39,0.00
7907,53395,1096,2,186.50,0.00
7908,53396,1157,1,94.58,0.10
7909,53396,1028,1,397.20,0.15
7910,53397,1139,1,47.71,0.00
7911,53397,1026,1,240.07,0.10
7912,53397,1036,4,143.58,0.05
7913,53398,1085,5,102.79,0.15
7914,53398,1009,2,147.90,0.00
7915,53399,1143,2,170.21,0.00
7916,53399,1105,1,171.01,0.05
7917,53400,1035,2,201.02,0.20
7918,53400,1129,2,35.79,0.00
7919,53400,1186,3,101.71,0.20
7920,53401,1054,2,37.95,0.05
7921,53401,1109,2,247.61,0.00
7922,53401,1136,3,292.10,0.25
7923,53401,1019,3,511.75,0.10
7924,53402,1011,5,482.36,0.05
7925,53403,1185,2,5.41,0.00
7926,53403,1044,2,259.20,0.00
7927,53403,1097,1,111.77,0.05
7928,53404,1061,4,187.81,0.00
7929,53404,1140,2,99.49,0.00
7930,53405,1178,3,167.95,0.20
7931,53405,1116,2,41.26,0.15
7932,53405,1162,2,152.07,0.25
7933,53405,1187,1,138.74,0.20
7934,53406,1132,3,131.04,0.00
7935,53406,1071,2,126.64,0.00
7936,53406,1089,1,48.21,0.05
7937,53407,1116,1,41.88,0.10
7938,53407,1107,1,211.68,0.05
7939,53407,1072,3,71.02,0.15
7940,53407,1046,2,36.61,0.10
7941,53407,1114,1,233.36,0.00
7942,53408,1009,1,147.77,0.05
7943,53408,1119,3,400.02,0.00
7944,53409,1090,1,191.35,0.00
7945,53409,1165,1,150.00,0.00
7946,53409,1015,2,509.66,0.20
7947,53409,1170,1,82.60,0.00
7948,53410,1024,2,83.94,0.05
7949,53411,1167,2,143.55,0.00
7950,53411,1030,4,122.57,0.10
7951,53411,1130,1,97.32,0.20
7952,53411,1095,1,91.77,0.05
7953,53412,1006,3,146.58,0.20
7954,53413,1122,2,195.04,0.00
7955,53413,1030,1,114.61,0.00
7956,53414,1169,2,44.45,0.00
7957,53414,1165,1,143.58,0.10
7958,53414,1180,2,23.78,0.00
7959,53414,1168,2,154.09,0.00
7960,53415,1155,1,288.80,0.05
7961,53415,1028,4,407.63,0.20
7962,53416,1120,3,260.62,0.20
7963,53417,1131,2,312.20,0.20
7964,53417,1122,1,190.11,0.00
7965,53418,1013,3,563.11,0.00
7966,53418,1003,2,455.00,0.15
7967,53418,1049,1,254.11,0.00
7968,53419,1127,1,34.46,0.00
7969,53419,1139,1,47.11,0.10
7970,53419,1058,1,236.39,0.15
7971,53420,1106,2,121.15,0.20
7972,53420,1110,1,73.55,0.00
7973,53420,1144,1,308.70,0.00
7974,53420,1156,1,306.32,0.00
7975,53421,1065,1,223.84,0.10
7976,53422,1136,3,279.74,0.00
7977,53422,1049,3,242.86,0.25
7978,53422,1186,2,102.44,0.10
7979,53423,1010,1,482.51,0.00
7980,53423,1028,1,403.68,0.00
7981,53423,1013,3,566.32,0.00
7982,53423,1039,3,565.21,0.00
7983,53423,1172,2,8.85,0.00
7984,53424,1110,3,73.59,0.10
7985,53424,1180,1,23.58,0.00
7986,53425,1113,2,30.35,0.00
7987,53425,1156,2,325.64,0.15
7988,53425,1054,1,37.21,0.10
7989,53425,1001,4,392.16,0.15
7990,53426,1046,1,35.59,0.00
7991,53426,1137,1,233.42,0.10
7992,53427,1047,1,196.48,0.05
7993,53427,1081,4,35.98,0.25
7994,53427,1144,1,289.68,0.05
7995,53428,1170,2,86.39,0.00
7996,53429,1114,1,234.50,0.05
7997,53429,1077,3,110.96,0.10
7998,53429,1009,1,153.26,0.10
7999,53429,1121,1,157.82,0.20
8000,53430,1019,3,501.65,0.10
8001,53430,1092,1,451.20,0.00
8002,53430,1189,2,117.19,0.25
8003,53431,1044,1,249.54,0.00
8004,53431,1050,3,247.66,0.10
8005,53431,1100,3,451.95,0.20
8006,53432,1199,1,82.78,0.05
8007,53432,1154,2,119.05,0.15
8008,53432,1181,2,132.76,0.00
8009,53433,1149,1,151.87,0.00
8010,53433,1127,5,33.58,0.15
8011,53433,1011,1,494.90,0.20
8012,53434,1156,1,323.09,0.05
8013,53434,1104,3,190.26,0.10
8014,53434,1194,1,26.75,0.05
8015,53434,1040,1,180.64,0.15
8016,53434,1118,1,107.74,0.00
8017,53435,1189,1,124.31,0.20
8018,53436,1177,3,170.83,0.15
8019,53436,1094,2,401.19,0.25
8020,53436,1135,1,224.88,0.10
8021,53436,1166,2,148.01,0.00
8022,53437,1031,1,574.05,0.25
8023,53438,1144,1,297.46,0.10
8024,53438,1180,2,23.45,0.15
8025,53439,1068,4,31.34,0.00
8026,53440,1192,2,59.05,0.05
8027,53440,1104,1,186.60,0.10
8028,53440,1037,1,508.94,0.20
8029,53441,1186,2,99.20,0.10
8030,53441,1040,1,173.09,0.10
8031,53441,1157,3,91.09,0.10
8032,53442,1110,2,76.04,0.15
8033,53443,1038,5,401.07,0.25
8034,53443,1111,1,424.01,0.00
8035,53443,1044,1,258.85,0.05
8036,53444,1153,2,60.47,0.15
8037,53444,1192,1,57.44,0.15
8038,53444,1067,1,225.88,0.00
8039,53445,1096,1,194.44,0.10
8040,53445,1135,1,223.48,0.05
8041,53446,1085,1,99.66,0.00
8042,53447,1031,1,578.12,0.15
8043,53447,1146,3,11.45,0.05
8044,53448,1182,1,115.34,0.00
8045,53448,1036,2,146.24,0.10
8046,53448,1039,1,545.37,0.00
8047,53449,1039,4,565.16,0.15
8048,53449,1169,1,44.56,0.05
8049,53450,1125,2,233.93,0.20
8050,53450,1004,2,539.67,0.05
8051,53451,1105,1,176.87,0.15
8052,53452,1009,2,156.90,0.10
8053,53453,1161,2,153.66,0.00
8054,53453,1035,1,204.79,0.00
8055,53454,1195,2,172.38,0.05
8056,53454,1012,1,217.18,0.00
8057,53454,1193,1,73.12,0.00
8058,53455,1066,1,87.04,0.10
8059,53455,1185,2,5.13,0.00
8060,53456,1159,2,145.23,0.10
8061,53456,1007,1,39.88,0.00
8062,53457,1144,1,287.62,0.00
8063,53457,1028,1,411.80,0.05
8064,53457,1033,1,496.40,0.00
8065,53458,1048,3,25.78,0.00
8066,53458,1106,1,122.14,0.05
8067,53458,1089,1,49.52,0.00
8068,53459,1153,2,59.12,0.10
8069,53459,1106,2,126.80,0.10
8070,53459,1046,1,35.98,0.00
8071,53460,1003,2,463.85,0.20
8072,53461,1024,1,85.69,0.00
8073,53461,1093,5,179.58,0.10
8074,53462,1117,2,274.09,0.25
8075,53462,1131,2,311.46,0.00
8076,53462,1096,2,199.27,0.00
8077,53463,1104,3,186.80,0.00
8078,53463,1196,1,159.51,0.00
8079,53464,1123,2,81.01,0.05
8080,53464,1108,1,443.32,0.10
8081,53465,1145,1,149.97,0.00
8082,53465,1158,5,271.69,0.00
8083,53465,1188,3,68.45,0.20
8084,53466,1168,2,155.65,0.05
8085,53467,1079,1,91.05,0.05
8086,53467,1152,1,286.90,0.20
8087,53467,1072,4,71.89,0.10
8088,53468,1060,1,150.70,0.00
8089,53468,1065,1,216.81,0.00
8090,53468,1173,1,64.64,0.05
8091,53469,1071,1,127.59,0.05
8092,53469,1131,1,305.50,0.15
8093,53470,1199,1,80.06,0.00
8094,53471,1075,2,56.43,0.00
8095,53471,1041,2,148.12,0.10
8096,53472,1159,1,142.52,0.00
8097,53472,1095,3,89.92,0.15
8098,53472,1094,1,396.82,0.00
8099,53472,1026,2,230.25,0.00
8100,53473,1040,1,173.17,0.15
8101,53473,1035,1,198.61,0.00
8102,53474,1085,3,96.78,0.00
8103,53475,1146,3,11.21,0.20
8104,53475,1036,1,147.84,0.05
8105,53476,1034,2,161.55,0.00
8106,53477,1197,2,58.06,0.00
8107,53477,1193,1,76.83,0.00
8108,53477,1008,1,385.16,0.15
8109,53477,1189,1,118.95,0.15
8110,53478,1064,5,14.87,0.00
8111,53478,1165,2,144.43,0.10
8112,53478,1024,1,80.79,0.00
8113,53479,1057,1,129.35,0.00
8114,53479,1129,2,34.41,0.10
8115,53479,1148,1,269.32,0.00
8116,53479,1054,1,37.20,0.15
8117,53480,1195,1,166.67,0.20
8118,53481,1093,1,184.17,0.25
8119,53481,1091,2,335.61,0.15
8120,53482,1191,2,129.38,0.15
8121,53483,1018,3,235.77,0.15
8122,53483,1058,1,223.28,0.15
8123,53483,1014,2,75.83,0.20
8124,53483,1137,2,244.23,0.20
8125,53484,1164,2,63.95,0.05
8126,53484,1008,3,389.70,0.00
8127,53484,1038,1,415.77,0.00
8128,53485,1157,2,94.68,0.20
8129,53485,1140,1,102.79,0.00
8130,53485,1141,2,261.56,0.15
8131,53485,1170,3,82.52,0.20
8132,53486,1064,4,14.53,0.00
8133,53487,1111,4,438.28,0.15
8134,53487,1093,1,181.23,0.05
8135,53487,1179,1,172.99,0.00
8136,53488,1043,1,103.40,0.00
8137,53488,1107,2,209.98,0.05
8138,53488,1156,1,325.54,0.00
8139,53488,1033,2,509.11,0.00
8140,53489,1174,1,175.50,0.00
8141,53489,1080,1,65.30,0.00
8142,53490,1123,1,79.17,0.00
8143,53490,1178,1,174.55,0.10
8144,53491,1148,2,267.08,0.15
8145,53491,1065,1,215.47,0.00
8146,53492,1060,1,150.82,0.05
8147,53492,1102,1,382.36,0.20
8148,53493,1132,2,130.27,0.10
8149,53494,1196,3,168.87,0.00
8150,53494,1017,1,328.95,0.10
8151,53494,1122,2,181.24,0.00
8152,53495,1140,2,105.02,0.20
8153,53496,1064,1,15.01,0.15
8154,53497,1189,1,119.02,0.25
8155,53497,1110,1,72.65,0.10
8156,53498,1082,1,109.91,0.10
8157,53498,1002,1,190.03,0.25
8158,53499,1022,1,154.87,0.25
8159,53499,1150,2,35.43,0.00
8160,53499,1032,2,351.53,0.10
8161,53499,1197,1,57.10,0.00
8162,53499,1071,1,128.02,0.10
8163,53500,1032,1,340.43,0.25
8164,53501,1009,1,146.90,0.25
8165,53502,1173,1,62.44,0.10
8166,53502,1061,1,192.26,0.20
8167,53503,1092,1,442.54,0.00
8168,53503,1023,1,71.44,0.10
8169,53504,1166,2,142.55,0.10
8170,53504,1009,1,155.36,0.00
8171,53504,1142,4,217.59,0.05
8172,53504,1051,2,12.89,0.00
8173,53505,1138,2,57.19,0.00
8174,53505,1170,1,87.78,0.10
8175,53506,1104,1,177.40,0.20
8176,53506,1062,3,200.44,0.00
8177,53506,1174,5,181.09,0.15
8178,53507,1026,3,246.17,0.10
8179,53507,1044,1,243.81,0.20
8180,53508,1071,4,123.82,0.00
8181,53509,1031,3,572.84,0.00
8182,53509,1105,1,167.84,0.00
8183,53509,1056,2,213.54,0.00
8184,53510,1194,2,27.91,0.00
8185,53510,1017,1,322.58,0.10
8186,53511,1121,2,156.47,0.15
8187,53511,1156,1,308.64,0.15
8188,53512,1095,3,93.12,0.00
8189,53512,1053,2,74.02,0.00
8190,53513,1195,5,166.36,0.05
8191,53513,1090,1,185.77,0.15
8192,53514,1007,2,41.08,0.00
8193,53514,1080,2,63.57,0.15
8194,53515,1182,2,113.09,0.15
8195,53516,1073,2,108.82,0.05
8196,53517,1008,1,392.29,0.20
8197,53517,1139,1,44.93,0.00
8198,53518,1060,2,161.65,0.00
8199,53518,1028,4,400.65,0.05
8200,53519,1014,2,77.90,0.00
8201,53520,1054,1,35.50,0.05
8202,53520,1139,2,46.18,0.10
8203,53521,1143,4,182.98,0.10
8204,53522,1194,1,27.16,0.00
8205,53523,1075,1,58.61,0.20
8206,53524,1194,3,27.14,0.05
8207,53524,1133,2,300.89,0.05
8208,53525,1170,2,82.40,0.25
8209,53526,1013,1,588.20,0.15
8210,53526,1185,2,5.34,0.05
8211,53526,1083,1,378.88,0.20
8212,53526,1178,2,171.27,0.05
8213,53527,1167,2,147.26,0.00
8214,53527,1065,2,229.14,0.00
8215,53528,1166,1,151.46,0.05
8216,53528,1197,1,57.98,0.25
8217,53528,1039,4,549.56,0.00
8218,53528,1128,1,347.56,0.00
8219,53528,1033,1,525.61,0.00
8220,53529,1105,1,178.34,0.15
8221,53529,1171,1,142.55,0.15
8222,53529,1132,2,133.97,0.00
8223,53529,1032,2,338.40,0.05
8224,53530,1170,1,82.19,0.10
8225,53531,1077,1,118.84,0.00
8226,53532,1020,2,504.75,0.05
8227,53532,1177,2,173.57,0.05
8228,53533,1161,1,159.72,0.10
8229,53534,1142,1,227.69,0.25
8230,53534,1136,1,280.88,0.00
8231,53534,1119,2,392.17,0.00
8232,53534,1002,1,177.31,0.20
8233,53535,1094,4,396.15,0.05
8234,53536,1115,2,74.98,0.10
8235,53537,1150,2,35.77,0.05
8236,53537,1136,1,288.22,0.00
8237,53537,1155,4,276.96,0.00
8238,53538,1107,1,204.04,0.00
8239,53539,1139,1,45.62,0.10
8240,53539,1157,1,92.67,0.10
8241,53539,1028,1,406.28,0.05
8242,53539,1155,1,269.88,0.00
8243,53540,1003,2,451.56,0.00
8244,53540,1070,1,194.81,0.00
8245,53541,1018,3,236.18,0.20
8246,53541,1059,1,78.83,0.05
8247,53542,1110,2,75.33,0.05
8248,53542,1158,1,264.90,0.05
8249,53543,1197,1,57.26,0.00
8250,53543,1065,1,223.74,0.00
8251,53544,1003,1,440.79,0.25
8252,53544,1094,3,402.30,0.00
8253,53544,1057,1,132.94,0.05
8254,53544,1076,2,256.84,0.15
8255,53545,1121,4,148.49,0.05
8256,53546,1187,2,135.54,0.05
8257,53547,1180,2,24.76,0.00
8258,53547,1042,2,150.64,0.05
8259,53548,1127,1,33.35,0.00
8260,53549,1193,1,76.65,0.00
8261,53550,1076,2,248.59,0.05
8262,53550,1006,1,155.32,0.20
8263,53550,1016,1,493.87,0.25
8264,53550,1085,1,99.06,0.00
8265,53550,1118,1,112.54,0.00
8266,53551,1049,1,255.72,0.10
8267,53551,1041,1,149.20,0.05
8268,53551,1013,3,564.43,0.05
8269,53552,1037,1,508.68,0.00
8270,53552,1185,2,5.32,0.15
8271,53553,1071,1,121.29,0.00
8272,53553,1170,2,87.18,0.20
8273,53554,1165,3,149.90,0.20
8274,53554,1180,2,23.27,0.05
8275,53555,1146,1,10.78,0.00
8276,53556,1090,1,195.73,0.25
8277,53557,1080,1,67.79,0.10
8278,53557,1186,2,96.18,0.00
8279,53558,1015,1,508.45,0.25
8280,53558,1172,1,9.41,0.00
8281,53559,1147,3,227.62,0.00
8282,53559,1053,2,74.38,0.10
8283,53559,1007,1,40.95,0.00
8284,53559,1079,1,93.42,0.05
8285,53560,1076,5,256.43,0.05
8286,53560,1051,3,12.40,0.00
8287,53561,1044,2,251.54,0.00
8288,53562,1089,4,46.48,0.15
8289,53562,1178,3,181.77,0.05
8290,53563,1193,5,78.05,0.00
8291,53564,1173,1,63.12,0.00
8292,53564,1189,1,123.77,0.00
8293,53564,1112,3,242.09,0.20
8294,53565,1063,2,10.13,0.00
8295,53565,1141,1,249.84,0.00
8296,53565,1101,1,443.62,0.20
8297,53565,1050,2,236.46,0.00
8298,53566,1055,1,114.64,0.25
8299,53567,1085,1,99.93,0.00
8300,53567,1180,1,24.66,0.20
8301,53568,1142,2,228.85,0.00
8302,53569,1111,1,433.41,0.05
8303,53569,1183,1,72.93,0.00
8304,53569,1084,2,107.14,0.20
8305,53570,1074,3,143.68,0.20
8306,53570,1133,1,302.79,0.00
8307,53570,1125,3,238.06,0.10
8308,53571,1038,1,408.08,0.15
8309,53572,1155,1,281.42,0.00
8310,53572,1063,1,10.01,0.25
8311,53573,1068,4,30.65,0.00
8312,53574,1052,2,174.79,0.00
8313,53574,1066,1,86.59,0.00
8314,53574,1037,2,508.02,0.00
8315,53574,1099,1,247.30,0.00
8316,53575,1142,2,224.45,0.10
8317,53575,1100,5,460.10,0.00
8318,53575,1128,1,354.74,0.20
8319,53575,1082,3,102.80,0.00
8320,53576,1035,1,212.77,0.10
8321,53576,1052,2,167.31,0.00
8322,53577,1090,2,190.39,0.15
8323,53577,1134,2,217.33,0.15
8324,53577,1021,3,426.01,0.00
8325,53578,1110,3,76.59,0.25
8326,53578,1031,1,606.98,0.25
8327,53578,1047,2,204.68,0.00
8328,53578,1002,2,189.22,0.25
8329,53579,1046,1,36.48,0.10
8330,53579,1158,1,269.92,0.05
8331,53579,1037,2,519.02,0.05
8332,53580,1144,2,294.95,0.15
8333,53580,1099,3,245.18,0.00
8334,53580,1170,1,88.76,0.00
8335,53580,1041,3,144.16,0.25
8336,53581,1197,2,57.14,0.20
8337,53582,1171,1,140.62,0.20
8338,53582,1195,1,169.82,0.00
8339,53583,1109,1,256.39,0.00
8340,53583,1186,1,101.30,0.00
8341,53583,1106,1,120.50,0.00
8342,53583,1124,1,88.40,0.15
8343,53584,1118,2,107.45,0.05
8344,53584,1049,1,244.49,0.00
8345,53585,1051,1,12.25,0.10
8346,53585,1085,1,103.00,0.00
8347,53585,1042,4,149.10,0.20
8348,53585,1094,1,381.80,0.00
8349,53586,1144,1,292.30,0.20
8350,53586,1118,3,108.72,0.05
8351,53587,1193,4,76.23,0.15
8352,53588,1137,1,240.95,0.25
8353,53589,1113,1,30.73,0.10
8354,53590,1083,1,393.87,0.20
8355,53591,1120,1,263.84,0.05
8356,53591,1196,2,158.81,0.05
8357,53592,1157,1,95.00,0.00
8358,53592,1093,4,181.55,0.10
8359,53593,1177,2,166.72,0.05
8360,53594,1036,2,144.86,0.00
8361,53594,1170,2,83.20,0.15
8362,53595,1179,1,168.36,0.15
8363,53595,1137,2,234.56,0.25
8364,53596,1010,1,470.98,0.10
8365,53596,1102,3,381.79,0.10
8366,53596,1038,1,398.77,0.00
8367,53597,1097,2,118.25,0.00
8368,53597,1166,2,146.07,0.10
8369,53597,1147,1,230.17,0.10
8370,53598,1198,1,5.21,0.00
8371,53599,1161,2,152.84,0.05
8372,53599,1025,1,388.96,0.00
8373,53599,1159,1,151.99,0.10
8374,53600,1036,1,149.80,0.05
8375,53601,1053,1,74.80,0.00
8376,53601,1054,1,37.88,0.00
8377,53602,1172,1,9.41,0.00
8378,53603,1175,3,114.05,0.15
8379,53604,1098,1,196.39,0.15
8380,53604,1117,2,268.72,0.20
8381,53604,1183,2,69.61,0.00
8382,53605,1003,2,442.34,0.15
8383,53606,1109,3,242.49,0.00
8384,53606,1093,1,184.25,0.10
8385,53606,1011,1,477.49,0.00
8386,53607,1148,1,269.92,0.00
8387,53607,1152,1,299.34,0.00
8388,53608,1080,1,64.77,0.00
8389,53608,1121,1,146.91,0.05
8390,53609,1141,1,257.84,0.10
8391,53609,1107,5,202.64,0.10
8392,53609,1100,2,436.19,0.05
8393,53610,1052,4,174.89,0.00
8394,53610,1185,4,5.22,0.10
8395,53610,1128,4,344.70,0.05
8396,53610,1148,1,261.11,0.20
8397,53611,1194,1,26.21,0.00
8398,53611,1174,5,167.78,0.00
8399,53611,1181,1,135.82,0.20
8400,53612,1088,2,372.98,0.10
8401,53612,1001,1,385.49,0.05
8402,53612,1012,1,219.19,0.05
8403,53613,1128,2,342.06,0.05
8404,53614,1081,3,36.57,0.00
8405,53614,1158,5,266.20,0.05
8406,53615,1053,1,74.40,0.05
8407,53616,1127,1,35.23,0.00
8408,53616,1033,1,524.98,0.05
8409,53616,1111,2,437.10,0.15
8410,53616,1196,1,158.98,0.10
8411,53617,1177,2,166.52,0.10
8412,53617,1133,2,294.58,0.05
8413,53618,1170,1,85.11,0.00
8414,53618,1130,1,101.38,0.20
8415,53618,1192,1,59.25,0.10
8416,53618,1085,3,102.09,0.10
8417,53618,1167,2,142.04,0.00
8418,53619,1059,5,80.98,0.00
8419,53619,1136,2,293.77,0.00
8420,53619,1074,2,137.96,0.10
8421,53619,1078,3,39.60,0.15
8422,53620,1050,1,235.70,0.00
8423,53621,1039,1,559.66,0.15
8424,53621,1025,1,393.12,0.20
8425,53621,1176,3,169.79,0.00
8426,53622,1019,3,484.11,0.15
8427,53622,1108,1,448.18,0.00
8428,53622,1075,1,60.24,0.25
8429,53622,1191,1,128.81,0.00
8430,53623,1154,1,116.64,0.00
8431,53623,1083,1,401.95,0.00
8432,53624,1048,1,24.42,0.05
8433,53624,1200,1,117.21,0.10
8434,53624,1054,2,36.57,0.20
8435,53625,1105,1,171.28,0.10
8436,53625,1133,1,301.50,0.00
8437,53625,1009,1,154.73,0.20
8438,53626,1111,1,443.31,0.00
8439,53626,1038,1,405.98,0.20
8440,53626,1158,1,272.04,0.10
8441,53627,1173,1,64.39,0.00
8442,53627,1052,2,178.63,0.25
8443,53627,1184,5,48.83,0.00
8444,53627,1057,1,134.86,0.10
8445,53628,1070,5,195.62,0.00
8446,53628,1085,1,101.25,0.15
8447,53628,1160,1,61.59,0.20
8448,53628,1094,1,398.68,0.00
8449,53629,1131,1,305.46,0.25
8450,53630,1066,2,84.73,0.10
8451,53630,1147,1,220.51,0.05
8452,53631,1014,4,80.47,0.05
8453,53631,1015,1,501.51,0.10
8454,53631,1182,2,113.85,0.05
8455,53631,1107,1,212.73,0.10
8456,53632,1105,2,178.78,0.05
8457,53632,1038,4,390.92,0.15
8458,53633,1045,4,31.31,0.05
8459,53633,1096,2,188.92,0.20
8460,53634,1056,2,224.71,0.00
8461,53634,1029,3,126.44,0.00
8462,53635,1090,1,187.00,0.00
8463,53636,1164,1,62.11,0.00
8464,53636,1095,2,90.60,0.05
8465,53636,1055,1,122.77,0.00
8466,53636,1028,2,382.86,0.10
8467,53637,1173,1,60.64,0.25
8468,53637,1147,1,234.03,0.00
8469,53638,1052,1,176.36,0.05
8470,53639,1073,1,107.38,0.05
8471,53639,1088,1,374.95,0.00
8472,53640,1181,2,133.69,0.15
8473,53641,1064,1,14.37,0.05
8474,53641,1063,3,10.36,0.20
8475,53641,1092,1,441.06,0.25
8476,53642,1047,2,197.11,0.00
8477,53642,1149,3,149.68,0.00
8478,53643,1100,1,432.38,0.20
8479,53643,1171,1,141.87,0.00
8480,53643,1063,1,10.33,0.15
8481,53644,1031,3,601.34,0.25
8482,53645,1015,1,505.10,0.15
8483,53645,1046,1,36.91,0.10
8484,53645,1002,1,189.53,0.20
8485,53645,1047,4,194.57,0.25
8486,53645,1167,1,146.36,0.00
8487,53646,1014,1,78.22,0.00
8488,53646,1105,1,172.48,0.00
8489,53646,1082,1,105.70,0.00
8490,53647,1083,1,372.30,0.10
8491,53648,1112,1,250.66,0.00
8492,53648,1034,1,156.46,0.20
8493,53648,1039,1,537.18,0.15
8494,53648,1149,1,158.22,0.10
8495,53649,1133,2,298.50,0.05
8496,53650,1007,4,39.12,0.20
8497,53650,1114,1,228.31,0.00
8498,53651,1016,1,494.47,0.15
8499,53652,1134,1,219.57,0.10
8500,53652,1048,3,24.29,0.05
8501,53653,1130,1,99.44,0.05
8502,53654,1103,2,226.16,0.15
8503,53654,1052,1,179.90,0.00
8504,53654,1177,3,168.35,0.20
8505,53655,1153,2,59.69,0.00
8506,53655,1194,1,27.26,0.05
8507,53656,1196,1,166.68,0.10
8508,53657,1173,1,63.25,0.00
8509,53657,1148,3,267.67,0.00
8510,53657,1149,1,158.36,0.00
8511,53657,1023,1,72.62,0.00
8512,53658,1186,4,98.34,0.00
8513,53659,1063,1,10.51,0.00
8514,53659,1160,1,62.77,0.10
8515,53659,1185,1,5.22,0.00
8516,53659,1045,3,30.58,0.20
8517,53659,1124,1,93.53,0.15
8518,53660,1022,1,156.80,0.05
8519,53660,1163,2,9.62,0.00
8520,53661,1050,1,240.03,0.05
8521,53662,1071,1,124.99,0.20
8522,53662,1182,1,108.30,0.00
8523,53662,1134,2,223.23,0.00
8524,53662,1041,2,141.89,0.00
8525,53662,1126,1,115.76,0.15
8526,53663,1119,5,399.76,0.00
8527,53663,1008,1,399.58,0.25
8528,53664,1042,1,150.91,0.00
8529,53665,1163,1,9.17,0.10
8530,53665,1166,1,149.93,0.15
8531,53666,1133,1,302.78,0.00
8532,53667,1083,1,400.70,0.05
8533,53667,1003,1,464.07,0.00
8534,53667,1098,1,199.70,0.20
8535,53667,1107,1,205.23,0.05
8536,53667,1007,2,40.40,0.00
8537,53668,1195,2,171.45,0.00
8538,53668,1124,1,87.80,0.15
8539,53668,1123,2,81.72,0.05
8540,53668,1169,3,45.35,0.05
8541,53669,1030,2,121.10,0.05
8542,53669,1004,1,523.75,0.20
8543,53669,1155,2,287.66,0.00
8544,53670,1140,1,100.71,0.05
8545,53671,1131,1,299.10,0.20
8546,53672,1168,2,157.01,0.05
8547,53672,1028,1,413.38,0.10
8548,53673,1052,2,176.20,0.00
8549,53673,1166,2,141.99,0.00
8550,53673,1051,1,13.06,0.00
8551,53673,1066,1,84.71,0.00
8552,53674,1109,3,255.83,0.05
8553,53674,1188,2,67.63,0.20
8554,53674,1149,3,149.34,0.10
8555,53674,1004,1,521.69,0.00
8556,53674,1066,2,86.54,0.10
8557,53675,1051,2,12.44,0.00
8558,53675,1075,2,58.09,0.00
8559,53676,1103,1,220.77,0.25
8560,53676,1022,1,150.07,0.15
8561,53676,1053,4,76.58,0.00
8562,53677,1074,2,136.47,0.15
8563,53677,1091,1,339.66,0.00
8564,53677,1175,1,118.78,0.00
8565,53677,1116,1,41.84,0.00
8566,53678,1034,2,159.77,0.00
8567,53678,1048,2,24.91,0.15
8568,53679,1148,1,261.35,0.15
8569,53679,1106,2,121.63,0.00
8570,53680,1038,1,391.16,0.00
8571,53680,1144,1,290.63,0.00
8572,53680,1075,2,60.04,0.00
8573,53680,1077,1,111.10,0.00
8574,53681,1149,1,151.46,0.00
8575,53681,1087,2,212.85,0.00
8576,53681,1129,3,33.99,0.00
8577,53682,1164,2,61.95,0.05
8578,53683,1158,1,265.00,0.10
8579,53683,1108,4,426.94,0.00
8580,53683,1034,2,152.77,0.00
8581,53683,1125,2,240.41,0.20
8582,53683,1106,1,125.68,0.05
8583,53684,1101,4,420.94,0.00
8584,53684,1158,1,270.78,0.00
8585,53685,1185,1,5.34,0.20
8586,53685,1119,2,402.33,0.00
8587,53685,1027,1,181.34,0.25
8588,53686,1014,1,76.99,0.00
8589,53687,1067,1,226.65,0.20
8590,53687,1139,1,44.59,0.10
8591,53687,1123,2,80.89,0.05
8592,53687,1009,3,152.33,0.15
8593,53688,1012,1,215.83,0.10
8594,53688,1109,1,256.60,0.00
8595,53689,1106,1,122.93,0.05
8596,53689,1032,3,356.10,0.00
8597,53690,1048,1,24.95,0.10
8598,53690,1120,4,278.61,0.00
8599,53691,1075,2,55.96,0.10
8600,53691,1128,1,335.62,0.10
8601,53692,1186,5,98.81,0.00
8602,53693,1194,1,27.54,0.10
8603,53693,1131,1,297.51,0.15
8604,53694,1085,1,98.55,0.10
8605,53694,1068,4,30.80,0.25
8606,53694,1019,1,512.59,0.00
8607,53694,1180,2,23.36,0.10
8608,53695,1143,1,181.03,0.00
8609,53695,1106,3,123.81,0.05
8610,53695,1111,1,434.48,0.10
8611,53696,1090,2,200.08,0.20
8612,53696,1086,3,430.40,0.10
8613,53696,1151,1,307.97,0.10
8614,53697,1182,2,110.58,0.00
8615,53697,1106,3,125.45,0.00
8616,53698,1178,1,168.47,0.25
8617,53699,1151,2,309.26,0.15
8618,53699,1083,1,379.66,0.15
8619,53699,1182,1,111.98,0.10
8620,53700,1044,1,246.45,0.00
8621,53701,1139,1,44.74,0.20
8622,53701,1038,1,407.43,0.20
8623,53702,1159,2,151.27,0.10
8624,53702,1200,1,117.49,0.00
8625,53703,1115,2,75.95,0.00
8626,53703,1124,3,90.39,0.00
8627,53704,1080,1,67.78,0.25
8628,53704,1045,1,33.01,0.25
8629,53704,1047,1,203.13,0.00
8630,53704,1059,2,81.36,0.00
8631,53705,1193,1,73.13,0.00
8632,53706,1044,1,254.55,0.10
8633,53707,1168,2,152.47,0.05
8634,53707,1103,1,221.87,0.00
8635,53708,1197,1,59.75,0.05
8636,53708,1192,1,61.46,0.15
8637,53709,1121,1,155.07,0.00
8638,53709,1020,2,507.62,0.00
8639,53709,1196,1,158.00,0.10
8640,53709,1019,2,501.47,0.00
8641,53709,1178,2,171.83,0.00
8642,53710,1156,1,327.57,0.00
8643,53710,1030,1,120.06,0.00
8644,53711,1082,1,108.72,0.00
8645,53711,1124,4,90.30,0.10
8646,53711,1113,1,29.33,0.00
8647,53712,1170,1,84.23,0.00
8648,53712,1087,4,210.92,0.15
8649,53713,1038,1,392.42,0.05
8650,53713,1101,1,448.36,0.15
8651,53714,1197,1,57.22,0.00
8652,53714,1091,2,329.83,0.05
8653,53714,1008,1,403.78,0.10
8654,53715,1155,2,282.96,0.00
8655,53716,1134,3,213.08,0.00
8656,53717,1187,1,137.79,0.00
8657,53718,1035,1,208.24,0.15
8658,53718,1120,1,272.81,0.20
8659,53718,1178,3,176.64,0.05
8660,53719,1187,3,135.34,0.15
8661,53719,1198,1,4.94,0.00
8662,53720,1109,1,248.98,0.05
8663,53720,1055,1,117.71,0.05
8664,53721,1180,3,23.96,0.00
8665,53722,1143,1,170.30,0.15
8666,53723,1172,1,9.28,0.00
8667,53724,1134,1,225.97,0.15
8668,53724,1078,1,37.78,0.05
8669,53725,1067,2,225.32,0.10
8670,53725,1173,2,62.09,0.00
8671,53726,1173,1,64.60,0.20
8672,53726,1182,2,113.11,0.05
8673,53726,1002,1,186.17,0.05
8674,53727,1020,4,522.85,0.15
8675,53727,1041,1,145.71,0.10
8676,53728,1142,1,228.95,0.00
8677,53728,1089,1,47.50,0.00
8678,53729,1022,1,151.65,0.15
8679,53729,1067,1,217.88,0.00
8680,53730,1057,2,127.72,0.10
8681,53731,1151,1,321.82,0.15
8682,53731,1157,1,96.91,0.00
8683,53731,1029,2,122.03,0.10
8684,53732,1180,1,24.08,0.15
8685,53733,1047,1,203.58,0.15
8686,53733,1121,1,152.92,0.00
8687,53733,1124,1,91.73,0.00
8688,53733,1052,1,168.07,0.15
8689,53734,1119,5,416.75,0.00
8690,53734,1051,1,13.08,0.25
8691,53735,1175,1,120.01,0.15
8692,53736,1016,1,470.76,0.20
8693,53736,1182,1,111.09,0.10
8694,53737,1191,1,128.45,0.20
8695,53737,1018,2,247.82,0.00
8696,53737,1188,4,66.91,0.20
8697,53737,1074,2,138.22,0.25
8698,53738,1183,1,75.10,0.05
8699,53738,1114,2,219.83,0.25
8700,53738,1145,1,151.83,0.15
8701,53738,1081,1,37.87,0.15
8702,53739,1051,3,12.96,0.10
8703,53739,1145,1,153.58,0.10
8704,53739,1057,2,129.30,0.00
8705,53739,1105,1,175.26,0.20
8706,53740,1041,2,148.93,0.00
8707,53740,1188,3,68.82,0.10
8708,53740,1084,1,106.55,0.05
8709,53741,1106,1,118.24,0.00
8710,53741,1022,2,158.15,0.25
8711,53742,1163,2,9.67,0.10
8712,53742,1075,1,58.57,0.10
8713,53742,1062,1,193.36,0.10
8714,53743,1127,1,35.03,0.00
8715,53743,1158,1,272.02,0.15
8716,53743,1086,3,410.85,0.10
8717,53744,1141,2,244.10,0.00
8718,53744,1048,2,25.27,0.00
8719,53745,1115,3,77.50,0.00
8720,53745,1082,1,110.95,0.00
8721,53745,1039,1,534.07,0.05
8722,53746,1017,2,335.64,0.00
8723,53746,1063,1,9.98,0.15
8724,53746,1013,2,571.14,0.10
8725,53746,1145,1,153.91,0.05
8726,53747,1066,1,86.16,0.00
8727,53748,1004,1,552.83,0.00
8728,53748,1065,1,224.76,0.05
8729,53749,1169,3,45.22,0.05
8730,53749,1028,1,382.14,0.00
8731,53750,1030,3,118.60,0.15
8732,53750,1096,1,200.20,0.05
8733,53750,1095,1,91.79,0.00
8734,53750,1111,1,428.41,0.25
8735,53751,1132,2,136.97,0.10
8736,53751,1148,1,259.14,0.25
8737,53751,1025,3,378.57,0.00
8738,53751,1082,1,108.74,0.00
8739,53751,1096,2,187.27,0.00
8740,53752,1063,1,10.24,0.15
8741,53753,1177,1,168.44,0.10
8742,53753,1131,1,305.29,0.10
8743,53754,1092,2,427.10,0.05
8744,53754,1179,1,171.51,0.10
8745,53754,1122,2,187.59,0.25
8746,53754,1038,2,415.81,0.05
8747,53755,1129,5,35.39,0.05
8748,53755,1015,3,523.03,0.00
8749,53755,1049,1,252.55,0.00
8750,53755,1009,2,149.26,0.05
8751,53756,1041,1,148.46,0.00
8752,53757,1145,5,153.63,0.10
8753,53758,1128,1,353.21,0.05
8754,53758,1133,1,284.62,0.00
8755,53759,1124,5,93.86,0.05
8756,53759,1086,1,422.41,0.00
8757,53760,1094,1,393.65,0.00
8758,53760,1091,4,324.82,0.00
8759,53761,1022,1,161.32,0.00
8760,53761,1051,1,12.31,0.10
8761,53761,1028,1,389.71,0.00
8762,53761,1011,1,493.57,0.05
8763,53762,1034,2,152.88,0.00
8764,53762,1104,2,189.77,0.10
8765,53763,1038,1,408.95,0.25
8766,53764,1139,2,46.29,0.00
8767,53765,1194,1,27.26,0.00
8768,53765,1056,4,211.90,0.05
8769,53765,1044,1,258.48,0.05
8770,53765,1160,1,62.72,0.00
8771,53766,1123,2,81.83,0.00
8772,53767,1141,2,252.02,0.05
8773,53767,1082,4,109.17,0.10
8774,53767,1032,3,342.45,0.10
8775,53768,1159,3,146.89,0.00
8776,53769,1075,3,58.49,0.10
8777,53769,1183,2,70.85,0.00
8778,53770,1128,3,351.29,0.05
8779,53771,1132,3,139.23,0.05
8780,53771,1017,1,330.55,0.20
8781,53772,1141,3,259.32,0.05
8782,53772,1175,1,118.49,0.00
8783,53773,1131,3,302.61,0.05
8784,53773,1104,5,187.09,0.00
8785,53773,1075,1,57.49,0.00
8786,53774,1139,3,44.86,0.00
8787,53774,1055,4,123.19,0.05
8788,53775,1135,2,232.19,0.05
8789,53775,1173,1,61.79,0.25
8790,53775,1088,1,374.17,0.20
8791,53775,1107,1,214.40,0.00
8792,53775,1192,1,58.19,0.00
8793,53776,1046,1,37.40,0.00
8794,53776,1084,1,107.05,0.00
8795,53777,1089,2,48.01,0.15
8796,53777,1162,1,149.58,0.20
8797,53778,1025,1,395.05,0.10
8798,53779,1200,1,120.86,0.00
8799,53779,1139,1,47.74,0.10
8800,53779,1003,2,451.97,0.00
8801,53779,1044,1,258.80,0.10
8802,53779,1184,1,47.84,0.00
8803,53780,1156,1,320.63,0.15
8804,53781,1101,1,439.42,0.00
8805,53781,1096,1,197.36,0.05
8806,53782,1006,2,153.63,0.15
8807,53782,1134,4,211.94,0.00
8808,53782,1189,3,121.22,0.05
8809,53783,1014,1,81.18,0.00
8810,53783,1136,1,298.81,0.05
8811,53783,1128,1,345.10,0.00
8812,53783,1154,1,118.59,0.00
8813,53784,1135,2,238.52,0.10
8814,53784,1044,1,250.65,0.10
8815,53785,1028,1,405.41,0.25
8816,53786,1085,4,103.61,0.05
8817,53787,1067,1,215.14,0.00
8818,53787,1164,2,60.89,0.00
8819,53787,1056,1,212.71,0.00
8820,53787,1105,2,172.19,0.00
8821,53788,1169,3,42.27,0.00
8822,53788,1064,3,14.58,0.00
8823,53789,1090,1,189.75,0.15
8824,53789,1195,2,167.02,0.00
8825,53790,1140,1,99.95,0.00
8826,53790,1016,2,486.05,0.00
8827,53791,1060,1,160.44,0.05
8828,53791,1077,1,118.10,0.00
8829,53791,1169,3,42.26,0.05
8830,53792,1165,2,141.77,0.00
8831,53793,1097,1,116.38,0.15
8832,53793,1056,1,225.00,0.00
8833,53793,1160,1,64.05,0.05
8834,53794,1155,1,281.28,0.00
8835,53794,1132,1,138.61,0.00
8836,53794,1028,2,404.43,0.10
8837,53794,1161,2,154.99,0.00
8838,53795,1047,3,194.24,0.05
8839,53795,1053,1,72.50,0.05
8840,53796,1036,1,140.50,0.05
8841,53797,1017,1,330.88,0.00
8842,53797,1037,2,544.22,0.00
8843,53798,1136,2,295.65,0.05
8844,53798,1120,1,279.13,0.10
8845,53799,1090,1,189.36,0.00
8846,53800,1036,2,147.26,0.25
8847,53801,1074,1,137.69,0.20
8848,53801,1076,1,240.85,0.05
8849,53801,1034,1,158.85,0.25
8850,53801,1167,1,146.32,0.15
8851,53801,1184,3,49.56,0.20
8852,53802,1189,1,124.60,0.05
8853,53802,1149,3,161.42,0.20
8854,53803,1121,2,149.07,0.10
8855,53803,1159,2,150.99,0.20
8856,53803,1167,2,140.84,0.05
8857,53803,1058,1,220.81,0.20
8858,53803,1158,1,265.59,0.05
8859,53804,1074,2,141.57,0.00
8860,53804,1148,1,255.67,0.10
8861,53804,1035,1,213.15,0.00
8862,53804,1056,1,225.59,0.05
8863,53804,1083,1,393.80,0.20
8864,53805,1190,1,60.48,0.05
8865,53805,1069,5,26.40,0.00
8866,53805,1007,1,40.44,0.05
8867,53806,1038,3,411.85,0.00
8868,53806,1018,1,248.73,0.00
8869,53806,1156,1,316.34,0.15
8870,53807,1127,3,34.19,0.05
8871,53807,1190,1,60.65,0.00
8872,53808,1060,2,161.08,0.05
8873,53809,1123,1,77.99,0.05
8874,53809,1043,3,108.09,0.00
8875,53809,1198,1,5.00,0.25
8876,53809,1110,1,76.21,0.25
8877,53810,1193,1,76.56,0.10
8878,53810,1011,1,507.21,0.20
8879,53811,1182,1,111.78,0.25
8880,53811,1081,1,36.25,0.10
8881,53811,1194,1,26.75,0.00
8882,53812,1144,1,308.38,0.00
8883,53813,1070,4,191.78,0.05
8884,53814,1074,1,138.22,0.05
8885,53814,1198,4,4.99,0.15
8886,53814,1157,1,94.56,0.05
8887,53814,1070,2,196.81,0.25
8888,53815,1138,1,56.80,0.20
8889,53815,1069,1,27.34,0.15
8890,53815,1076,3,252.39,0.00
8891,53816,1003,1,462.94,0.20
8892,53816,1017,1,321.34,0.20
8893,53816,1001,2,403.07,0.20
8894,53816,1085,2,98.77,0.00
8895,53816,1111,2,447.77,0.00
8896,53817,1125,2,247.14,0.10
8897,53817,1150,3,35.58,0.20
8898,53818,1199,1,79.33,0.25
8899,53818,1173,2,62.68,0.00
8900,53819,1118,1,107.57,0.00
8901,53819,1093,1,186.80,0.10
8902,53820,1127,4,35.42,0.15
8903,53820,1165,2,145.14,0.10
8904,53820,1195,2,173.59,0.10
8905,53820,1014,2,77.53,0.25
8906,53820,1114,1,234.67,0.05
8907,53821,1074,4,141.76,0.05
8908,53821,1037,4,514.82,0.20
8909,53821,1101,2,447.55,0.00
8910,53821,1160,1,61.09,0.05
8911,53822,1184,1,50.55,0.15
8912,53823,1166,2,149.52,0.10
8913,53824,1050,5,241.83,0.00
8914,53825,1162,1,148.95,0.20
8915,53825,1115,3,77.91,0.00
8916,53825,1167,1,138.18,0.05
8917,53826,1105,2,170.11,0.05
8918,53827,1092,1,436.67,0.10
8919,53828,1193,1,74.92,0.15
8920,53828,1179,1,168.45,0.10
8921,53828,1084,3,114.00,0.05
8922,53828,1106,2,124.18,0.05
8923,53828,1005,2,266.45,0.20
8924,53829,1060,2,149.96,0.00
8925,53830,1185,1,5.27,0.15
8926,53830,1067,1,225.85,0.00
8927,53830,1082,2,110.15,0.15
8928,53831,1048,2,24.53,0.10
8929,53831,1043,1,103.85,0.05
8930,53831,1059,2,82.94,0.00
8931,53831,1159,3,146.75,0.00
8932,53832,1162,1,146.42,0.10
8933,53833,1094,2,379.15,0.15
8934,53834,1071,2,122.40,0.10
8935,53835,1105,4,171.05,0.10
8936,53835,1032,1,347.51,0.25
8937,53836,1134,3,216.81,0.15
8938,53837,1080,1,64.08,0.20
8939,53838,1040,3,175.54,0.15
8940,53838,1087,2,216.96,0.05
8941,53838,1094,1,399.06,0.00
8942,53838,1022,1,152.11,0.00
8943,53839,1103,1,219.53,0.15
8944,53840,1174,1,180.91,0.00
8945,53841,1123,1,76.41,0.05
8946,53841,1160,1,64.17,0.00
8947,53841,1056,2,228.04,0.05
8948,53841,1134,1,214.43,0.10
8949,53842,1020,1,512.19,0.00
8950,53842,1039,2,539.90,0.00
8951,53842,1034,1,160.59,0.00
8952,53843,1105,3,176.74,0.20
8953,53844,1128,1,342.90,0.00
8954,53844,1076,1,243.71,0.15
8955,53844,1147,1,231.23,0.05
8956,53844,1051,1,13.21,0.00
8957,53845,1047,2,207.89,0.20
8958,53845,1032,2,345.26,0.00
8959,53846,1109,2,259.48,0.05
8960,53846,1104,1,183.58,0.00
8961,53847,1081,1,36.51,0.25
8962,53848,1090,2,196.49,0.10
8963,53849,1185,1,5.10,0.05
8964,53850,1128,3,348.72,0.05
8965,53850,1192,3,58.62,0.00
8966,53850,1023,1,70.11,0.10
8967,53850,1170,1,85.43,0.05
8968,53851,1190,2,59.56,0.00
8969,53851,1025,4,381.97,0.25
8970,53851,1027,4,178.46,0.15
8971,53851,1136,2,293.04,0.00
8972,53852,1138,1,57.76,0.00
8973,53853,1132,1,130.58,0.10
8974,53853,1017,5,337.90,0.05
8975,53854,1130,2,97.04,0.10
8976,53854,1177,1,165.66,0.00
8977,53854,1185,1,5.30,0.00
8978,53854,1009,1,154.29,0.00
8979,53854,1167,1,146.67,0.00
8980,53855,1039,1,534.16,0.15
8981,53855,1013,1,558.83,0.25
8982,53856,1013,2,573.83,0.00
8983,53856,1034,1,154.78,0.00
8984,53857,1114,1,222.89,0.25
8985,53857,1024,3,86.22,0.05
8986,53857,1103,1,227.92,0.10
8987,53857,1043,1,107.03,0.00
8988,53857,1092,2,447.96,0.15
8989,53858,1200,3,117.92,0.10
8990,53859,1172,1,9.24,0.00
8991,53859,1142,2,233.02,0.00
8992,53860,1105,1,178.05,0.00
8993,53860,1178,1,173.41,0.10
8994,53861,1088,1,350.24,0.05
8995,53862,1115,1,77.47,0.00
8996,53862,1172,2,8.90,0.05
8997,53863,1159,2,149.59,0.00
8998,53863,1149,1,157.77,0.15
8999,53863,1168,3,152.54,0.05
9000,53864,1111,1,427.52,0.20
9001,53864,1004,1,539.54,0.15
9002,53864,1005,2,273.20,0.00
9003,53865,1184,2,50.61,0.00
9004,53866,1194,1,26.37,0.00
9005,53866,1170,1,83.50,0.00
9006,53867,1181,2,132.01,0.00
9007,53867,1091,3,320.85,0.05
9008,53868,1163,5,9.06,0.00
9009,53868,1169,1,45.13,0.05
9010,53869,1037,2,525.93,0.15
9011,53869,1090,1,186.09,0.00
9012,53869,1050,1,249.79,0.00
9013,53870,1155,1,279.72,0.00
9014,53870,1087,1,218.04,0.00
9015,53870,1183,1,72.68,0.10
9016,53871,1093,5,182.69,0.05
9017,53871,1075,1,59.33,0.05
9018,53872,1146,2,11.59,0.15
9019,53872,1060,3,161.58,0.00
9020,53873,1067,1,225.89,0.00
9021,53874,1142,1,218.86,0.00
9022,53874,1131,2,321.70,0.10
9023,53875,1027,1,174.70,0.20
9024,53875,1155,2,281.96,0.00
9025,53875,1150,3,35.87,0.05
9026,53875,1008,1,403.67,0.15
9027,53876,1015,2,514.17,0.15
9028,53877,1161,2,159.56,0.15
9029,53877,1054,1,35.74,0.05
9030,53878,1131,4,301.99,0.00
9031,53878,1042,1,154.92,0.00
9032,53879,1088,1,351.63,0.20
9033,53880,1143,1,174.09,0.20
9034,53880,1140,1,99.08,0.05
9035,53881,1135,1,226.76,0.00
9036,53881,1052,1,179.51,0.05
9037,53882,1189,1,120.23,0.20
9038,53882,1111,1,425.52,0.05
9039,53882,1153,1,58.34,0.15
9040,53882,1101,1,422.59,0.00
9041,53882,1094,1,394.98,0.00
9042,53883,1060,2,161.04,0.15
9043,53884,1011,3,503.58,0.05
9044,53884,1113,2,30.01,0.15
9045,53884,1115,2,72.57,0.10
9046,53884,1139,1,47.04,0.00
9047,53885,1022,2,151.28,0.10
9048,53886,1194,1,27.88,0.00
9049,53886,1160,3,63.54,0.15
9050,53886,1004,1,536.45,0.05
9051,53886,1168,1,163.42,0.05
9052,53887,1073,1,115.75,0.00
9053,53887,1097,1,115.76,0.00
9054,53887,1039,2,565.74,0.10
9055,53888,1114,1,220.83,0.10
9056,53889,1007,1,40.12,0.15
9057,53889,1050,1,237.25,0.10
9058,53889,1074,2,142.39,0.00
9059,53889,1046,1,34.87,0.15
9060,53890,1159,1,152.98,0.00
9061,53891,1016,1,481.75,0.00
9062,53892,1150,1,35.18,0.10
9063,53892,1129,1,36.27,0.05
9064,53893,1114,1,235.88,0.10
9065,53893,1156,1,316.77,0.00
9066,53893,1038,1,411.89,0.10
9067,53893,1139,4,46.81,0.00
9068,53894,1188,1,66.87,0.10
9069,53895,1073,1,108.46,0.10
9070,53895,1064,1,15.04,0.00
9071,53895,1054,1,37.35,0.00
9072,53896,1029,2,118.76,0.05
9073,53896,1007,1,40.78,0.10
9074,53896,1085,2,96.75,0.05
9075,53897,1026,2,229.17,0.00
9076,53898,1123,1,78.46,0.20
9077,53898,1152,1,296.47,0.05
9078,53899,1134,1,210.95,0.00
9079,53900,1025,4,404.50,0.00
9080,53900,1045,2,32.29,0.15
9081,53900,1166,2,145.56,0.05
9082,53901,1052,1,167.18,0.20
9083,53901,1120,2,272.60,0.20
9084,53901,1136,1,284.32,0.00
9085,53901,1183,2,74.04,0.15
9086,53902,1002,2,187.35,0.25
9087,53903,1039,3,562.01,0.00
9088,53903,1036,1,146.92,0.20
9089,53903,1022,1,157.34,0.05
9090,53903,1043,4,104.91,0.15
9091,53904,1007,1,39.78,0.25
9092,53904,1141,1,252.01,0.10
9093,53904,1186,2,99.10,0.00
9094,53904,1026,1,228.65,0.25
9095,53905,1149,3,156.27,0.00
9096,53905,1114,1,226.85,0.00
9097,53905,1103,2,218.03,0.05
9098,53906,1063,1,10.25,0.25
9099,53906,1194,3,28.32,0.05
9100,53906,1087,5,212.45,0.00
9101,53907,1175,1,118.46,0.05
9102,53907,1017,3,337.06,0.15
9103,53908,1119,1,401.57,0.10
9104,53909,1087,1,218.68,0.05
9105,53909,1110,2,72.07,0.20
9106,53909,1171,2,145.07,0.15
9107,53909,1106,1,127.71,0.00
9108,53910,1164,1,64.13,0.05
9109,53910,1101,2,446.42,0.00
9110,53911,1137,2,230.51,0.05
9111,53912,1081,1,37.77,0.05
9112,53913,1092,1,435.61,0.05
9113,53913,1033,1,496.58,0.15
9114,53913,1014,3,78.17,0.05
9115,53914,1114,1,228.78,0.00
9116,53914,1063,2,10.35,0.10
9117,53915,1002,1,182.17,0.00
9118,53915,1097,2,119.94,0.15
9119,53916,1188,2,68.20,0.20
9120,53916,1179,1,173.81,0.05
9121,53916,1160,2,60.86,0.15
9122,53916,1119,1,413.63,0.10
9123,53916,1129,2,33.85,0.10
9124,53917,1045,5,30.90,0.05
9125,53917,1137,2,232.69,0.15
9126,53918,1015,2,516.18,0.00
9127,53919,1084,2,112.88,0.00
9128,53920,1022,1,158.03,0.10
9129,53921,1116,1,41.81,0.10
9130,53921,1168,2,160.15,0.05
9131,53921,1094,1,397.59,0.10
9132,53921,1188,2,71.02,0.00
9133,53922,1139,1,47.34,0.00
9134,53922,1092,1,442.90,0.15
9135,53922,1162,2,147.12,0.00
9136,53922,1015,1,526.24,0.05
9137,53923,1075,1,57.78,0.20
9138,53923,1008,1,405.39,0.00
9139,53923,1161,5,155.99,0.05
9140,53924,1017,1,323.99,0.00
9141,53925,1165,1,139.81,0.20
9142,53926,1017,4,338.37,0.00
9143,53926,1136,4,279.11,0.10
9144,53926,1168,2,161.83,0.05
9145,53926,1039,3,561.88,0.10
9146,53926,1108,2,441.25,0.00
9147,53927,1161,1,150.47,0.05
9148,53928,1059,2,83.83,0.15
9149,53929,1165,1,149.57,0.00
9150,53930,1108,3,428.38,0.00
9151,53931,1164,2,63.50,0.00
9152,53932,1137,3,230.99,0.00
9153,53932,1197,1,58.40,0.20
9154,53932,1017,2,328.94,0.05
9155,53933,1024,2,83.26,0.05
9156,53933,1027,1,173.08,0.20
9157,53934,1157,2,96.46,0.00
9158,53935,1004,2,523.17,0.15
9159,53936,1188,2,69.59,0.05
9160,53936,1150,3,35.99,0.15
9161,53936,1149,3,156.39,0.25
9162,53936,1082,2,106.25,0.25
9163,53936,1144,1,300.26,0.10
9164,53937,1152,5,305.27,0.00
9165,53937,1086,1,424.58,0.10
9166,53937,1063,1,9.91,0.00
9167,53937,1078,2,39.50,0.00
9168,53937,1151,1,312.75,0.00
9169,53938,1199,5,80.66,0.20
9170,53938,1129,1,35.91,0.20
9171,53939,1133,1,302.36,0.05
9172,53939,1116,1,39.25,0.15
9173,53940,1053,1,75.07,0.00
9174,53940,1161,1,152.18,0.00
9175,53940,1129,1,34.56,0.05
9176,53941,1096,1,192.11,0.20
9177,53941,1125,3,246.74,0.05
9178,53941,1093,1,187.01,0.00
9179,53942,1192,2,56.87,0.00
9180,53942,1022,3,152.86,0.10
9181,53942,1005,3,267.07,0.25
9182,53943,1141,3,258.00,0.25
9183,53943,1127,3,34.45,0.15
9184,53944,1166,1,150.48,0.00
9185,53944,1092,2,447.52,0.05
9186,53944,1188,4,66.91,0.15
9187,53945,1176,1,175.76,0.00
9188,53945,1139,3,48.19,0.15
9189,53945,1063,1,9.94,0.05
9190,53946,1105,3,170.57,0.10
9191,53947,1200,1,124.04,0.10
9192,53948,1085,3,103.00,0.00
9193,53948,1005,1,261.42,0.25
9194,53948,1042,1,144.97,0.15
9195,53948,1074,1,136.45,0.00
9196,53948,1015,1,527.89,0.25
9197,53949,1022,3,150.88,0.20
9198,53949,1094,2,400.41,0.00
9199,53950,1167,1,143.69,0.15
9200,53950,1023,1,73.32,0.10
9201,53951,1176,1,181.79,0.05
9202,53951,1169,1,43.68,0.20
9203,53952,1010,1,496.14,0.10
9204,53952,1127,2,35.27,0.20
9205,53952,1126,1,117.94,0.10
9206,53952,1027,1,172.64,0.10
9207,53953,1097,2,114.03,0.05
9208,53953,1036,2,151.09,0.00
9209,53953,1091,2,324.31,0.10
9210,53954,1033,1,509.69,0.10
9211,53955,1096,2,191.55,0.25
9212,53955,1192,1,57.97,0.00
9213,53955,1003,1,436.01,0.00
9214,53956,1123,2,80.73,0.25
9215,53957,1142,4,230.31,0.00
9216,53957,1116,1,40.81,0.05
9217,53957,1172,3,8.84,0.10
9218,53957,1051,2,13.10,0.25
9219,53958,1169,3,43.42,0.15
9220,53958,1143,1,181.68,0.10
9221,53958,1020,1,510.72,0.05
9222,53958,1141,1,256.75,0.05
9223,53958,1149,2,153.48,0.10
9224,53959,1139,4,45.50,0.10
9225,53960,1111,1,422.89,0.00
9226,53960,1004,4,552.70,0.00
9227,53960,1011,2,506.88,0.15
9228,53961,1050,2,250.37,0.15
9229,53961,1155,1,289.23,0.00
9230,53961,1176,1,173.68,0.05
9231,53962,1007,1,39.19,0.05
9232,53962,1030,1,121.79,0.05
9233,53963,1049,1,250.35,0.00
9234,53963,1130,1,99.45,0.20
9235,53963,1114,1,228.44,0.00
9236,53963,1083,1,400.33,0.10
9237,53964,1016,2,477.20,0.00
9238,53964,1021,1,433.98,0.05
9239,53964,1100,1,458.57,0.00
9240,53964,1046,3,37.06,0.00
9241,53964,1083,1,389.88,0.25
9242,53965,1005,1,259.58,0.10
9243,53965,1028,3,387.09,0.00
9244,53965,1079,2,90.39,0.00
9245,53966,1093,1,186.87,0.05
9246,53966,1036,1,151.17,0.20
9247,53966,1128,1,348.97,0.25
9248,53967,1145,2,152.01,0.20
9249,53967,1183,1,72.32,0.05
9250,53968,1078,1,37.53,0.15
9251,53969,1126,3,115.89,0.05
9252,53969,1068,1,30.81,0.00
9253,53969,1033,1,516.95,0.20
9254,53970,1069,1,27.41,0.20
9255,53971,1127,5,34.02,0.05
9256,53971,1103,1,216.07,0.15
9257,53972,1040,3,182.14,0.15
9258,53972,1143,1,180.69,0.10
9259,53973,1020,1,504.78,0.15
9260,53973,1093,2,180.15,0.05
9261,53973,1116,2,41.16,0.00
9262,53973,1126,1,120.44,0.05
9263,53974,1054,1,35.87,0.10
9264,53974,1003,1,439.55,0.00
9265,53975,1082,1,104.39,0.10
9266,53975,1165,1,148.36,0.25
9267,53976,1054,2,38.00,0.15
9268,53977,1017,1,327.85,0.20
9269,53977,1004,1,524.62,0.15
9270,53977,1152,1,298.14,0.10
9271,53977,1130,1,102.46,0.00
9272,53977,1033,1,519.80,0.20
9273,53978,1172,3,9.43,0.05
9274,53979,1018,2,250.90,0.00
9275,53979,1041,1,146.67,0.00
9276,53979,1140,1,106.43,0.00
9277,53979,1054,1,35.68,0.15
9278,53980,1068,2,31.41,0.00
9279,53980,1148,1,262.66,0.00
9280,53981,1017,1,338.91,0.00
9281,53981,1166,1,151.96,0.05
9282,53981,1151,4,309.04,0.05
9283,53981,1005,3,268.42,0.00
9284,53982,1139,1,45.03,0.00
9285,53982,1152,1,304.24,0.05
9286,53983,1064,2,14.98,0.00
9287,53983,1092,2,458.17,0.20
9288,53984,1018,1,242.51,0.25
9289,53985,1113,1,31.15,0.00
9290,53985,1160,1,61.73,0.10
9291,53986,1083,1,401.85,0.00
9292,53986,1178,2,173.32,0.00
9293,53986,1035,1,211.91,0.20
9294,53987,1160,3,64.49,0.00
9295,53987,1165,3,146.42,0.25
9296,53987,1107,2,215.58,0.10
9297,53988,1057,5,129.48,0.10
9298,53989,1122,2,194.31,0.10
9299,53989,1137,1,241.25,0.00
9300,53990,1085,3,99.06,0.05
9301,53991,1167,3,139.12,0.05
9302,53991,1114,2,236.67,0.00
9303,53991,1193,1,74.47,0.25
9304,53991,1132,3,136.26,0.05
9305,53992,1060,1,155.66,0.20
9306,53992,1097,2,111.62,0.05
9307,53993,1044,1,257.40,0.00
9308,53993,1143,2,181.90,0.00
9309,53994,1147,4,220.25,0.05
9310,53995,1063,1,10.52,0.10
9311,53995,1062,1,202.24,0.00
9312,53995,1039,1,552.75,0.00
9313,53995,1145,1,151.16,0.00
9314,53996,1006,1,155.00,0.10
9315,53996,1103,1,215.05,0.05
9316,53997,1045,2,32.03,0.15
9317,53997,1119,3,413.94,0.00
9318,53997,1103,4,215.56,0.15
9319,53997,1150,3,36.36,0.15
9320,53998,1085,1,101.93,0.05
9321,53998,1055,1,118.36,0.00
9322,53998,1148,2,259.60,0.00
9323,53999,1085,4,98.15,0.00
9324,53999,1160,1,61.24,0.15
9325,54000,1035,1,204.43,0.20
9326,54001,1176,1,179.59,0.00
9327,54001,1192,1,57.44,0.00
9328,54002,1126,1,120.06,0.10
9329,54002,1052,1,172.94,0.00
9330,54003,1170,3,84.44,0.10
9331,54004,1123,2,81.80,0.15
9332,54005,1016,1,495.76,0.00
9333,54006,1144,3,288.45,0.25
9334,54007,1129,2,33.96,0.00
9335,54008,1094,1,390.63,0.25
9336,54008,1095,1,90.81,0.00
9337,54008,1057,4,134.51,0.10
9338,54008,1131,1,310.70,0.00
9339,54009,1085,1,97.78,0.15
9340,54009,1080,5,67.44,0.00
9341,54009,1066,1,83.70,0.10
9342,54009,1157,1,92.21,0.20
9343,54010,1011,4,485.77,0.00
9344,54011,1181,3,131.13,0.15
9345,54012,1065,2,214.04,0.00
9346,54012,1046,1,37.00,0.00
9347,54012,1176,2,177.76,0.00
9348,54012,1139,1,47.91,0.10
9349,54013,1184,1,49.78,0.10
9350,54014,1101,1,428.94,0.00
9351,54014,1037,1,550.05,0.10
9352,54014,1067,1,225.40,0.00
9353,54015,1200,1,121.35,0.00
9354,54015,1162,1,141.26,0.15
9355,54016,1200,1,123.06,0.05
9356,54016,1199,1,80.15,0.05
9357,54017,1060,3,157.63,0.20
9358,54017,1051,2,13.17,0.05
9359,54018,1178,1,181.80,0.00
9360,54018,1042,1,154.79,0.10
9361,54018,1092,2,433.06,0.10
9362,54019,1086,5,407.01,0.00
9363,54019,1170,2,88.61,0.10
9364,54019,1124,1,94.22,0.05
9365,54020,1095,1,92.65,0.10
9366,54020,1078,2,37.49,0.00
9367,54021,1171,3,142.51,0.10
9368,54021,1087,1,222.77,0.00
9369,54022,1103,2,218.40,0.05
9370,54023,1053,1,76.46,0.10
9371,54023,1193,2,77.89,0.20
9372,54024,1003,1,457.38,0.10
9373,54024,1112,1,251.43,0.10
9374,54024,1054,2,37.27,0.05
9375,54024,1039,4,531.53,0.05
9376,54025,1069,2,26.96,0.10
9377,54025,1047,1,204.98,0.00
9378,54025,1122,1,189.64,0.20
9379,54026,1007,3,38.67,0.00
9380,54027,1159,1,148.58,0.10
9381,54028,1127,1,35.80,0.00
9382,54028,1105,1,177.46,0.00
9383,54029,1128,1,360.80,0.05
9384,54029,1139,1,45.10,0.00
9385,54029,1150,2,34.76,0.05
9386,54030,1199,2,77.67,0.00
9387,54030,1150,1,35.84,0.20
9388,54031,1082,1,110.27,0.10
9389,54031,1107,2,206.68,0.00
9390,54031,1126,2,113.29,0.20
9391,54032,1097,2,117.47,0.05
9392,54033,1096,2,185.34,0.00
9393,54033,1102,2,368.54,0.05
9394,54033,1176,1,178.70,0.05
9395,54034,1070,1,186.37,0.00
9396,54035,1050,1,235.24,0.05
9397,54035,1155,1,279.00,0.00
9398,54035,1092,2,428.04,0.05
9399,54036,1191,1,126.66,0.00
9400,54036,1137,1,235.06,0.25
9401,54036,1108,2,426.02,0.00
9402,54037,1080,1,67.40,0.00
9403,54037,1105,2,180.29,0.15
9404,54037,1153,2,58.16,0.15
9405,54037,1069,1,27.57,0.05
9406,54038,1046,1,37.43,0.05
9407,54039,1037,1,545.70,0.15
9408,54039,1007,1,41.02,0.20
9409,54040,1199,1,78.28,0.05
9410,54040,1144,1,307.52,0.15
9411,54040,1198,1,4.97,0.15
9412,54041,1151,1,312.76,0.15
9413,54041,1143,2,171.44,0.05
9414,54042,1012,1,215.74,0.15
9415,54042,1068,2,30.83,0.00
9416,54043,1001,3,396.58,0.20
9417,54044,1149,1,151.81,0.00
9418,54045,1177,3,167.69,0.10
9419,54045,1099,1,251.56,0.10
9420,54045,1159,2,142.74,0.00
9421,54045,1063,2,10.45,0.00
9422,54046,1017,2,327.40,0.15
9423,54046,1158,1,274.18,0.20
9424,54046,1126,1,119.70,0.00
9425,54047,1144,1,296.36,0.05
9426,54047,1178,4,175.92,0.15
9427,54047,1137,1,237.86,0.00
9428,54048,1117,2,277.96,0.10
9429,54048,1172,1,8.97,0.00
9430,54049,1192,1,57.85,0.00
9431,54050,1151,1,314.74,0.20
9432,54050,1198,4,4.97,0.00
9433,54050,1160,1,60.50,0.05
9434,54050,1066,3,85.99,0.10
9435,54051,1087,1,216.47,0.15
9436,54051,1131,1,305.06,0.00
9437,54051,1158,2,280.96,0.05
9438,54051,1069,1,27.49,0.00
9439,54052,1023,1,73.64,0.15
9440,54052,1033,1,511.37,0.25
9441,54053,1162,2,149.88,0.10
9442,54053,1015,2,513.19,0.15
9443,54054,1166,1,146.96,0.05
9444,54054,1098,1,205.96,0.00
9445,54054,1116,1,41.43,0.10
9446,54055,1070,1,186.97,0.10
9447,54055,1031,2,593.58,0.05
9448,54056,1073,1,110.18,0.00
9449,54056,1126,2,121.02,0.10
9450,54056,1114,1,232.07,0.20
9451,54056,1120,1,259.56,0.00
9452,54057,1067,1,222.51,0.00
9453,54057,1129,1,34.39,0.00
9454,54057,1015,3,516.60,0.10
9455,54057,1018,2,233.31,0.00
9456,54058,1053,3,74.20,0.10
9457,54059,1033,5,508.95,0.10
9458,54060,1047,1,205.80,0.00
9459,54060,1143,2,177.59,0.05
9460,54060,1191,1,133.11,0.00
9461,54060,1138,1,56.94,0.15
9462,54060,1028,2,408.26,0.15
9463,54061,1157,2,96.53,0.00
9464,54061,1114,1,224.48,0.10
9465,54062,1003,1,450.28,0.20
9466,54062,1186,4,100.05,0.00
9467,54062,1199,1,80.28,0.00
9468,54063,1024,1,83.96,0.00
9469,54064,1118,1,108.04,0.00
9470,54065,1109,1,254.57,0.00
9471,54065,1046,2,37.45,0.20
9472,54066,1107,1,212.58,0.10
9473,54066,1141,2,256.10,0.05
9474,54067,1056,1,212.29,0.25
9475,54067,1011,1,484.19,0.00
9476,54067,1061,3,198.68,0.00
9477,54068,1120,1,268.44,0.20
9478,54069,1008,1,383.05,0.05
9479,54070,1196,1,158.22,0.05
9480,54071,1022,3,153.77,0.10
9481,54072,1092,2,435.51,0.00
9482,54072,1140,3,99.67,0.20
9483,54073,1044,1,241.08,0.10
9484,54074,1194,1,27.16,0.10
9485,54074,1046,2,36.39,0.00
9486,54074,1087,2,210.28,0.15
9487,54074,1101,4,446.13,0.15
9488,54075,1189,2,118.11,0.00
9489,54075,1045,4,31.14,0.10
9490,54075,1140,2,106.09,0.10
9491,54075,1046,4,35.04,0.05
9492,54076,1017,3,340.16,0.00
9493,54076,1044,5,255.06,0.15
9494,54076,1038,1,390.72,0.05
9495,54077,1130,2,97.50,0.25
9496,54077,1004,2,525.81,0.10
9497,54078,1028,1,384.21,0.15
9498,54079,1002,2,184.51,0.00
9499,54079,1088,1,350.48,0.00
9500,54080,1198,1,5.11,0.15
9501,54080,1107,2,210.16,0.05
9502,54080,1129,1,34.23,0.10
9503,54081,1094,3,403.59,0.00
9504,54081,1001,1,393.28,0.10
9505,54081,1090,1,190.48,0.15
9506,54082,1153,1,61.41,0.00
9507,54082,1116,1,39.92,0.00
9508,54083,1086,1,412.86,0.15
9509,54083,1170,2,86.59,0.20
9510,54083,1003,2,444.11,0.05
9511,54084,1108,1,433.40,0.00
9512,54085,1005,1,272.79,0.15
9513,54085,1028,1,394.09,0.00
9514,54085,1170,2,85.91,0.05
9515,54086,1189,1,121.94,0.15
9516,54086,1132,1,132.04,0.20
9517,54086,1032,2,338.46,0.10
9518,54086,1092,2,457.29,0.00
9519,54086,1176,1,177.71,0.00
9520,54087,1098,1,204.59,0.10
9521,54087,1193,1,75.08,0.10
9522,54087,1158,2,285.18,0.00
9523,54087,1067,3,215.94,0.05
9524,54088,1110,2,76.71,0.15
9525,54088,1067,1,222.08,0.05
9526,54089,1158,1,278.47,0.10
9527,54089,1125,2,247.07,0.00
9528,54089,1147,1,223.58,0.25
9529,54090,1092,2,439.88,0.10
9530,54090,1010,3,508.39,0.00
9531,54091,1161,4,155.63,0.15
9532,54091,1196,1,163.88,0.00
9533,54091,1032,1,357.20,0.25
9534,54091,1199,1,81.14,0.15
9535,54092,1150,2,34.96,0.00
9536,54093,1146,2,11.55,0.00
9537,54093,1026,1,229.80,0.05
9538,54093,1182,1,115.35,0.20
9539,54093,1140,1,106.55,0.00
9540,54094,1102,1,396.51,0.10
9541,54094,1138,1,57.30,0.00
9542,54094,1168,1,152.95,0.10
9543,54095,1092,1,436.47,0.05
9544,54095,1096,2,193.35,0.10
9545,54096,1082,1,106.23,0.15
9546,54096,1038,2,405.81,0.10
9547,54096,1197,2,57.35,0.20
9548,54097,1103,2,221.04,0.15
9549,54097,1004,2,528.14,0.00
9550,54097,1067,3,228.92,0.15
9551,54097,1030,1,119.45,0.00
9552,54098,1124,1,87.59,0.10
9553,54098,1014,1,77.11,0.20
9554,54098,1018,1,247.52,0.25
9555,54099,1012,1,223.09,0.20
9556,54099,1039,1,532.43,0.25
9557,54099,1033,1,526.25,0.25
9558,54099,1051,1,12.32,0.15
9559,54100,1022,2,153.39,0.15
9560,54100,1083,1,385.92,0.25
9561,54101,1165,1,143.38,0.10
9562,54101,1144,1,302.11,0.15
9563,54101,1057,2,133.64,0.00
9564,54102,1112,5,254.18,0.00
9565,54102,1060,3,157.49,0.10
9566,54103,1060,1,158.93,0.00
9567,54103,1046,2,37.46,0.00
9568,54103,1137,1,242.05,0.00
9569,54104,1196,1,161.89,0.10
9570,54105,1082,1,109.60,0.05
9571,54106,1157,3,95.06,0.15
9572,54106,1077,2,111.28,0.05
9573,54106,1132,1,138.54,0.20
9574,54106,1120,1,278.77,0.00
9575,54107,1056,1,212.60,0.00
9576,54108,1115,3,76.92,0.10
9577,54108,1047,3,198.21,0.00
9578,54109,1065,1,212.71,0.10
9579,54109,1027,2,174.95,0.00
9580,54110,1091,1,334.97,0.10
9581,54110,1061,1,185.71,0.00
9582,54110,1024,1,84.89,0.00
9583,54111,1028,4,392.69,0.00
9584,54112,1116,1,42.14,0.00
9585,54113,1062,1,189.87,0.00
9586,54114,1034,1,156.57,0.25
9587,54114,1114,1,221.22,0.00
9588,54114,1159,1,146.33,0.10
9589,54114,1112,3,250.04,0.05
9590,54115,1024,2,83.42,0.00
9591,54115,1145,1,149.56,0.00
9592,54115,1131,1,303.40,0.10
9593,54116,1131,1,305.45,0.00
9594,54117,1198,1,4.97,0.10
9595,54118,1034,1,157.45,0.05
9596,54119,1194,5,26.29,0.15
9597,54119,1041,1,142.84,0.10
9598,54120,1157,1,94.91,0.05
9599,54120,1042,3,155.84,0.20
9600,54120,1182,2,108.07,0.10
9601,54120,1023,3,71.12,0.05
9602,54121,1022,2,153.97,0.25
9603,54122,1036,1,149.02,0.20
9604,54122,1113,2,31.00,0.10
9605,54123,1195,1,164.62,0.00
9606,54123,1010,2,483.79,0.10
9607,54123,1090,1,198.56,0.10
9608,54124,1167,4,147.39,0.10
9609,54125,1061,1,196.98,0.25
9610,54125,1074,1,138.82,0.00
9611,54125,1078,1,38.09,0.00
9612,54126,1165,1,143.71,0.00
9613,54126,1007,1,41.27,0.00
9614,54127,1068,1,29.75,0.00
9615,54128,1038,1,397.62,0.25
9616,54128,1164,1,61.43,0.15
9617,54128,1142,1,227.04,0.00
9618,54128,1039,2,550.52,0.25
9619,54129,1196,2,167.12,0.00
9620,54130,1028,1,403.07,0.00
9621,54131,1103,2,221.00,0.10
9622,54131,1179,1,176.68,0.00
9623,54131,1107,3,211.30,0.10
9624,54131,1003,1,457.56,0.05
9625,54131,1048,1,25.67,0.15
9626,54132,1071,2,121.32,0.20
9627,54132,1149,1,160.10,0.00
9628,54133,1171,1,140.04,0.10
9629,54134,1156,2,324.36,0.05
9630,54134,1029,2,119.62,0.00
9631,54134,1080,1,66.56,0.00
9632,54135,1132,1,136.43,0.10
9633,54135,1037,2,549.56,0.00
9634,54136,1104,1,185.48,0.10
9635,54137,1025,1,383.91,0.15
9636,54138,1147,4,223.10,0.10
9637,54139,1083,3,386.66,0.10
9638,54139,1121,2,158.44,0.15
9639,54139,1094,2,375.47,0.05
9640,54139,1153,2,61.08,0.00
9641,54139,1196,1,160.96,0.05
9642,54140,1140,2,98.51,0.00
9643,54140,1036,3,145.13,0.00
9644,54141,1129,1,35.56,0.00
9645,54141,1073,2,113.25,0.05
9646,54141,1158,3,271.02,0.00
9647,54142,1084,2,113.09,0.00
9648,54143,1170,1,88.17,0.00
9649,54143,1111,1,441.30,0.20
9650,54143,1034,1,152.24,0.00
9651,54144,1176,1,171.12,0.05
9652,54145,1126,2,121.67,0.00
9653,54145,1011,2,498.80,0.10
9654,54145,1033,3,527.14,0.00
9655,54146,1003,2,440.27,0.10
9656,54146,1013,1,568.14,0.00
9657,54146,1132,3,138.31,0.00
9658,54147,1099,2,248.74,0.10
9659,54147,1073,3,112.63,0.00
9660,54148,1100,2,439.49,0.05
9661,54148,1098,1,205.53,0.00
9662,54148,1101,1,439.57,0.05
9663,54149,1078,3,37.75,0.05
9664,54149,1130,1,104.16,0.00
9665,54150,1089,2,47.80,0.05
9666,54150,1069,2,25.80,0.00
9667,54151,1009,1,156.93,0.20
9668,54151,1049,1,248.76,0.00
9669,54151,1041,4,149.43,0.15
9670,54152,1008,1,409.52,0.10
9671,54152,1185,2,5.25,0.15
9672,54152,1192,2,57.21,0.10
9673,54153,1034,1,162.42,0.20
9674,54153,1138,3,53.47,0.10
9675,54154,1102,1,384.80,0.05
9676,54154,1132,2,131.05,0.00
9677,54154,1087,4,221.78,0.05
9678,54155,1055,1,116.47,0.00
9679,54155,1155,2,272.21,0.05
9680,54156,1049,1,239.50,0.05
9681,54156,1071,1,125.82,0.00
9682,54157,1070,1,195.67,0.00
9683,54157,1051,3,13.05,0.15
9684,54157,1131,1,318.36,0.10
9685,54157,1163,3,9.35,0.20
9686,54158,1089,1,46.47,0.05
9687,54159,1161,3,158.60,0.10
9688,54159,1093,1,177.69,0.05
9689,54159,1078,1,38.55,0.00
9690,54160,1179,1,169.52,0.20
9691,54160,1054,2,36.38,0.20
9692,54160,1116,1,41.94,0.00
9693,54161,1194,1,27.90,0.20
9694,54161,1008,1,383.48,0.00
9695,54161,1086,1,420.80,0.00
9696,54161,1067,4,223.01,0.10
9697,54162,1054,1,36.13,0.25
9698,54163,1054,2,37.03,0.00
9699,54163,1038,1,396.79,0.05
9700,54164,1182,2,115.19,0.00
9701,54164,1170,1,87.12,0.00
9702,54165,1029,2,122.85,0.20
9703,54165,1143,2,173.75,0.00
9704,54166,1049,1,250.33,0.05
9705,54166,1059,1,79.47,0.10
9706,54167,1178,3,178.91,0.05
9707,54167,1074,1,133.88,0.05
9708,54168,1164,2,65.27,0.00
9709,54168,1192,1,58.66,0.00
9710,54168,1187,5,139.06,0.20
9711,54169,1054,2,35.46,0.00
9712,54169,1171,5,147.11,0.05
9713,54170,1001,1,405.19,0.10
9714,54171,1122,1,194.43,0.00
9715,54172,1156,1,316.89,0.00
9716,54172,1025,3,380.63,0.05
9717,54173,1104,2,183.94,0.00
9718,54173,1083,1,378.95,0.10
9719,54174,1121,4,148.17,0.00
9720,54175,1195,1,169.38,0.00
9721,54176,1169,3,42.69,0.05
9722,54177,1197,4,55.40,0.25
9723,54178,1021,4,440.51,0.00
9724,54178,1010,2,494.29,0.10
9725,54179,1032,1,354.22,0.00
9726,54179,1052,1,173.13,0.00
9727,54179,1041,3,146.91,0.00
9728,54180,1039,1,534.28,0.15
9729,54180,1157,2,95.51,0.20
9730,54181,1129,1,35.36,0.15
9731,54181,1048,2,25.96,0.25
9732,54181,1015,1,511.18,0.00
9733,54182,1195,1,168.44,0.10
9734,54182,1016,1,508.62,0.15
9735,54183,1118,1,112.74,0.05
9736,54183,1039,5,558.12,0.00
9737,54184,1109,3,249.06,0.00
9738,54184,1168,3,158.98,0.00
9739,54184,1065,1,224.23,0.00
9740,54184,1119,1,399.71,0.05
9741,54185,1129,5,36.29,0.00
9742,54185,1109,1,246.87,0.00
9743,54186,1138,2,56.37,0.05
9744,54186,1127,1,34.85,0.05
9745,54187,1127,1,34.99,0.25
9746,54187,1092,1,434.45,0.00
9747,54188,1180,1,23.68,0.00
9748,54188,1028,1,390.05,0.20
9749,54189,1172,1,9.37,0.05
9750,54190,1084,1,113.56,0.15
9751,54190,1146,1,11.54,0.20
9752,54190,1112,1,248.48,0.00
9753,54190,1065,1,229.03,0.05
9754,54191,1072,1,75.73,0.20
9755,54191,1102,3,378.44,0.00
9756,54191,1105,2,172.40,0.00
9757,54191,1107,4,201.45,0.00
9758,54192,1145,2,158.03,0.10
9759,54192,1017,3,330.62,0.05
9760,54192,1159,1,154.05,0.10
9761,54192,1166,2,141.28,0.00
9762,54192,1021,2,442.15,0.00
9763,54193,1134,2,224.97,0.00
9764,54193,1056,5,222.20,0.05
9765,54193,1060,1,160.53,0.00
9766,54193,1154,1,110.65,0.05
9767,54194,1120,1,276.07,0.15
9768,54195,1182,2,107.87,0.00
9769,54195,1152,1,292.83,0.15
9770,54195,1126,2,121.76,0.00
9771,54196,1200,2,117.60,0.25
9772,54196,1080,3,67.58,0.00
9773,54197,1031,1,582.35,0.20
9774,54197,1196,1,164.50,0.05
9775,54198,1079,1,91.09,0.10
9776,54198,1116,3,41.71,0.00
9777,54199,1121,2,148.77,0.00
9778,54200,1127,1,34.84,0.15
9779,54200,1012,1,217.28,0.15
9780,54200,1090,1,193.27,0.10
9781,54201,1087,1,218.55,0.00
9782,54202,1114,1,237.23,0.00
9783,54202,1164,1,64.72,0.05
9784,54202,1195,1,166.24,0.00
9785,54203,1123,2,79.43,0.00
9786,54203,1179,1,180.25,0.10
9787,54203,1093,1,177.25,0.00
9788,54204,1126,2,120.11,0.00
9789,54204,1087,2,209.72,0.00
9790,54204,1072,1,73.12,0.15
9791,54205,1177,1,175.20,0.15
9792,54205,1170,1,86.94,0.00
9793,54206,1069,2,26.95,0.10
9794,54207,1036,1,142.97,0.20
9795,54207,1077,1,116.92,0.00
9796,54208,1106,1,126.57,0.00
9797,54208,1108,1,430.07,0.15
9798,54208,1182,2,110.19,0.00
9799,54209,1014,1,75.32,0.15
9800,54209,1121,2,152.64,0.05
9801,54210,1095,3,86.58,0.00
9802,54211,1186,1,96.26,0.15
9803,54212,1002,1,181.01,0.00
9804,54212,1134,1,216.99,0.00
9805,54212,1164,3,61.62,0.10
9806,54212,1177,1,166.43,0.20
9807,54212,1122,1,189.31,0.05
9808,54213,1056,1,224.85,0.00
9809,54213,1145,1,149.40,0.00
9810,54214,1081,1,37.95,0.10
9811,54214,1168,1,163.84,0.00
9812,54214,1062,1,201.99,0.15
9813,54215,1151,1,326.97,0.00
9814,54215,1143,2,172.94,0.25
9815,54215,1166,2,151.03,0.25
9816,54215,1061,1,197.10,0.20
9817,54215,1046,1,36.06,0.05
9818,54216,1108,1,425.43,0.00
9819,54216,1181,1,128.11,0.00
9820,54217,1127,2,35.87,0.10
9821,54217,1061,4,188.02,0.05
9822,54217,1006,1,156.23,0.15
9823,54218,1181,2,128.53,0.15
9824,54218,1028,1,413.42,0.05
9825,54219,1179,1,166.68,0.05
9826,54219,1128,3,358.71,0.05
9827,54219,1058,4,228.18,0.15
9828,54219,1034,1,160.89,0.05
9829,54219,1007,1,39.54,0.05
9830,54220,1048,1,24.85,0.05
9831,54220,1046,2,34.97,0.15
9832,54220,1188,1,66.16,0.15
9833,54221,1084,1,112.37,0.15
9834,54221,1111,1,440.65,0.20
9835,54222,1163,1,9.28,0.10
9836,54222,1102,2,380.91,0.00
9837,54222,1051,4,12.74,0.10
9838,54223,1055,2,114.20,0.10
9839,54223,1024,2,84.15,0.15
9840,54223,1176,2,172.28,0.00
9841,54224,1090,4,191.29,0.15
9842,54224,1014,2,81.45,0.00
9843,54225,1016,1,485.36,0.10
9844,54225,1036,1,146.47,0.00
9845,54225,1184,4,48.21,0.00
9846,54226,1137,1,237.40,0.15
9847,54226,1145,1,151.27,0.00
9848,54226,1095,3,89.82,0.00
9849,54226,1168,1,156.50,0.00
9850,54227,1146,2,10.93,0.20
9851,54227,1191,2,133.99,0.00
9852,54228,1155,1,272.04,0.00
9853,54228,1191,1,128.63,0.10
9854,54228,1055,1,114.20,0.00
9855,54229,1102,2,381.67,0.00
9856,54229,1169,1,45.60,0.00
9857,54229,1161,1,150.09,0.00
9858,54229,1188,1,68.81,0.00
9859,54230,1039,5,559.90,0.05
9860,54231,1055,2,121.72,0.10
9861,54231,1007,1,40.79,0.00
9862,54232,1108,1,426.70,0.00
9863,54233,1029,3,125.20,0.15
9864,54234,1115,3,76.30,0.10
9865,54234,1161,1,153.35,0.00
9866,54234,1067,3,225.64,0.00
9867,54235,1121,1,149.43,0.00
9868,54236,1091,3,328.48,0.00
9869,54236,1098,1,207.32,0.05
9870,54237,1049,5,253.78,0.00
9871,54237,1052,1,177.26,0.00
9872,54237,1133,1,296.51,0.20
9873,54238,1088,3,355.39,0.00
9874,54238,1009,1,154.74,0.15
9875,54238,1062,1,194.61,0.00
9876,54238,1066,3,85.77,0.10
9877,54239,1198,1,5.17,0.10
9878,54239,1130,3,96.92,0.00
9879,54240,1094,2,402.87,0.05
9880,54241,1135,1,240.51,0.15
9881,54241,1047,3,192.33,0.00
9882,54242,1089,3,48.97,0.00
9883,54242,1019,5,514.92,0.05
9884,54242,1034,2,161.46,0.00
9885,54243,1034,1,160.87,0.00
9886,54243,1005,5,270.32,0.05
9887,54243,1169,1,42.52,0.10
9888,54244,1053,1,76.17,0.15
9889,54244,1170,1,86.68,0.05
9890,54245,1139,1,44.67,0.25
9891,54245,1014,3,76.06,0.20
9892,54245,1108,1,428.61,0.10
9893,54245,1145,2,149.31,0.00
9894,54246,1097,2,112.40,0.10
9895,54247,1167,1,137.52,0.00
9896,54248,1018,1,236.71,0.00
9897,54248,1087,1,213.35,0.00
9898,54248,1189,1,118.28,0.05
9899,54249,1156,2,317.57,0.00
9900,54249,1076,1,241.75,0.00
9901,54249,1166,3,149.06,0.10
9902,54250,1114,1,230.90,0.25
9903,54250,1068,1,29.78,0.05
9904,54251,1135,1,226.84,0.10
9905,54251,1191,1,129.03,0.05
9906,54251,1099,1,248.92,0.15
9907,54252,1017,1,339.24,0.05
9908,54252,1084,1,113.59,0.20
9909,54252,1018,1,236.59,0.00
9910,54252,1121,1,148.08,0.10
9911,54252,1174,1,175.58,0.05
9912,54253,1076,1,254.91,0.10
9913,54254,1055,4,121.76,0.05
9914,54254,1172,1,9.36,0.00
9915,54254,1004,1,559.25,0.00
9916,54255,1073,1,111.09,0.00
9917,54255,1162,1,151.75,0.00
9918,54256,1147,2,226.96,0.00
9919,54257,1039,2,532.55,0.05
9920,54258,1132,1,135.87,0.00
9921,54259,1079,1,93.98,0.00
9922,54259,1014,2,81.30,0.15
9923,54259,1047,2,200.31,0.00
9924,54259,1043,3,109.73,0.25
9925,54260,1119,1,386.52,0.00
9926,54260,1165,2,143.52,0.05
9927,54260,1061,2,191.71,0.15
9928,54261,1004,1,520.84,0.05
9929,54261,1035,1,212.66,0.00
9930,54262,1033,5,493.49,0.00
9931,54262,1148,2,266.71,0.00
9932,54262,1105,1,167.86,0.25
9933,54262,1092,1,443.64,0.00
9934,54262,1034,1,160.29,0.00
9935,54263,1053,2,71.65,0.15
9936,54264,1019,1,505.18,0.00
9937,54264,1020,2,539.27,0.10
9938,54265,1039,1,557.93,0.00
9939,54265,1142,1,227.68,0.00
9940,54266,1120,4,259.65,0.05
9941,54266,1084,4,108.51,0.05
9942,54267,1165,1,144.28,0.00
9943,54267,1133,3,298.17,0.10
9944,54268,1040,1,171.68,0.00
9945,54268,1049,2,258.64,0.05
9946,54269,1061,1,194.61,0.00
9947,54270,1073,1,113.96,0.05
9948,54271,1020,5,500.85,0.25
9949,54272,1075,1,56.22,0.05
9950,54272,1104,1,184.52,0.10
9951,54272,1192,2,59.73,0.00
9952,54273,1135,1,234.35,0.10
9953,54274,1099,1,244.28,0.00
9954,54275,1018,1,233.93,0.15
9955,54275,1049,1,242.49,0.05
9956,54275,1197,1,59.74,0.05
9957,54276,1074,1,141.66,0.00
9958,54276,1180,3,24.79,0.00
9959,54276,1141,1,255.84,0.00
9960,54277,1120,2,266.77,0.00
9961,54278,1045,1,30.78,0.00
9962,54278,1016,2,497.67,0.00
9963,54278,1166,1,147.75,0.15
9964,54278,1109,1,261.14,0.00
9965,54279,1156,1,315.14,0.25
9966,54279,1140,2,100.85,0.00
9967,54280,1118,2,109.45,0.05
9968,54281,1140,1,99.05,0.00
9969,54281,1124,3,90.98,0.10
9970,54281,1144,3,296.59,0.15
9971,54282,1191,1,131.69,0.10
9972,54283,1142,1,224.81,0.00
9973,54283,1159,1,147.11,0.05
9974,54283,1039,2,529.17,0.05
9975,54283,1112,2,244.50,0.10
9976,54284,1088,2,360.49,0.00
9977,54284,1082,2,110.36,0.00
9978,54285,1181,1,129.47,0.00
9979,54285,1156,1,309.97,0.25
9980,54285,1091,1,327.11,0.15
9981,54285,1104,4,184.68,0.05
9982,54286,1183,2,72.49,0.25
9983,54286,1110,4,76.81,0.15
9984,54286,1139,1,46.69,0.00
9985,54286,1141,1,258.10,0.00
9986,54287,1176,2,180.61,0.05
9987,54287,1023,2,72.49,0.05
9988,54288,1043,3,102.57,0.00
9989,54288,1059,1,78.69,0.25
9990,54288,1177,2,174.30,0.00
9991,54289,1159,1,152.64,0.00
9992,54289,1009,1,147.50,0.00
9993,54289,1059,1,80.98,0.10
9994,54290,1015,1,516.51,0.20
9995,54290,1008,1,401.21,0.20
9996,54290,1103,1,216.74,0.00
9997,54291,1119,2,415.62,0.00
9998,54291,1180,1,24.67,0.00
9999,54291,1001,1,399.97,0.25
10000,54291,1030,1,115.03,0.20
10001,54291,1169,1,44.01,0.00
10002,54292,1048,1,25.76,0.20
10003,54292,1120,2,264.74,0.05
10004,54292,1042,2,144.73,0.25
10005,54293,1120,1,261.62,0.00
10006,54294,1181,2,131.93,0.10
10007,54294,1097,1,118.08,0.15
10008,54294,1144,2,286.37,0.10
10009,54294,1039,1,535.76,0.00
10010,54294,1142,3,219.01,0.00
10011,54295,1128,2,351.99,0.15
10012,54295,1118,2,112.27,0.00
10013,54296,1168,1,158.01,0.05
10014,54296,1065,1,217.07,0.00
10015,54296,1063,1,10.00,0.00
10016,54297,1175,1,112.66,0.10
10017,54297,1192,3,58.27,0.05
10018,54298,1022,1,159.37,0.10
10019,54298,1043,2,102.92,0.00
10020,54298,1073,1,115.25,0.10
10021,54298,1010,2,490.76,0.05
10022,54298,1083,1,384.37,0.00
10023,54299,1057,1,129.87,0.05
10024,54299,1010,4,476.01,0.20
10025,54300,1060,1,162.35,0.15
10026,54300,1055,2,117.25,0.10
10027,54301,1111,3,428.62,0.20
10028,54301,1068,1,30.58,0.10
10029,54301,1108,3,418.50,0.15
10030,54301,1136,1,280.12,0.05
10031,54302,1165,2,143.42,0.00
10032,54302,1043,1,108.07,0.10
10033,54302,1081,3,36.23,0.10
10034,54303,1179,2,167.48,0.25
10035,54303,1025,1,395.64,0.00
10036,54304,1149,2,149.31,0.10
10037,54304,1168,2,160.72,0.15
10038,54304,1174,1,171.41,0.00
10039,54305,1149,1,151.26,0.15
10040,54305,1124,1,87.95,0.05
10041,54305,1178,1,176.52,0.20
10042,54306,1031,1,589.55,0.15
10043,54306,1034,2,154.45,0.10
10044,54306,1006,1,145.16,0.10
10045,54307,1072,1,71.30,0.00
10046,54307,1067,1,213.60,0.10
10047,54308,1166,3,143.13,0.00
10048,54309,1061,2,193.76,0.05
10049,54309,1178,2,178.87,0.00
10050,54309,1083,2,374.96,0.00
10051,54310,1037,1,531.18,0.00
10052,54310,1059,1,81.94,0.10
10053,54311,1004,3,540.61,0.00
10054,54311,1064,1,14.31,0.05
10055,54312,1089,2,47.87,0.05
10056,54312,1108,1,421.57,0.25
10057,54312,1130,1,99.72,0.15
10058,54312,1132,1,132.19,0.00
10059,54313,1016,3,482.61,0.00
10060,54313,1087,1,208.99,0.00
10061,54314,1133,1,304.49,0.10
10062,54314,1108,1,430.32,0.10
10063,54315,1150,2,36.42,0.00
10064,54315,1118,1,110.81,0.10
10065,54315,1146,3,10.94,0.00
10066,54316,1126,2,117.08,0.00
10067,54316,1027,4,174.61,0.10
10068,54316,1190,3,59.33,0.10
10069,54317,1116,1,39.65,0.00
10070,54318,1078,2,38.67,0.00
10071,54318,1137,4,232.54,0.10
10072,54319,1003,1,458.21,0.15
10073,54320,1123,1,80.35,0.10
10074,54321,1186,2,101.30,0.00
10075,54322,1119,1,398.33,0.05
10076,54322,1023,1,69.70,0.05
10077,54322,1096,1,189.06,0.00
10078,54322,1150,1,35.52,0.00
10079,54323,1108,1,442.62,0.10
10080,54323,1145,2,150.26,0.00
10081,54323,1013,2,592.17,0.05
10082,54324,1049,2,240.66,0.00
10083,54324,1073,1,112.39,0.00
10084,54324,1110,2,76.72,0.20
10085,54325,1021,1,432.94,0.10
10086,54325,1142,4,218.19,0.05
10087,54325,1107,3,208.34,0.10
10088,54325,1150,1,36.23,0.05
10089,54326,1181,1,132.07,0.10
10090,54327,1198,1,5.11,0.20
10091,54327,1066,1,87.02,0.00
10092,54328,1191,1,126.89,0.05
10093,54328,1098,1,203.88,0.20
10094,54329,1171,1,147.60,0.05
10095,54329,1019,5,493.79,0.00
10096,54330,1113,1,30.86,0.10
10097,54331,1069,3,26.78,0.25
10098,54332,1041,1,150.20,0.05
10099,54332,1054,3,37.63,0.00
10100,54332,1173,2,64.23,0.00
10101,54332,1002,1,185.61,0.05
10102,54332,1121,1,154.12,0.00
10103,54333,1076,3,250.94,0.00
10104,54333,1107,1,205.43,0.15
10105,54334,1158,1,269.16,0.10
10106,54334,1120,4,278.67,0.10
10107,54334,1190,1,60.24,0.05
10108,54335,1058,1,227.70,0.10
10109,54335,1009,1,148.75,0.20
10110,54335,1064,3,14.09,0.10
10111,54335,1073,1,110.19,0.10
10112,54335,1110,1,73.87,0.10
10113,54336,1139,1,45.39,0.00
10114,54336,1069,1,25.91,0.05
10115,54336,1070,1,186.41,0.05
10116,54336,1029,1,121.59,0.15
10117,54336,1080,3,65.39,0.05
10118,54337,1059,1,83.37,0.00
10119,54337,1090,1,192.34,0.05
10120,54337,1121,1,149.20,0.10
10121,54338,1128,4,346.50,0.05
10122,54338,1182,1,114.27,0.00
10123,54338,1103,2,215.79,0.00
10124,54338,1149,2,160.25,0.00
10125,54338,1100,1,460.37,0.20
10126,54339,1005,1,272.96,0.00
10127,54339,1044,1,254.70,0.15
10128,54339,1115,5,77.93,0.25
10129,54340,1064,1,14.89,0.00
10130,54340,1068,2,31.74,0.05
10131,54340,1162,1,150.61,0.10
10132,54340,1013,3,573.46,0.05
10133,54341,1027,1,173.86,0.15
10134,54342,1190,1,57.68,0.00
10135,54342,1119,3,409.50,0.00
10136,54343,1140,1,105.05,0.10
10137,54343,1027,1,178.71,0.25
10138,54343,1183,1,70.65,0.10
10139,54343,1121,1,147.61,0.10
10140,54344,1129,2,35.91,0.00
10141,54345,1132,1,135.02,0.10
10142,54345,1066,1,86.42,0.10
10143,54345,1095,2,91.06,0.00
10144,54345,1182,2,112.67,0.05
10145,54346,1176,1,177.38,0.05
10146,54346,1133,1,298.08,0.05
10147,54346,1006,1,146.69,0.15
10148,54347,1015,1,494.30,0.20
10149,54347,1174,4,174.80,0.10
10150,54348,1065,1,221.57,0.15
10151,54348,1137,1,231.22,0.10
10152,54349,1175,1,115.67,0.15
10153,54349,1121,2,156.56,0.00
10154,54350,1036,2,148.60,0.10
10155,54350,1152,1,305.14,0.10
10156,54350,1027,1,181.07,0.15
10157,54351,1154,3,117.08,0.10
10158,54351,1133,3,284.10,0.00
10159,54352,1190,3,60.56,0.05
10160,54352,1054,1,36.46,0.05
10161,54352,1075,1,58.72,0.05
10162,54352,1061,1,188.59,0.20
10163,54352,1014,2,78.91,0.10
10164,54353,1051,1,12.90,0.10
10165,54353,1127,1,35.33,0.20
10166,54353,1033,1,519.09,0.00
10167,54354,1190,2,60.59,0.10
10168,54354,1107,1,201.52,0.05
10169,54354,1020,2,534.75,0.00
10170,54355,1170,1,84.27,0.15
10171,54356,1060,1,158.81,0.00
10172,54357,1019,1,520.97,0.25
10173,54358,1022,1,157.15,0.05
10174,54359,1098,1,209.18,0.00
10175,54359,1176,1,176.54,0.05
10176,54360,1163,1,9.33,0.05
10177,54361,1068,2,31.05,0.05
10178,54361,1171,1,145.71,0.00
10179,54361,1092,1,448.94,0.00
10180,54362,1132,2,138.67,0.20
10181,54363,1090,1,189.90,0.00
10182,54363,1153,3,62.05,0.10
10183,54364,1183,1,75.04,0.00
10184,54364,1176,1,171.64,0.00
10185,54364,1129,1,34.11,0.00
10186,54364,1132,1,137.43,0.15
10187,54365,1086,5,418.41,0.25
10188,54366,1161,2,161.22,0.00
10189,54366,1180,4,24.51,0.05
10190,54367,1069,1,26.40,0.10
10191,54367,1031,1,612.49,0.00
10192,54367,1065,1,214.97,0.00
10193,54367,1154,1,116.90,0.10
10194,54368,1001,1,379.95,0.25
10195,54368,1035,2,208.56,0.00
10196,54369,1191,3,127.08,0.10
10197,54369,1007,1,41.17,0.00
10198,54370,1167,3,142.54,0.00
10199,54370,1125,1,229.87,0.20
10200,54370,1144,3,294.20,0.05
10201,54371,1052,1,177.61,0.10
10202,54371,1092,1,440.08,0.00
10203,54371,1037,4,541.64,0.15
10204,54371,1182,2,109.46,0.00
10205,54372,1014,4,75.81,0.00
10206,54372,1104,5,176.60,0.10
10207,54372,1179,2,170.33,0.10
10208,54372,1090,1,194.96,0.15
10209,54373,1127,2,35.52,0.00
10210,54373,1022,1,156.55,0.20
10211,54374,1151,3,304.67,0.10
10212,54374,1189,2,125.26,0.10
10213,54374,1034,4,151.75,0.15
10214,54375,1013,2,581.10,0.00
10215,54375,1040,2,180.82,0.05
10216,54375,1043,1,108.05,0.00
10217,54376,1190,3,61.12,0.10
10218,54376,1132,1,134.04,0.10
10219,54376,1061,1,196.77,0.00
10220,54376,1062,2,200.07,0.20
10221,54377,1059,3,79.49,0.00
10222,54377,1182,2,108.90,0.00
10223,54378,1005,2,271.77,0.10
10224,54378,1175,1,118.51,0.00
10225,54379,1163,1,9.69,0.20
10226,54379,1012,5,229.38,0.00
10227,54379,1020,1,504.98,0.00
10228,54380,1134,1,213.52,0.00
10229,54380,1160,2,61.54,0.25
10230,54381,1165,2,149.78,0.05
10231,54381,1057,1,125.60,0.05
10232,54382,1165,2,149.17,0.15
10233,54383,1097,1,119.41,0.10
10234,54383,1194,1,26.96,0.15
10235,54384,1058,1,221.26,0.15
10236,54384,1050,1,252.04,0.25
10237,54384,1137,2,232.68,0.15
10238,54385,1050,1,239.93,0.00
10239,54385,1174,1,174.93,0.05
10240,54385,1141,1,252.04,0.00
10241,54386,1015,1,500.17,0.00
10242,54386,1167,3,147.10,0.20
10243,54387,1078,2,38.33,0.05
10244,54387,1192,1,59.62,0.00
10245,54387,1024,2,81.29,0.00
10246,54387,1110,2,76.12,0.00
10247,54387,1183,2,75.22,0.05
10248,54388,1144,1,299.72,0.00
10249,54389,1034,1,161.54,0.05
10250,54389,1168,1,151.59,0.15
10251,54389,1037,2,548.63,0.00
10252,54390,1193,3,73.38,0.05
10253,54390,1089,1,46.33,0.00
10254,54391,1182,1,114.70,0.00
10255,54391,1152,2,297.30,0.00
10256,54391,1002,1,180.08,0.00
10257,54392,1018,1,234.86,0.10
10258,54393,1185,1,5.30,0.20
10259,54393,1121,2,152.20,0.00
10260,54393,1020,4,501.96,0.25
10261,54394,1045,1,31.23,0.05
10262,54394,1111,4,427.54,0.10
10263,54394,1023,1,70.85,0.00
10264,54395,1099,4,247.13,0.05
10265,54395,1090,1,187.83,0.00
10266,54396,1111,3,443.66,0.15
10267,54396,1098,1,200.69,0.05
10268,54397,1157,1,97.94,0.10
10269,54397,1072,2,71.36,0.15
10270,54398,1151,2,319.62,0.00
10271,54398,1176,1,175.05,0.00
10272,54398,1174,1,173.73,0.00
10273,54399,1105,1,171.69,0.25
10274,54399,1148,2,255.48,0.20
10275,54399,1059,1,79.49,0.00
10276,54400,1176,2,179.30,0.10
10277,54400,1040,4,179.11,0.00
10278,54400,1075,1,56.71,0.00
10279,54400,1014,1,78.04,0.00
10280,54401,1130,3,99.81,0.15
10281,54401,1042,2,148.59,0.10
10282,54402,1101,1,435.02,0.10
10283,54403,1035,2,198.37,0.15
10284,54403,1177,1,172.73,0.00
10285,54404,1035,4,200.21,0.05
10286,54405,1102,3,369.82,0.00
10287,54405,1128,1,354.88,0.25
10288,54406,1029,1,124.75,0.10
10289,54406,1008,3,400.08,0.10
10290,54406,1157,2,94.49,0.10
10291,54407,1012,2,225.38,0.00
10292,54408,1114,2,223.98,0.00
10293,54409,1015,1,506.01,0.10
10294,54409,1111,1,438.85,0.00
10295,54409,1027,1,172.98,0.05
10296,54409,1135,2,236.19,0.15
10297,54409,1053,3,76.32,0.00
10298,54410,1096,1,195.49,0.10
10299,54410,1117,2,271.76,0.25
10300,54410,1002,1,181.39,0.00
10301,54411,1004,1,520.75,0.25
10302,54412,1146,2,11.46,0.05
10303,54412,1151,3,318.22,0.15
10304,54412,1056,3,221.26,0.20
10305,54412,1132,2,131.70,0.00
10306,54413,1084,3,112.38,0.20
10307,54414,1141,1,253.54,0.00
10308,54414,1004,1,544.29,0.20
10309,54415,1179,1,176.41,0.00
10310,54415,1197,2,56.26,0.05
10311,54416,1104,1,183.41,0.00
10312,54416,1167,4,145.14,0.00
10313,54416,1087,1,217.71,0.00
10314,54416,1168,2,151.50,0.05
10315,54417,1033,4,497.70,0.20
10316,54418,1151,1,311.07,0.20
10317,54418,1091,2,330.78,0.10
10318,54418,1043,4,109.41,0.10
10319,54418,1181,1,127.32,0.10
10320,54419,1171,1,141.08,0.25
10321,54419,1062,2,201.48,0.00
10322,54419,1173,2,63.51,0.00
10323,54420,1102,2,374.93,0.20
10324,54420,1192,1,56.84,0.00
10325,54421,1169,3,45.51,0.00
10326,54422,1167,1,141.92,0.05
10327,54422,1174,2,173.66,0.00
10328,54422,1043,2,108.06,0.10
10329,54422,1060,1,153.42,0.15
10330,54423,1094,1,397.84,0.00
10331,54424,1121,5,154.03,0.00
10332,54424,1128,1,353.69,0.00
10333,54425,1114,3,226.08,0.15
10334,54425,1036,1,149.30,0.25
10335,54426,1045,2,32.63,0.05
10336,54427,1133,2,290.58,0.20
10337,54428,1114,2,223.05,0.00
10338,54428,1134,1,224.73,0.15
10339,54428,1019,5,520.80,0.05
10340,54428,1131,1,310.80,0.25
10341,54429,1023,1,70.88,0.00
10342,54429,1149,1,154.69,0.20
10343,54429,1035,1,203.12,0.20
10344,54429,1003,2,461.18,0.00
10345,54429,1020,1,500.79,0.10
10346,54430,1126,1,118.44,0.00
10347,54430,1185,3,5.37,0.20
10348,54430,1036,3,142.65,0.20
10349,54431,1136,1,293.73,0.05
10350,54431,1094,2,377.48,0.00
10351,54431,1132,1,136.49,0.05
10352,54431,1013,3,557.59,0.10
10353,54431,1068,1,29.36,0.15
10354,54432,1012,1,219.92,0.25
10355,54433,1092,2,425.88,0.10
10356,54433,1106,1,120.10,0.00
10357,54434,1192,2,58.34,0.15
10358,54434,1071,4,121.80,0.00
10359,54435,1116,5,41.24,0.20
10360,54436,1141,3,260.95,0.00
10361,54436,1094,2,389.06,0.00
10362,54437,1048,2,25.01,0.15
10363,54437,1029,1,121.35,0.10
10364,54437,1092,1,435.36,0.00
10365,54437,1183,3,75.29,0.05
10366,54437,1194,1,28.24,0.05
10367,54438,1129,1,35.38,0.00
10368,54438,1153,1,58.84,0.10
10369,54438,1106,1,126.00,0.10
10370,54438,1003,1,449.12,0.05
10371,54439,1083,2,381.01,0.00
10372,54439,1181,1,136.82,0.00
10373,54439,1006,1,153.60,0.15
10374,54439,1058,1,228.60,0.25
10375,54439,1037,1,529.57,0.20
10376,54440,1080,1,63.54,0.00
10377,54440,1059,3,79.00,0.20
10378,54441,1199,1,82.72,0.15
10379,54441,1166,1,149.76,0.15
10380,54441,1116,2,40.32,0.00
10381,54442,1162,3,146.00,0.00
10382,54442,1152,2,292.06,0.00
10383,54443,1086,2,412.65,0.00
10384,54443,1052,1,173.24,0.00
10385,54443,1138,1,57.83,0.00
10386,54444,1019,4,488.22,0.00
10387,54445,1178,1,172.12,0.05
10388,54446,1179,1,178.79,0.00
10389,54446,1169,2,44.91,0.15
10390,54446,1102,2,392.37,0.05
10391,54447,1017,1,335.82,0.25
10392,54447,1132,1,137.37,0.20
10393,54448,1179,2,178.89,0.10
10394,54448,1123,1,77.38,0.15
10395,54448,1107,1,207.19,0.00
10396,54448,1023,1,71.03,0.00
10397,54448,1155,3,274.35,0.00
10398,54449,1176,1,176.83,0.00
10399,54450,1125,1,243.71,0.05
10400,54451,1172,3,9.17,0.00
10401,54451,1151,2,308.73,0.00
10402,54452,1107,2,214.53,0.05
10403,54452,1040,4,177.49,0.15
10404,54452,1034,1,161.65,0.00
10405,54453,1176,2,182.49,0.10
10406,54453,1183,2,71.51,0.05
10407,54454,1182,2,107.96,0.05
10408,54454,1177,2,167.50,0.00
10409,54455,1119,1,401.40,0.00
10410,54455,1015,2,519.21,0.15
10411,54455,1157,3,92.19,0.05
10412,54455,1170,1,82.88,0.15
10413,54456,1050,1,236.02,0.20
10414,54457,1114,1,227.99,0.15
10415,54458,1047,1,195.80,0.10
10416,54459,1168,2,151.42,0.20
10417,54459,1164,1,63.62,0.10
10418,54459,1131,1,309.44,0.25
10419,54460,1190,1,59.68,0.05
10420,54460,1019,1,519.99,0.15
10421,54460,1185,2,5.12,0.00
10422,54460,1103,2,219.28,0.10
10423,54461,1001,4,390.46,0.15
10424,54461,1046,2,37.49,0.00
10425,54461,1180,2,23.22,0.15
10426,54462,1170,1,85.46,0.15
10427,54463,1077,1,114.01,0.15
10428,54463,1038,1,412.22,0.05
10429,54463,1016,1,473.97,0.05
10430,54463,1155,1,275.47,0.25
10431,54464,1102,3,376.74,0.00
10432,54464,1122,1,183.62,0.00
10433,54464,1074,1,142.27,0.00
10434,54465,1188,4,66.76,0.15
10435,54465,1023,1,71.96,0.05
10436,54465,1175,3,114.31,0.10
10437,54465,1052,3,172.90,0.00
10438,54465,1086,3,411.27,0.25
10439,54466,1155,4,284.31,0.25
10440,54467,1147,1,230.93,0.05
10441,54467,1044,1,253.90,0.20
10442,54468,1081,1,36.16,0.10
10443,54468,1062,1,202.83,0.15
10444,54468,1077,1,114.03,0.00
10445,54469,1096,2,194.35,0.00
10446,54470,1111,1,422.04,0.00
10447,54471,1143,2,176.66,0.00
10448,54471,1049,1,253.10,0.00
10449,54471,1014,1,76.02,0.25
10450,54472,1009,1,156.51,0.00
10451,54472,1075,1,57.82,0.15
10452,54472,1147,3,217.59,0.05
10453,54472,1004,2,525.06,0.25
10454,54473,1074,4,134.59,0.05
10455,54473,1186,4,101.91,0.00
10456,54473,1112,3,244.39,0.05
10457,54474,1096,1,185.39,0.05
10458,54474,1098,1,201.70,0.00
10459,54475,1038,1,403.02,0.00
10460,54475,1081,1,37.21,0.15
10461,54475,1005,1,257.01,0.15
10462,54476,1034,1,155.65,0.00
10463,54476,1117,1,269.13,0.00
10464,54476,1136,1,289.01,0.00
10465,54477,1051,3,12.83,0.00
10466,54477,1130,5,100.09,0.05
10467,54477,1017,2,337.20,0.00
10468,54478,1197,1,56.76,0.00
10469,54478,1137,1,236.45,0.00
10470,54478,1023,2,68.28,0.10
10471,54479,1016,1,501.72,0.25
10472,54480,1050,2,235.92,0.05
10473,54481,1047,2,198.93,0.15
10474,54481,1178,1,180.20,0.20
10475,54481,1132,4,140.71,0.25
10476,54481,1078,2,40.48,0.00
10477,54481,1058,4,228.31,0.05
10478,54482,1113,1,31.49,0.00
10479,54482,1146,2,11.45,0.00
10480,54482,1116,1,39.22,0.05
10481,54482,1014,4,77.62,0.00
10482,54483,1196,3,162.39,0.00
10483,54484,1113,3,31.10,0.10
10484,54485,1084,3,108.78,0.05
10485,54486,1017,1,327.28,0.20
10486,54487,1073,1,111.48,0.00
10487,54487,1015,1,499.20,0.20
10488,54488,1014,2,75.51,0.05
10489,54488,1159,1,144.81,0.10
10490,54488,1199,1,80.35,0.10
10491,54488,1009,2,153.81,0.15
10492,54489,1002,2,176.35,0.25
10493,54490,1122,4,194.90,0.10
10494,54491,1065,1,213.00,0.00
10495,54491,1144,1,303.68,0.15
10496,54491,1137,2,238.72,0.00
10497,54491,1088,1,364.51,0.00
10498,54492,1068,1,29.92,0.00
10499,54492,1132,1,136.92,0.05
10500,54492,1122,2,189.73,0.10
10501,54492,1083,2,379.58,0.20
10502,54493,1040,4,174.20,0.00
10503,54494,1037,2,531.07,0.00
10504,54494,1125,1,242.06,0.00
10505,54494,1059,1,83.99,0.05
10506,54495,1194,3,28.17,0.10
10507,54495,1093,2,186.15,0.00
10508,54495,1081,2,37.05,0.15
10509,54496,1073,1,107.59,0.05
10510,54496,1049,2,243.03,0.00
10511,54497,1033,1,518.32,0.05
10512,54497,1200,1,122.72,0.25
10513,54497,1133,2,300.34,0.00
10514,54498,1013,1,578.29,0.00
10515,54499,1108,2,442.06,0.15
10516,54499,1006,1,156.17,0.00
10517,54500,1050,3,248.08,0.00
10518,54501,1139,1,47.07,0.00
10519,54501,1062,2,197.03,0.25
10520,54501,1029,1,122.69,0.00
10521,54502,1053,2,72.99,0.00
10522,54503,1048,1,25.88,0.15
10523,54503,1084,1,113.20,0.15
10524,54503,1093,1,185.60,0.05
10525,54503,1182,2,113.36,0.05
10526,54503,1142,4,230.45,0.05
10527,54504,1158,1,275.28,0.00
10528,54504,1084,3,114.13,0.05
10529,54505,1104,2,190.43,0.00
10530,54505,1100,3,433.51,0.00
10531,54505,1089,1,46.37,0.00
10532,54506,1047,3,202.65,0.20
10533,54507,1119,2,395.36,0.00
10534,54507,1022,2,161.99,0.15
10535,54507,1090,1,197.55,0.25
10536,54507,1168,2,156.88,0.00
10537,54507,1084,2,114.89,0.05
10538,54508,1018,1,250.81,0.20
10539,54508,1163,1,9.39,0.10
10540,54508,1166,1,144.77,0.10
10541,54509,1134,1,215.92,0.10
10542,54509,1045,1,32.64,0.00
10543,54510,1045,2,32.97,0.15
10544,54511,1100,1,460.92,0.05
10545,54511,1060,1,158.91,0.00
10546,54511,1056,1,218.13,0.15
10547,54511,1029,2,126.00,0.00
10548,54512,1065,1,228.83,0.05
10549,54512,1101,1,424.18,0.10
10550,54512,1063,1,10.08,0.25
10551,54513,1131,1,300.09,0.10
10552,54514,1197,1,56.31,0.00
10553,54514,1191,2,134.32,0.15
10554,54515,1135,1,230.41,0.20
10555,54515,1010,2,472.63,0.25
10556,54516,1069,1,27.43,0.05
10557,54516,1073,1,108.57,0.00
10558,54516,1148,2,255.37,0.00
10559,54517,1037,2,533.01,0.00
10560,54517,1122,1,190.05,0.25
10561,54517,1011,1,492.82,0.00
10562,54518,1198,2,5.14,0.00
10563,54519,1194,1,26.75,0.10
10564,54520,1162,1,143.15,0.00
10565,54520,1177,1,169.54,0.20
10566,54520,1054,1,38.10,0.10
10567,54520,1182,2,111.68,0.00
10568,54520,1014,2,80.86,0.05
10569,54521,1054,1,38.23,0.10
10570,54521,1007,3,38.77,0.00
10571,54522,1077,1,114.54,0.05
10572,54522,1036,1,148.46,0.00
10573,54522,1093,1,184.32,0.00
10574,54522,1019,2,521.64,0.00
10575,54523,1136,2,299.03,0.20
10576,54523,1123,5,79.12,0.00
10577,54524,1028,1,392.55,0.20
10578,54524,1063,1,9.90,0.05
10579,54524,1011,2,507.66,0.25
10580,54525,1155,1,290.13,0.00
10581,54526,1060,1,154.40,0.25
10582,54526,1140,1,106.40,0.15
10583,54527,1140,3,105.97,0.20
10584,54528,1041,5,142.76,0.15
10585,54528,1026,3,240.43,0.20
10586,54529,1125,3,229.01,0.00
10587,54529,1068,5,29.87,0.15
10588,54529,1016,1,494.25,0.15
10589,54530,1004,3,557.83,0.10
10590,54530,1133,3,291.58,0.00
10591,54530,1048,1,24.40,0.00
10592,54530,1197,1,59.16,0.15
10593,54531,1197,1,56.48,0.00
10594,54531,1187,3,135.15,0.10
10595,54531,1117,1,269.34,0.00
10596,54532,1194,1,27.15,0.00
10597,54533,1014,3,76.89,0.15
10598,54534,1039,1,557.95,0.05
10599,54534,1106,2,127.00,0.10
10600,54535,1186,2,100.33,0.00
10601,54535,1016,2,474.34,0.15
10602,54536,1092,2,434.01,0.15
10603,54536,1195,1,175.02,0.10
10604,54537,1137,1,230.92,0.00
10605,54537,1084,1,113.92,0.00
10606,54537,1141,1,259.40,0.20
10607,54537,1147,1,232.85,0.15
10608,54538,1129,2,35.86,0.25
10609,54539,1111,2,426.54,0.05
10610,54540,1023,1,70.67,0.10
10611,54540,1062,2,190.60,0.10
10612,54540,1073,1,107.78,0.00
10613,54540,1172,2,9.37,0.15
10614,54541,1183,1,72.71,0.10
10615,54542,1199,1,81.39,0.15
10616,54542,1179,2,166.65,0.20
10617,54542,1036,2,144.32,0.00
10618,54543,1137,1,236.87,0.00
10619,54543,1165,1,149.09,0.05
10620,54544,1130,1,99.16,0.15
10621,54544,1044,3,242.84,0.25
10622,54544,1149,1,155.22,0.05
10623,54544,1109,1,252.25,0.20
10624,54545,1199,2,81.98,0.10
10625,54545,1080,1,66.04,0.00
10626,54545,1027,2,178.60,0.15
10627,54546,1067,1,229.13,0.10
10628,54546,1179,1,176.77,0.05
10629,54546,1195,3,170.80,0.00
10630,54547,1133,1,291.94,0.10
10631,54547,1152,2,299.01,0.00
10632,54548,1175,1,116.66,0.00
10633,54548,1110,1,71.66,0.10
10634,54548,1142,1,219.97,0.10
10635,54548,1183,1,70.81,0.05
10636,54549,1128,2,350.51,0.25
10637,54549,1188,1,66.00,0.20
10638,54549,1200,1,120.96,0.05
10639,54549,1050,1,240.60,0.00
10640,54549,1113,2,30.67,0.15
10641,54550,1146,1,10.90,0.00
10642,54551,1130,2,97.62,0.05
10643,54551,1152,2,302.75,0.15
10644,54551,1085,1,98.64,0.10
10645,54551,1198,4,5.01,0.00
10646,54552,1044,1,250.14,0.05
10647,54553,1111,1,442.82,0.20
10648,54553,1100,3,443.79,0.10
10649,54554,1090,1,200.25,0.25
10650,54554,1013,2,592.29,0.05
10651,54555,1104,2,188.83,0.10
10652,54556,1102,1,372.16,0.20
10653,54556,1083,1,386.70,0.00
10654,54556,1131,5,313.41,0.10
10655,54556,1141,2,251.86,0.00
10656,54556,1097,1,115.53,0.20
10657,54557,1144,1,306.57,0.05
10658,54557,1071,1,122.74,0.15
10659,54557,1032,3,341.37,0.20
10660,54557,1198,1,5.20,0.00
10661,54557,1118,3,113.60,0.25
10662,54558,1092,1,453.11,0.10
10663,54559,1069,4,27.63,0.20
10664,54560,1004,2,533.68,0.25
10665,54561,1170,1,88.56,0.05
10666,54561,1134,3,222.41,0.05
10667,54561,1067,5,221.95,0.20
10668,54561,1023,3,68.53,0.25
10669,54561,1088,2,366.67,0.00
10670,54562,1113,1,29.38,0.10
10671,54562,1179,1,178.24,0.00
10672,54562,1163,1,9.01,0.25
10673,54563,1148,1,253.06,0.00
10674,54563,1069,2,25.75,0.05
10675,54564,1168,3,156.48,0.15
10676,54564,1007,1,38.67,0.10
10677,54564,1136,1,288.95,0.05
10678,54564,1028,2,383.31,0.00
10679,54565,1144,1,305.14,0.00
10680,54565,1096,1,200.23,0.05
10681,54565,1025,1,377.71,0.10
10682,54565,1097,1,112.39,0.00
10683,54565,1131,1,314.32,0.00
10684,54566,1109,1,245.67,0.05
10685,54566,1153,1,61.40,0.15
10686,54566,1010,2,495.69,0.10
10687,54566,1114,1,223.49,0.00
10688,54567,1151,1,309.61,0.00
10689,54567,1067,1,221.58,0.00
10690,54567,1104,3,183.60,0.10
10691,54568,1117,2,268.60,0.20
10692,54568,1188,2,70.27,0.00
10693,54568,1167,3,146.63,0.00
10694,54568,1048,1,24.71,0.00
10695,54569,1131,3,320.61,0.05
10696,54569,1056,3,217.36,0.00
10697,54569,1178,1,181.21,0.10
10698,54569,1125,1,230.07,0.15
10699,54570,1157,1,95.66,0.25
10700,54570,1126,3,118.16,0.00
10701,54570,1120,1,263.52,0.10
10702,54571,1094,2,390.57,0.10
10703,54572,1154,1,115.52,0.00
10704,54573,1067,1,224.25,0.15
10705,54573,1052,1,171.07,0.25
10706,54574,1191,1,131.17,0.00
10707,54574,1032,4,350.04,0.10
10708,54575,1169,3,43.33,0.05
10709,54575,1062,1,193.45,0.00
10710,54576,1190,2,60.26,0.05
10711,54577,1142,1,221.32,0.10
10712,54577,1073,1,111.90,0.10
10713,54577,1114,3,227.54,0.00
10714,54577,1193,1,77.57,0.15
10715,54577,1172,3,9.47,0.10
10716,54578,1039,1,544.68,0.00
10717,54578,1071,1,121.97,0.00
10718,54578,1108,1,447.30,0.15
10719,54579,1164,1,61.47,0.15
10720,54580,1166,1,148.10,0.05
10721,54580,1086,2,425.45,0.05
10722,54580,1048,1,25.05,0.20
10723,54581,1046,1,37.00,0.00
10724,54581,1195,1,175.59,0.20
10725,54582,1192,3,56.98,0.05
10726,54582,1090,2,187.89,0.25
10727,54583,1197,1,56.01,0.10
10728,54583,1094,1,390.51,0.00
10729,54584,1096,1,199.97,0.00
10730,54584,1130,2,97.63,0.00
10731,54584,1145,1,149.13,0.10
10732,54585,1155,3,273.41,0.10
10733,54585,1127,1,33.76,0.00
10734,54585,1111,2,429.30,0.00
10735,54586,1053,1,71.10,0.10
10736,54587,1113,1,30.10,0.10
10737,54588,1104,2,179.19,0.00
10738,54589,1138,2,56.09,0.00
10739,54589,1176,1,171.62,0.00
10740,54590,1060,1,150.26,0.00
10741,54590,1134,1,211.10,0.25
10742,54591,1068,1,29.71,0.15
10743,54592,1021,1,426.31,0.00
10744,54593,1060,1,158.65,0.10
10745,54593,1048,2,25.60,0.20
10746,54593,1009,1,156.28,0.00
10747,54593,1180,3,23.85,0.20
10748,54594,1185,1,5.45,0.05
10749,54594,1006,1,144.77,0.00
10750,54595,1100,4,447.29,0.20
10751,54596,1133,2,296.19,0.00
10752,54596,1023,2,70.92,0.00
10753,54597,1125,3,244.14,0.05
10754,54597,1042,1,147.05,0.20
10755,54597,1126,1,120.01,0.20
10756,54597,1083,3,382.86,0.15
10757,54598,1044,1,253.31,0.05
10758,54598,1171,5,142.22,0.05
10759,54598,1027,1,176.08,0.05
10760,54599,1009,1,151.87,0.25
10761,54599,1132,1,138.81,0.15
10762,54600,1150,1,35.68,0.05
10763,54600,1110,2,74.62,0.20
10764,54600,1060,2,156.51,0.25
10765,54601,1146,1,11.11,0.00
10766,54602,1166,1,143.17,0.00
10767,54602,1175,1,114.61,0.00
10768,54603,1192,2,57.27,0.15
10769,54603,1016,1,487.73,0.10
10770,54603,1066,2,81.59,0.00
10771,54603,1026,1,231.36,0.05
10772,54604,1053,1,75.37,0.05
10773,54604,1045,1,32.92,0.15
10774,54604,1099,1,247.27,0.15
10775,54604,1009,2,149.69,0.05
10776,54605,1098,2,202.49,0.00
10777,54605,1056,2,215.84,0.10
10778,54605,1200,3,118.68,0.15
10779,54605,1196,1,165.60,0.00
10780,54605,1193,1,78.29,0.10
10781,54606,1027,1,182.00,0.00
10782,54606,1145,2,156.02,0.05
10783,54606,1119,2,405.15,0.05
10784,54607,1150,1,35.34,0.10
10785,54607,1014,1,79.03,0.10
10786,54608,1136,1,284.91,0.25
10787,54608,1126,1,115.47,0.00
10788,54608,1056,1,214.52,0.00
10789,54608,1102,2,370.61,0.00
10790,54608,1094,1,374.61,0.00
10791,54609,1175,1,118.21,0.00
10792,54609,1055,1,121.39,0.15
10793,54609,1083,1,381.50,0.05
10794,54610,1054,1,35.62,0.00
10795,54611,1006,1,153.22,0.20
10796,54611,1190,2,60.34,0.05
10797,54612,1191,2,134.65,0.10
10798,54613,1055,2,117.73,0.05
10799,54614,1106,4,120.85,0.00
10800,54614,1191,1,134.02,0.10
10801,54614,1002,1,186.46,0.25
10802,54615,1113,1,31.55,0.00
10803,54615,1151,1,325.88,0.10
10804,54616,1142,1,233.60,0.00
10805,54616,1110,1,75.12,0.15
10806,54616,1055,2,118.44,0.00
10807,54617,1042,1,150.25,0.10
10808,54618,1012,1,226.04,0.20
10809,54618,1079,2,92.33,0.10
10810,54619,1166,1,146.94,0.10
10811,54619,1029,3,127.39,0.25
10812,54619,1131,2,310.93,0.05
10813,54619,1124,2,88.34,0.20
10814,54619,1147,1,225.38,0.00
10815,54620,1163,5,9.08,0.10
10816,54620,1027,1,171.65,0.15
10817,54620,1137,1,232.40,0.05
10818,54620,1193,1,73.01,0.05
10819,54620,1070,2,188.35,0.00
10820,54621,1122,1,186.91,0.00
10821,54621,1105,4,176.48,0.00
10822,54621,1108,2,442.07,0.15
10823,54621,1080,1,66.95,0.20
10824,54621,1177,1,169.80,0.05
10825,54622,1014,1,77.67,0.00
10826,54622,1164,2,63.36,0.15
10827,54623,1149,1,155.06,0.00
10828,54623,1045,3,31.67,0.00
10829,54624,1098,1,202.78,0.10
10830,54624,1031,1,582.35,0.20
10831,54624,1163,1,9.61,0.10
10832,54625,1153,1,61.70,0.00
10833,54625,1020,2,504.41,0.20
10834,54625,1028,1,413.08,0.05
10835,54626,1030,1,119.18,0.00
10836,54626,1075,1,57.37,0.10
10837,54627,1118,1,109.23,0.10
10838,54628,1157,2,97.73,0.25
10839,54629,1150,3,36.59,0.05
10840,54630,1008,1,410.11,0.10
10841,54631,1029,1,121.68,0.10
10842,54631,1065,1,226.46,0.05
10843,54631,1006,1,148.75,0.00
10844,54631,1194,1,27.86,0.20
10845,54632,1136,1,289.85,0.05
10846,54632,1054,1,38.16,0.10
10847,54632,1095,1,92.17,0.05
10848,54632,1120,1,264.01,0.00
10849,54633,1038,1,400.26,0.00
10850,54633,1173,1,64.83,0.10
10851,54633,1154,4,110.88,0.05
10852,54634,1099,3,258.41,0.00
10853,54634,1101,1,425.89,0.00
10854,54635,1061,5,188.77,0.05
10855,54636,1063,1,10.39,0.15
10856,54637,1051,2,12.56,0.00
10857,54637,1164,1,64.09,0.25
10858,54638,1175,1,113.30,0.10
10859,54638,1133,4,293.06,0.00
10860,54639,1057,3,125.72,0.00
10861,54639,1182,1,112.98,0.20
10862,54639,1105,1,170.49,0.05
10863,54639,1098,1,204.98,0.00
10864,54639,1019,1,505.69,0.15
10865,54640,1147,3,224.12,0.05
10866,54640,1086,4,435.82,0.00
10867,54641,1123,2,79.79,0.00
10868,54641,1127,5,34.10,0.05
10869,54642,1194,1,26.69,0.00
10870,54642,1010,2,487.64,0.00
10871,54643,1047,3,204.26,0.10
10872,54643,1179,3,167.60,0.10
10873,54643,1120,2,262.42,0.10
10874,54643,1114,1,221.11,0.10
10875,54643,1019,1,520.78,0.15
10876,54644,1037,2,512.21,0.05
10877,54644,1065,2,218.46,0.00
10878,54644,1003,2,465.41,0.00
10879,54644,1009,1,148.38,0.15
10880,54645,1153,1,59.90,0.00
10881,54645,1175,3,115.47,0.10
10882,54645,1149,1,157.05,0.05
10883,54646,1155,4,290.16,0.05
10884,54646,1138,1,53.97,0.25
10885,54647,1165,3,145.07,0.25
10886,54647,1102,3,373.95,0.05
10887,54648,1028,2,401.38,0.15
10888,54648,1143,1,180.18,0.00
10889,54648,1046,1,35.04,0.05
10890,54649,1167,2,147.04,0.00
10891,54649,1064,4,15.16,0.10
10892,54650,1047,2,207.92,0.00
10893,54651,1147,2,224.13,0.05
10894,54651,1171,2,144.89,0.15
10895,54651,1074,2,140.48,0.05
10896,54652,1170,2,84.56,0.00
10897,54653,1154,1,116.09,0.00
10898,54653,1094,1,403.50,0.10
10899,54653,1117,1,277.14,0.00
10900,54654,1019,1,511.07,0.10
10901,54654,1153,1,59.41,0.00
10902,54654,1128,1,349.17,0.25
10903,54655,1102,1,371.63,0.00
10904,54655,1087,1,218.36,0.15
10905,54655,1017,2,340.57,0.00
10906,54655,1081,1,36.39,0.10
10907,54656,1027,3,184.05,0.00
10908,54656,1151,2,316.80,0.15
10909,54657,1192,3,59.54,0.05
10910,54658,1018,1,249.09,0.00
10911,54658,1045,2,31.76,0.00
10912,54658,1158,2,268.06,0.15
10913,54659,1078,3,40.46,0.10
10914,54659,1018,1,236.97,0.00
10915,54660,1083,3,388.97,0.05
10916,54660,1174,2,171.13,0.15
10917,54661,1038,2,392.62,0.10
10918,54661,1146,4,10.99,0.15
10919,54661,1047,3,206.34,0.20
10920,54662,1167,2,144.38,0.10
10921,54662,1146,2,10.99,0.10
10922,54663,1096,2,190.90,0.15
10923,54663,1095,1,88.14,0.00
10924,54663,1049,1,244.50,0.00
10925,54664,1040,3,181.51,0.15
10926,54664,1147,1,230.05,0.00
10927,54665,1105,4,171.04,0.00
10928,54666,1010,1,494.33,0.05
10929,54666,1029,1,126.90,0.00
10930,54667,1190,1,61.83,0.10
10931,54667,1141,1,262.26,0.00
10932,54667,1111,1,434.75,0.00
10933,54668,1076,1,245.52,0.00
10934,54668,1104,3,189.41,0.00
10935,54668,1052,3,175.02,0.10
10936,54669,1038,1,392.86,0.15
10937,54669,1160,1,61.87,0.00
10938,54669,1121,1,150.16,0.00
10939,54670,1163,2,9.34,0.00
10940,54670,1060,1,160.51,0.05
10941,54670,1058,1,235.00,0.00
10942,54670,1129,3,35.25,0.05
10943,54671,1016,1,489.64,0.25
10944,54671,1115,1,74.15,0.10
10945,54671,1144,2,300.75,0.15
10946,54672,1184,2,49.82,0.05
10947,54672,1064,1,15.22,0.20
10948,54672,1157,1,96.16,0.15
10949,54672,1171,1,145.58,0.10
10950,54673,1051,4,13.21,0.15
10951,54673,1034,1,161.63,0.25
10952,54673,1120,1,262.96,0.00
10953,54673,1119,1,385.22,0.00
10954,54673,1087,1,217.03,0.00
10955,54674,1032,1,346.35,0.05
10956,54674,1037,1,517.01,0.00
10957,54674,1170,2,86.86,0.25
10958,54674,1024,1,83.70,0.05
10959,54675,1101,3,420.85,0.05
10960,54676,1070,2,186.79,0.15
10961,54676,1029,1,120.67,0.00
10962,54676,1045,1,32.25,0.00
10963,54676,1111,2,439.93,0.15
10964,54677,1100,1,440.41,0.05
10965,54677,1073,1,107.87,0.05
10966,54677,1010,1,483.95,0.00
10967,54678,1002,1,178.28,0.20
10968,54678,1114,2,233.67,0.05
10969,54679,1129,1,33.75,0.00
10970,54679,1132,1,139.78,0.10
10971,54680,1195,1,170.29,0.10
10972,54680,1047,1,200.06,0.15
10973,54681,1025,1,398.41,0.15
10974,54681,1024,3,83.05,0.15
10975,54681,1034,1,159.25,0.00
10976,54682,1194,4,28.19,0.05
10977,54682,1151,3,329.86,0.05
10978,54683,1156,1,320.66,0.05
10979,54683,1131,2,298.87,0.05
10980,54684,1067,2,228.06,0.00
10981,54684,1122,3,194.18,0.10
10982,54684,1161,1,159.96,0.00
10983,54685,1161,1,153.41,0.00
10984,54685,1041,2,145.00,0.20
10985,54685,1005,2,264.82,0.10
10986,54686,1164,1,63.95,0.00
10987,54686,1145,5,158.09,0.00
10988,54686,1003,2,451.00,0.20
10989,54687,1195,5,169.82,0.15
10990,54687,1103,4,226.22,0.00
10991,54687,1057,2,125.20,0.00
10992,54687,1049,2,250.83,0.05
10993,54687,1047,1,197.16,0.20
10994,54688,1107,5,211.80,0.00
10995,54688,1068,2,30.74,0.00
10996,54689,1061,3,192.27,0.00
10997,54690,1090,2,187.46,0.05
10998,54691,1158,3,269.53,0.00
10999,54692,1016,1,495.73,0.10
11000,54692,1031,2,607.09,0.00
11001,54692,1162,1,152.24,0.05
11002,54692,1161,1,153.12,0.10
11003,54693,1200,2,122.63,0.15
11004,54694,1075,3,57.90,0.00
11005,54695,1161,1,157.22,0.10
11006,54695,1021,1,443.28,0.15
11007,54695,1196,3,157.48,0.00
11008,54696,1150,3,34.18,0.20
11009,54696,1178,3,171.51,0.15
11010,54697,1071,3,124.80,0.00
11011,54698,1048,1,25.63,0.05
11012,54698,1185,1,5.20,0.20
11013,54699,1113,2,30.75,0.20
11014,54699,1123,4,80.14,0.00
11015,54699,1076,4,249.00,0.00
11016,54699,1016,1,500.26,0.00
11017,54700,1069,1,27.55,0.05
11018,54700,1113,1,30.06,0.10
11019,54701,1168,1,158.87,0.05
11020,54701,1172,3,9.02,0.10
11021,54702,1004,1,542.16,0.15
11022,54702,1110,1,72.62,0.05
11023,54703,1105,2,173.79,0.05
11024,54703,1012,1,213.16,0.00
11025,54704,1189,2,119.46,0.00
11026,54704,1180,2,24.88,0.00
11027,54705,1028,1,406.35,0.05
11028,54705,1001,2,388.85,0.05
11029,54705,1157,4,92.78,0.15
11030,54706,1170,3,83.34,0.00
11031,54707,1034,1,151.35,0.15
11032,54707,1194,1,26.57,0.10
11033,54708,1062,2,201.40,0.20
11034,54708,1012,1,222.04,0.20
11035,54708,1019,1,502.06,0.25
11036,54709,1066,1,85.90,0.20
11037,54709,1178,1,179.04,0.05
11038,54709,1153,1,61.94,0.00
11039,54709,1041,5,148.18,0.00
11040,54710,1194,2,26.78,0.00
11041,54710,1011,2,488.54,0.05
11042,54710,1021,3,433.07,0.00
11043,54710,1024,1,80.23,0.00
11044,54711,1150,1,34.28,0.00
11045,54711,1122,3,185.16,0.00
11046,54712,1155,1,280.20,0.15
11047,54712,1139,2,47.56,0.10
11048,54713,1054,1,35.81,0.00
11049,54714,1101,1,436.44,0.00
11050,54714,1085,1,104.34,0.10
11051,54715,1025,1,402.87,0.00
11052,54715,1020,1,525.74,0.00
11053,54716,1186,1,102.69,0.05
11054,54716,1119,3,396.16,0.00
11055,54717,1020,3,511.52,0.25
11056,54717,1144,2,300.44,0.00
11057,54718,1127,2,35.08,0.00
11058,54718,1068,1,31.29,0.15
11059,54719,1070,2,198.78,0.10
11060,54719,1187,1,136.24,0.05
11061,54719,1038,5,411.10,0.00
11062,54720,1079,1,93.18,0.00
11063,54720,1047,1,207.33,0.10
11064,54721,1033,3,501.26,0.10
11065,54721,1187,1,134.40,0.10
11066,54722,1132,1,138.46,0.00
11067,54722,1192,2,58.82,0.20
11068,54723,1051,1,12.39,0.05
11069,54723,1108,1,438.27,0.10
11070,54724,1162,3,150.42,0.10
11071,54724,1041,2,141.37,0.10
11072,54724,1134,2,218.18,0.05
11073,54725,1185,1,5.30,0.00
11074,54725,1108,1,432.32,0.10
11075,54726,1038,1,395.82,0.15
11076,54726,1160,1,62.98,0.05
11077,54726,1015,5,515.14,0.20
11078,54727,1179,1,179.78,0.20
11079,54727,1189,1,117.62,0.00
11080,54728,1176,3,181.32,0.00
11081,54728,1033,1,494.41,0.00
11082,54728,1028,1,402.43,0.15
11083,54729,1146,4,11.08,0.15
11084,54729,1047,3,207.39,0.00
11085,54730,1149,1,158.74,0.05
11086,54731,1047,1,192.73,0.20
11087,54731,1133,1,289.11,0.00
11088,54732,1142,1,225.96,0.10
11089,54733,1156,1,322.78,0.05
11090,54733,1021,1,441.75,0.00
11091,54733,1154,3,118.02,0.00
11092,54734,1178,1,169.42,0.10
11093,54735,1179,1,172.49,0.10
11094,54735,1049,1,252.39,0.05
11095,54735,1143,1,172.14,0.25
11096,54735,1132,2,132.07,0.10
11097,54736,1032,2,348.73,0.05
11098,54736,1085,1,102.23,0.00
11099,54737,1143,2,169.66,0.00
11100,54737,1115,5,74.87,0.10
11101,54737,1042,1,151.85,0.00
11102,54737,1134,1,215.49,0.00
11103,54738,1143,1,181.96,0.10
11104,54738,1161,1,159.75,0.10
11105,54739,1052,1,178.53,0.00
11106,54739,1039,1,529.28,0.00
11107,54739,1075,1,59.69,0.00
11108,54739,1182,1,112.34,0.00
11109,54740,1199,1,79.13,0.05
11110,54740,1106,1,125.60,0.25
11111,54740,1195,2,165.33,0.10
11112,54740,1061,1,189.79,0.05
11113,54741,1150,1,36.48,0.10
11114,54741,1014,1,78.31,0.20
11115,54741,1022,1,150.48,0.15
11116,54742,1159,2,143.05,0.05
11117,54743,1092,1,460.36,0.00
11118,54743,1006,3,147.39,0.25
11119,54743,1050,3,247.04,0.00
11120,54743,1081,1,37.80,0.20
11121,54743,1070,1,196.32,0.00
11122,54744,1101,2,425.61,0.05
11123,54744,1175,1,117.12,0.00
11124,54744,1104,1,189.30,0.05
11125,54744,1109,3,259.65,0.00
11126,54745,1082,3,105.09,0.05
11127,54746,1193,1,73.48,0.15
11128,54747,1147,1,234.73,0.05
11129,54748,1156,1,304.03,0.25
11130,54749,1186,2,97.10,0.05
11131,54749,1157,1,91.37,0.00
11132,54750,1077,1,113.98,0.05
11133,54750,1047,3,201.71,0.00
11134,54750,1164,2,61.79,0.00
11135,54751,1137,1,227.20,0.00
11136,54751,1164,1,60.64,0.20
11137,54751,1071,3,122.67,0.00
11138,54752,1097,1,112.85,0.00
11139,54752,1078,1,38.96,0.15
11140,54753,1126,2,114.87,0.00
11141,54754,1105,2,170.08,0.00
11142,54754,1022,1,155.36,0.00
11143,54755,1189,1,124.93,0.00
11144,54756,1185,3,5.51,0.10
11145,54756,1062,1,204.70,0.00
11146,54757,1131,2,303.91,0.00
11147,54758,1021,2,413.66,0.10
11148,54759,1132,2,138.86,0.05
11149,54759,1195,2,166.90,0.15
11150,54759,1068,1,30.38,0.00
11151,54760,1038,1,415.18,0.00
11152,54760,1145,1,151.38,0.20
11153,54760,1095,3,88.69,0.00
11154,54761,1178,1,181.73,0.05
11155,54761,1002,1,189.60,0.15
11156,54762,1094,1,393.80,0.10
11157,54762,1065,1,222.88,0.10
11158,54762,1031,2,608.55,0.25
11159,54763,1029,1,119.16,0.15
11160,54764,1191,4,131.01,0.05
11161,54764,1141,3,256.13,0.05
11162,54765,1071,2,120.32,0.00
11163,54766,1148,1,257.03,0.05
11164,54767,1069,3,26.34,0.15
11165,54767,1196,1,167.90,0.05
11166,54767,1017,3,345.90,0.05
11167,54767,1128,3,354.49,0.15
11168,54768,1014,2,78.89,0.20
11169,54768,1030,2,118.64,0.20
11170,54768,1197,1,59.36,0.15
11171,54768,1189,1,120.93,0.15
11172,54768,1071,1,123.69,0.25
11173,54769,1062,4,204.25,0.00
11174,54769,1161,2,153.59,0.00
11175,54769,1005,1,272.63,0.10
11176,54770,1009,1,152.64,0.25
11177,54770,1021,2,434.15,0.20
11178,54770,1080,3,65.27,0.15
11179,54770,1157,1,98.62,0.00
11180,54771,1196,2,168.58,0.05
11181,54771,1156,3,305.38,0.15
11182,54771,1111,1,420.22,0.05
11183,54771,1167,2,137.28,0.10
11184,54772,1022,1,151.81,0.10
11185,54772,1010,2,509.42,0.00
11186,54772,1004,1,531.06,0.20
11187,54772,1157,2,93.22,0.00
11188,54773,1147,1,229.70,0.25
11189,54773,1123,2,79.04,0.15
11190,54773,1017,2,331.98,0.15
11191,54774,1140,4,103.63,0.00
11192,54774,1200,1,121.11,0.20
11193,54774,1057,1,129.78,0.00
11194,54774,1053,1,73.77,0.05
11195,54775,1049,2,245.14,0.05
11196,54775,1172,1,9.20,0.15
11197,54776,1171,3,141.94,0.00
11198,54776,1019,2,519.21,0.00
11199,54777,1013,4,564.82,0.00
11200,54777,1200,2,116.54,0.05
11201,54777,1099,2,249.75,0.00
11202,54778,1023,1,70.36,0.25
11203,54778,1109,1,254.60,0.00
11204,54778,1029,2,121.68,0.20
11205,54779,1116,1,42.05,0.05
11206,54779,1047,1,197.37,0.00
11207,54780,1119,1,392.86,0.00
11208,54780,1177,1,171.78,0.10
11209,54781,1164,1,64.21,0.00
11210,54781,1186,3,100.06,0.05
11211,54782,1054,1,36.95,0.00
11212,54782,1077,3,115.22,0.05
11213,54783,1129,1,33.74,0.10
11214,54783,1175,1,114.71,0.00
11215,54783,1188,1,66.44,0.05
11216,54783,1066,1,84.79,0.05
11217,54784,1172,2,9.49,0.10
11218,54784,1198,2,5.23,0.00
11219,54785,1022,2,157.70,0.00
11220,54785,1109,1,248.21,0.00
11221,54786,1183,1,71.20,0.05
11222,54786,1133,3,301.25,0.20
11223,54786,1018,1,250.17,0.10
11224,54787,1047,1,206.27,0.15
11225,54788,1157,1,96.18,0.00
11226,54788,1051,1,12.31,0.00
11227,54789,1117,3,263.79,0.00
11228,54789,1095,1,90.65,0.00
11229,54790,1048,1,26.11,0.10
11230,54791,1060,1,162.00,0.10
11231,54791,1026,1,244.67,0.05
11232,54791,1067,1,229.00,0.00
11233,54791,1143,2,170.89,0.15
11234,54792,1081,1,37.57,0.20
11235,54792,1198,1,4.93,0.20
11236,54792,1182,2,109.69,0.15
11237,54793,1071,2,125.20,0.00
11238,54794,1031,1,607.16,0.00
11239,54794,1096,5,188.43,0.00
11240,54794,1037,1,526.13,0.20
11241,54795,1094,1,392.64,0.10
11242,54795,1169,3,44.48,0.10
11243,54795,1198,1,5.02,0.05
11244,54796,1047,1,196.43,0.05
11245,54796,1075,2,60.55,0.00
11246,54797,1037,2,541.77,0.20
11247,54797,1021,1,444.51,0.20
11248,54798,1094,1,395.76,0.05
11249,54798,1199,1,81.14,0.15
11250,54798,1042,1,150.48,0.10
11251,54798,1026,1,237.19,0.00
11252,54799,1111,4,448.24,0.00
11253,54799,1041,5,148.13,0.20
11254,54800,1157,3,91.90,0.15
11255,54800,1082,1,108.05,0.10
11256,54801,1135,1,223.06,0.05
11257,54802,1172,2,9.47,0.25
11258,54803,1171,1,144.80,0.00
11259,54803,1031,2,594.95,0.00
11260,54803,1062,1,190.88,0.00
11261,54803,1148,1,261.64,0.00
11262,54804,1119,1,415.03,0.00
11263,54804,1014,2,76.14,0.25
11264,54805,1094,2,374.36,0.10
11265,54806,1147,1,235.56,0.00
11266,54807,1100,2,441.68,0.00
11267,54807,1081,1,35.71,0.10
11268,54808,1166,1,149.48,0.00
11269,54809,1030,1,114.32,0.10
11270,54809,1075,1,58.09,0.05
11271,54810,1161,3,158.23,0.05
11272,54810,1152,3,304.34,0.00
11273,54811,1006,2,155.17,0.00
11274,54812,1150,5,35.75,0.25
11275,54812,1175,2,117.22,0.00
11276,54813,1187,2,129.86,0.10
11277,54814,1077,1,115.03,0.15
11278,54814,1131,3,305.75,0.15
11279,54814,1142,3,233.20,0.05
11280,54815,1106,1,121.04,0.15
11281,54815,1156,1,315.50,0.00
11282,54815,1014,1,80.46,0.15
11283,54816,1053,2,75.44,0.00
11284,54816,1113,1,31.07,0.05
11285,54816,1128,1,348.29,0.15
11286,54817,1066,1,81.31,0.00
11287,54817,1101,1,427.64,0.10
11288,54817,1017,3,342.32,0.00
11289,54817,1075,1,55.96,0.00
11290,54818,1028,1,388.50,0.00
11291,54819,1067,1,217.76,0.15
11292,54819,1047,1,197.01,0.05
11293,54819,1022,1,161.11,0.15
11294,54820,1125,2,235.12,0.25
11295,54821,1045,1,30.78,0.10
11296,54821,1143,1,181.78,0.00
11297,54822,1136,2,280.66,0.15
11298,54822,1067,2,228.90,0.10
11299,54822,1081,2,36.93,0.05
11300,54822,1023,1,69.20,0.15
11301,54823,1008,2,398.61,0.15
11302,54824,1060,3,150.34,0.25
11303,54824,1113,1,31.09,0.05
11304,54825,1167,1,148.09,0.10
11305,54825,1089,5,47.26,0.00
11306,54825,1138,1,57.38,0.05
11307,54826,1134,4,209.59,0.10
11308,54826,1030,4,122.75,0.00
11309,54827,1109,2,251.27,0.15
11310,54827,1118,1,107.23,0.00
11311,54827,1125,2,230.62,0.05
11312,54828,1130,1,100.04,0.05
11313,54828,1194,1,27.85,0.00
11314,54828,1102,4,382.84,0.10
11315,54829,1156,2,307.73,0.20
11316,54829,1133,1,298.94,0.05
11317,54830,1200,2,119.53,0.00
11318,54830,1032,2,334.06,0.00
11319,54831,1084,2,106.93,0.00
11320,54832,1046,2,35.65,0.00
11321,54832,1085,1,98.29,0.00
11322,54833,1138,1,54.58,0.10
11323,54833,1145,2,155.10,0.00
11324,54833,1009,1,148.55,0.20
11325,54834,1185,5,5.50,0.00
11326,54835,1160,1,63.86,0.25
11327,54835,1068,3,31.28,0.00
11328,54836,1197,2,58.42,0.05
11329,54836,1110,2,72.10,0.00
11330,54837,1042,2,154.88,0.00
11331,54838,1184,2,49.96,0.20
11332,54838,1188,1,69.73,0.00
11333,54839,1192,3,59.81,0.20
11334,54839,1121,1,146.59,0.15
11335,54840,1064,1,14.62,0.10
11336,54840,1169,1,42.94,0.00
11337,54841,1176,2,181.51,0.10
11338,54841,1065,2,223.96,0.00
11339,54842,1121,1,150.53,0.00
11340,54842,1092,2,432.01,0.20
11341,54843,1200,3,121.05,0.00
11342,54843,1143,4,180.39,0.10
11343,54843,1020,1,522.93,0.20
11344,54843,1003,1,439.39,0.15
11345,54844,1035,3,209.13,0.00
11346,54844,1159,1,145.37,0.00
11347,54845,1133,4,293.17,0.20
11348,54845,1121,2,151.75,0.10
11349,54845,1187,5,135.63,0.15
11350,54846,1155,4,283.68,0.00
11351,54846,1055,1,115.37,0.20
11352,54846,1022,2,158.15,0.10
11353,54846,1119,3,398.92,0.10
11354,54847,1027,4,174.06,0.00
11355,54847,1080,1,64.64,0.20
11356,54848,1011,2,469.55,0.00
11357,54848,1075,2,56.58,0.10
11358,54848,1172,1,8.95,0.15
11359,54849,1197,4,57.81,0.10
11360,54850,1061,1,191.63,0.00
11361,54850,1063,1,10.41,0.00
11362,54851,1119,1,404.63,0.00
11363,54851,1153,4,61.09,0.00
11364,54852,1121,1,149.33,0.05
11365,54852,1062,1,199.55,0.00
11366,54852,1098,3,200.67,0.00
11367,54852,1094,1,392.45,0.15
11368,54852,1049,2,241.11,0.15
11369,54853,1029,1,121.83,0.05
11370,54854,1056,1,223.71,0.00
11371,54854,1038,2,405.57,0.00
11372,54854,1146,3,11.61,0.00
11373,54854,1169,1,44.28,0.25
11374,54854,1143,1,172.77,0.00
11375,54855,1015,2,495.79,0.00
11376,54856,1182,1,107.46,0.25
11377,54857,1107,1,213.36,0.25
11378,54857,1065,1,219.58,0.00
11379,54857,1045,1,32.27,0.10
11380,54858,1069,2,25.95,0.10
11381,54859,1192,3,58.55,0.10
11382,54859,1104,1,185.08,0.05
11383,54859,1080,1,65.13,0.00
11384,54859,1114,2,233.80,0.15
11385,54860,1174,1,168.56,0.10
11386,54860,1135,5,236.00,0.10
11387,54860,1067,1,227.67,0.05
11388,54861,1007,2,39.96,0.10
11389,54861,1193,1,77.43,0.00
11390,54861,1116,1,39.82,0.10
11391,54861,1125,3,236.55,0.10
11392,54862,1175,1,119.98,0.05
11393,54862,1001,1,381.74,0.15
11394,54862,1178,1,171.05,0.00
11395,54863,1051,1,13.13,0.25
11396,54863,1148,1,272.02,0.00
11397,54863,1005,1,274.90,0.15
11398,54864,1116,3,39.71,0.00
11399,54865,1155,1,275.45,0.00
11400,54865,1158,4,264.89,0.05
11401,54865,1172,1,9.21,0.25
11402,54866,1133,1,302.68,0.10
11403,54867,1046,1,36.11,0.25
11404,54867,1111,1,445.77,0.05
11405,54868,1036,1,143.44,0.15
11406,54868,1129,3,34.07,0.05
11407,54869,1085,1,100.18,0.05
11408,54869,1090,1,194.00,0.20
11409,54869,1100,2,467.49,0.05
11410,54870,1086,2,423.27,0.05
11411,54870,1113,2,31.09,0.20
11412,54871,1133,1,282.75,0.05
11413,54871,1026,2,242.96,0.05
11414,54872,1043,2,108.96,0.05
11415,54872,1013,2,565.51,0.15
11416,54873,1019,1,514.87,0.00
11417,54873,1096,1,187.05,0.00
11418,54873,1194,1,28.17,0.05
11419,54874,1171,1,139.68,0.05
11420,54874,1013,2,575.45,0.00
11421,54874,1050,2,245.88,0.15
11422,54874,1096,1,200.21,0.00
11423,54875,1093,2,184.27,0.00
11424,54876,1071,1,120.93,0.10
11425,54876,1117,1,261.77,0.05
11426,54876,1069,1,27.49,0.00
11427,54877,1141,1,248.72,0.00
11428,54878,1067,1,221.57,0.05
11429,54879,1006,3,145.68,0.00
11430,54879,1079,1,93.89,0.00
11431,54880,1062,1,202.86,0.00
11432,54880,1123,3,79.43,0.10
11433,54881,1023,1,70.47,0.00
11434,54881,1079,2,92.47,0.10
11435,54882,1174,2,172.13,0.00
11436,54882,1004,5,549.47,0.05
11437,54883,1014,1,76.61,0.20
11438,54883,1025,1,397.99,0.15
11439,54884,1076,2,247.57,0.10
11440,54885,1135,2,231.20,0.00
11441,54886,1186,1,98.78,0.00
11442,54886,1154,4,119.21,0.05
11443,54887,1066,1,85.48,0.15
11444,54887,1135,1,237.06,0.00
11445,54887,1055,1,118.83,0.00
11446,54888,1054,2,36.30,0.10
11447,54888,1143,1,175.44,0.05
11448,54888,1166,1,145.24,0.05
11449,54889,1183,1,70.41,0.00
11450,54889,1014,4,77.49,0.15
11451,54890,1152,1,294.12,0.15
11452,54890,1190,2,58.11,0.00
11453,54891,1009,2,155.71,0.05
11454,54891,1047,1,192.56,0.00
11455,54891,1060,1,160.56,0.00
11456,54892,1021,1,415.28,0.20
11457,54892,1033,2,503.23,0.10
11458,54893,1069,1,25.95,0.00
11459,54893,1045,2,31.75,0.20
11460,54893,1096,1,186.63,0.25
11461,54894,1005,1,263.49,0.15
11462,54894,1071,2,128.74,0.00
11463,54895,1107,1,202.19,0.05
11464,54895,1072,5,73.86,0.15
11465,54895,1104,1,187.47,0.10
11466,54896,1094,1,391.13,0.15
11467,54897,1020,1,502.66,0.05
11468,54898,1170,1,83.96,0.05
11469,54898,1100,2,460.13,0.15
11470,54898,1019,3,506.57,0.20
11471,54898,1026,2,245.80,0.25
11472,54898,1027,1,183.42,0.25
11473,54899,1135,2,226.32,0.05
11474,54899,1032,4,350.48,0.00
11475,54900,1065,1,229.43,0.20
11476,54901,1114,2,235.70,0.00
11477,54902,1148,3,259.72,0.05
11478,54903,1199,2,78.16,0.05
11479,54904,1044,2,251.22,0.00
11480,54904,1105,1,169.54,0.20
11481,54904,1145,4,152.16,0.00
11482,54905,1147,1,226.56,0.10
11483,54905,1013,1,560.69,0.00
11484,54906,1048,1,24.50,0.05
11485,54906,1200,1,124.22,0.20
11486,54906,1190,2,57.71,0.15
11487,54907,1097,1,115.78,0.25
11488,54907,1124,2,93.28,0.05
11489,54908,1034,1,153.58,0.10
11490,54908,1130,1,96.85,0.25
11491,54909,1163,1,9.62,0.05
11492,54909,1133,3,300.49,0.05
11493,54909,1132,1,133.42,0.00
11494,54910,1075,2,59.55,0.05
11495,54911,1005,2,259.38,0.10
11496,54912,1153,1,59.72,0.00
11497,54912,1050,1,240.33,0.00
11498,54912,1038,5,395.31,0.10
11499,54912,1120,1,273.69,0.10
11500,54913,1161,1,157.10,0.00
11501,54913,1091,1,322.25,0.00
11502,54913,1012,1,227.24,0.15
11503,54914,1174,2,172.85,0.00
11504,54915,1039,1,553.90,0.10
11505,54916,1171,2,145.45,0.00
11506,54916,1178,3,171.45,0.00
11507,54916,1165,3,145.93,0.00
11508,54916,1049,1,241.65,0.10
11509,54917,1153,2,62.08,0.00
11510,54918,1145,2,158.21,0.00
11511,54918,1184,1,50.13,0.05
11512,54919,1144,2,303.26,0.20
11513,54919,1076,1,240.70,0.00
11514,54919,1156,3,317.60,0.15
11515,54919,1127,1,34.35,0.00
11516,54919,1170,1,84.43,0.05
11517,54920,1009,1,152.13,0.15
11518,54921,1039,1,558.83,0.00
11519,54922,1079,1,91.69,0.05
11520,54922,1170,1,84.97,0.10
11521,54922,1009,4,151.07,0.10
11522,54923,1114,1,223.28,0.05
11523,54923,1192,1,61.02,0.00
11524,54923,1176,1,177.62,0.05
11525,54924,1175,1,120.87,0.05
11526,54924,1099,1,249.83,0.00
11527,54924,1132,2,139.67,0.00
11528,54925,1172,3,9.17,0.10
11529,54925,1058,1,221.42,0.20
11530,54926,1113,2,31.28,0.10
11531,54926,1167,1,137.71,0.15
11532,54926,1137,1,232.90,0.25
11533,54927,1101,1,426.76,0.20
11534,54927,1071,5,123.63,0.15
11535,54928,1037,1,536.42,0.00
11536,54928,1125,1,233.41,0.05
11537,54928,1118,1,112.07,0.20
11538,54928,1188,1,66.41,0.00
11539,54928,1115,2,76.32,0.10
11540,54929,1184,1,48.07,0.05
11541,54930,1160,1,63.50,0.10
11542,54931,1123,4,81.01,0.05
11543,54931,1005,3,277.68,0.20
11544,54931,1069,1,26.18,0.20
11545,54932,1050,1,245.23,0.05
11546,54932,1008,4,398.62,0.00
11547,54932,1194,1,27.13,0.00
11548,54932,1134,3,212.78,0.05
11549,54933,1021,1,432.26,0.25
11550,54934,1186,2,102.76,0.00
11551,54934,1119,1,391.20,0.00
11552,54934,1122,1,189.13,0.05
11553,54934,1050,1,241.08,0.05
11554,54935,1125,1,233.97,0.00
11555,54935,1098,1,209.51,0.05
11556,54936,1188,2,68.38,0.25
11557,54937,1059,1,83.61,0.05
11558,54937,1165,1,150.72,0.00
11559,54937,1064,2,15.05,0.00
11560,54937,1134,2,224.57,0.05
11561,54937,1049,1,245.71,0.05
11562,54938,1016,1,482.34,0.15
11563,54938,1092,3,428.45,0.00
11564,54939,1047,1,196.16,0.05
11565,54939,1163,2,9.21,0.20
11566,54939,1169,2,43.82,0.00
11567,54940,1027,2,178.16,0.10
11568,54940,1192,1,59.71,0.00
11569,54941,1190,2,59.79,0.00
11570,54942,1131,2,317.66,0.00
11571,54942,1046,1,35.69,0.20
11572,54942,1053,1,75.42,0.00
11573,54943,1156,1,323.88,0.15
11574,54943,1004,1,547.90,0.10
11575,54944,1182,1,111.82,0.05
11576,54945,1142,3,233.19,0.15
11577,54945,1155,3,280.89,0.00
11578,54946,1183,1,75.09,0.05
11579,54947,1044,1,241.35,0.10
11580,54947,1186,3,98.85,0.05
11581,54947,1115,1,76.35,0.00
11582,54948,1078,1,38.49,0.00
11583,54949,1131,2,311.33,0.10
11584,54949,1050,1,246.08,0.05
11585,54949,1135,1,225.58,0.00
11586,54950,1128,5,344.30,0.00
11587,54950,1052,1,173.29,0.00
11588,54950,1032,4,350.76,0.20
11589,54951,1129,1,34.98,0.20
11590,54952,1173,1,63.94,0.00
11591,54952,1052,1,174.91,0.00
11592,54953,1013,1,561.94,0.15
11593,54954,1048,2,25.12,0.00
11594,54954,1014,1,75.84,0.10
11595,54955,1013,2,559.79,0.10
11596,54955,1144,2,300.90,0.00
11597,54956,1091,1,340.82,0.00
11598,54956,1096,2,196.48,0.00
11599,54957,1137,3,240.88,0.20
11600,54957,1182,2,111.55,0.15
11601,54957,1160,3,60.74,0.25
11602,54958,1063,3,10.39,0.00
11603,54959,1097,2,119.67,0.05
11604,54959,1031,3,584.18,0.15
11605,54960,1066,4,81.36,0.00
11606,54960,1010,4,505.50,0.00
11607,54960,1118,1,105.32,0.20
11608,54960,1166,1,141.30,0.15
11609,54961,1052,2,175.77,0.05
11610,54962,1063,2,10.30,0.00
11611,54962,1196,1,158.56,0.00
11612,54963,1125,2,237.17,0.00
11613,54964,1027,2,171.69,0.15
11614,54964,1177,1,166.08,0.00
11615,54965,1043,1,104.93,0.20
11616,54966,1169,3,45.42,0.05
11617,54967,1141,1,246.33,0.20
11618,54967,1171,1,144.39,0.00
11619,54968,1172,3,9.01,0.10
11620,54968,1020,2,513.37,0.00
11621,54969,1163,1,9.62,0.00
11622,54969,1156,2,311.10,0.00
11623,54969,1043,1,102.17,0.05
11624,54970,1055,2,123.51,0.10
11625,54971,1079,1,89.04,0.10
11626,54971,1076,2,256.35,0.05
11627,54971,1104,1,184.45,0.00
11628,54971,1033,2,520.95,0.10
11629,54971,1121,2,154.83,0.00
11630,54972,1062,3,197.83,0.00
11631,54972,1070,1,187.70,0.00
11632,54972,1052,1,172.01,0.00
11633,54972,1057,1,133.25,0.20
11634,54973,1151,1,313.69,0.05
11635,54973,1116,1,39.24,0.00
11636,54974,1198,2,5.04,0.05
11637,54974,1175,4,116.36,0.00
11638,54975,1125,1,238.65,0.20
11639,54976,1185,1,5.28,0.00
11640,54977,1184,3,48.77,0.00
11641,54977,1083,1,388.21,0.00
11642,54977,1200,1,116.70,0.05
11643,54978,1132,1,137.44,0.10
11644,54979,1100,1,463.39,0.15
11645,54980,1136,3,289.98,0.05
11646,54981,1032,5,353.74,0.15
11647,54981,1144,1,297.15,0.00
11648,54982,1084,1,112.30,0.10
11649,54982,1065,1,215.48,0.00
11650,54983,1177,3,168.37,0.00
11651,54983,1014,1,78.63,0.00
11652,54983,1082,1,103.05,0.05
11653,54983,1165,1,148.23,0.00
11654,54984,1156,4,303.07,0.10
11655,54984,1015,1,522.61,0.25
11656,54985,1119,1,408.23,0.00
11657,54985,1059,2,79.44,0.15
11658,54986,1089,1,47.45,0.15
11659,54987,1129,1,35.66,0.10
11660,54987,1016,1,469.95,0.10
11661,54987,1199,1,79.77,0.00
11662,54988,1140,1,103.21,0.00
11663,54989,1087,1,223.25,0.15
11664,54989,1047,1,193.02,0.20
11665,54990,1131,1,303.62,0.00
11666,54990,1175,1,115.26,0.00
11667,54990,1003,1,455.39,0.25
11668,54990,1066,1,85.64,0.05
11669,54991,1176,2,178.87,0.05
11670,54992,1157,2,93.76,0.20
11671,54992,1076,3,240.91,0.00
11672,54992,1063,1,10.48,0.10
11673,54992,1084,1,111.90,0.25
11674,54992,1101,1,438.35,0.10
11675,54993,1123,1,80.30,0.00
11676,54993,1113,2,30.01,0.00
11677,54994,1054,1,36.04,0.00
11678,54994,1063,1,10.50,0.25
11679,54995,1170,1,86.11,0.20
11680,54995,1028,1,386.75,0.05
11681,54995,1186,1,96.94,0.00
11682,54995,1043,3,104.96,0.15
11683,54996,1051,2,12.39,0.00
11684,54996,1011,1,489.86,0.20
11685,54997,1083,2,400.60,0.10
11686,54997,1016,1,506.94,0.05
11687,54998,1004,1,543.81,0.00
11688,54998,1075,1,57.62,0.05
11689,54998,1126,1,115.93,0.20
11690,54999,1008,1,396.93,0.20
11691,55000,1082,1,106.81,0.00
11692,55001,1016,2,495.94,0.25
11693,55001,1099,2,254.24,0.20
11694,55002,1070,1,194.41,0.20
11695,55003,1079,5,94.11,0.10
11696,55003,1047,1,203.06,0.10
11697,55003,1083,1,396.65,0.15
11698,55003,1164,1,61.24,0.00
11699,55004,1180,2,23.70,0.20
11700,55004,1106,1,124.93,0.05
11701,55005,1059,5,82.84,0.25
11702,55005,1191,1,130.85,0.00
11703,55005,1022,2,158.23,0.20
11704,55006,1117,2,265.50,0.15
11705,55006,1059,1,84.69,0.25
11706,55006,1056,2,214.93,0.10
11707,55006,1161,1,161.62,0.00
11708,55006,1136,1,284.73,0.00
11709,55007,1181,1,135.94,0.20
11710,55007,1082,3,110.75,0.15
11711,55008,1061,1,196.96,0.00
11712,55008,1169,5,44.27,0.00
11713,55008,1129,2,34.48,0.05
11714,55009,1043,1,106.87,0.15
11715,55009,1040,2,174.07,0.00
11716,55009,1045,3,31.65,0.00
11717,55009,1187,1,138.02,0.15
11718,55009,1147,2,232.16,0.15
11719,55010,1185,1,5.30,0.00
11720,55010,1171,1,139.86,0.10
11721,55011,1113,1,30.79,0.00
11722,55011,1048,1,24.30,0.05
11723,55011,1123,1,81.31,0.05
11724,55011,1052,4,171.39,0.00
11725,55012,1149,1,156.96,0.05
11726,55012,1144,2,302.09,0.05
11727,55012,1131,2,309.01,0.10
11728,55012,1088,2,356.85,0.05
11729,55013,1147,1,228.85,0.00
11730,55013,1093,1,178.47,0.15
11731,55013,1146,2,11.03,0.15
11732,55014,1048,1,25.56,0.20
11733,55014,1189,1,118.50,0.00
11734,55014,1064,3,14.23,0.20
11735,55014,1072,3,74.02,0.00
11736,55015,1111,1,452.08,0.00
11737,55015,1186,3,97.26,0.00
11738,55016,1025,3,397.91,0.15
11739,55017,1022,1,153.88,0.25
11740,55017,1173,2,62.98,0.05
11741,55018,1040,3,170.33,0.05
11742,55019,1165,3,148.17,0.00
11743,55020,1113,3,31.40,0.15
11744,55020,1050,2,233.88,0.05
11745,55020,1103,2,223.39,0.10
11746,55021,1100,1,453.56,0.10
11747,55021,1021,1,414.23,0.10
11748,55022,1023,1,68.71,0.15
11749,55022,1135,4,230.24,0.00
11750,55023,1165,1,144.77,0.25
11751,55023,1046,1,35.80,0.00
11752,55024,1084,1,111.37,0.25
11753,55024,1173,2,63.25,0.05
11754,55025,1083,2,375.70,0.05
11755,55025,1005,1,271.28,0.00
11756,55026,1053,2,72.95,0.00
11757,55026,1022,1,154.37,0.10
11758,55026,1193,1,73.29,0.05
11759,55027,1030,1,118.21,0.15
11760,55027,1156,1,319.27,0.15
11761,55027,1197,4,56.04,0.00
11762,55028,1176,1,174.85,0.15
11763,55028,1118,2,113.15,0.00
11764,55028,1040,3,182.25,0.00
11765,55029,1069,1,27.26,0.00
11766,55029,1083,3,399.38,0.05
11767,55029,1175,3,114.09,0.10
11768,55030,1188,2,67.35,0.00
11769,55030,1087,1,221.09,0.00
11770,55031,1140,1,99.20,0.10
11771,55031,1111,2,450.80,0.05
11772,55031,1084,2,110.68,0.00
11773,55031,1157,3,94.16,0.20
11774,55032,1162,1,151.62,0.00
11775,55032,1046,1,36.23,0.00
11776,55033,1179,2,176.77,0.00
11777,55033,1163,1,9.53,0.05
11778,55033,1042,1,156.11,0.20
11779,55034,1058,1,237.76,0.00
11780,55035,1122,1,185.78,0.00
11781,55035,1051,3,12.29,0.15
11782,55036,1145,3,150.33,0.15
11783,55036,1061,1,191.65,0.05
11784,55037,1003,3,436.75,0.20
11785,55037,1162,1,141.79,0.00
11786,55037,1185,1,5.45,0.00
11787,55037,1049,1,255.39,0.10
11788,55038,1076,2,254.92,0.15
11789,55038,1126,1,112.98,0.00
11790,55038,1180,1,24.53,0.00
11791,55038,1019,1,481.89,0.05
11792,55038,1064,3,14.21,0.10
11793,55039,1082,2,110.24,0.05
11794,55040,1036,2,148.57,0.00
11795,55040,1100,1,442.94,0.05
11796,55040,1010,1,484.01,0.15
11797,55041,1051,1,13.22,0.05
11798,55041,1059,1,80.39,0.00
11799,55041,1052,1,171.93,0.00
11800,55041,1006,1,144.87,0.15
11801,55042,1134,2,213.69,0.20
11802,55042,1055,1,118.06,0.20
11803,55042,1086,5,408.45,0.00
11804,55042,1195,1,168.00,0.05
11805,55042,1164,2,61.29,0.00
11806,55043,1116,2,41.94,0.15
11807,55043,1183,2,71.80,0.00
11808,55044,1017,1,345.28,0.25
11809,55045,1078,4,37.86,0.10
11810,55045,1071,1,119.53,0.05
11811,55046,1093,2,191.44,0.00
11812,55046,1070,1,192.70,0.15
11813,55047,1192,2,60.67,0.10
11814,55048,1032,1,342.77,0.00
11815,55048,1062,1,198.74,0.00
11816,55049,1090,2,200.50,0.00
11817,55050,1149,1,153.35,0.00
11818,55050,1164,4,62.57,0.05
11819,55050,1089,2,49.22,0.00
11820,55051,1187,1,135.91,0.15
11821,55051,1059,1,80.87,0.10
11822,55052,1026,1,236.24,0.05
11823,55052,1184,3,48.11,0.25
11824,55052,1121,3,149.75,0.10
11825,55052,1179,1,170.41,0.05
11826,55053,1161,1,159.28,0.00
11827,55054,1141,1,259.97,0.15
11828,55054,1139,3,48.17,0.10
11829,55054,1200,1,120.52,0.00
11830,55054,1185,1,5.37,0.05
11831,55055,1125,2,241.08,0.00
11832,55056,1099,1,250.52,0.05
11833,55056,1042,1,146.26,0.00
11834,55057,1077,5,113.24,0.15
11835,55057,1045,3,32.78,0.05
11836,55058,1148,1,268.93,0.05
11837,55059,1042,1,147.55,0.05
11838,55059,1073,2,108.55,0.15
11839,55059,1182,1,113.14,0.10
11840,55060,1136,4,280.67,0.15
11841,55060,1107,1,205.14,0.05
11842,55061,1044,1,252.01,0.25
11843,55061,1002,2,179.11,0.15
11844,55061,1052,1,174.66,0.00
11845,55062,1090,4,189.22,0.20
11846,55062,1070,1,198.71,0.05
11847,55063,1188,4,70.69,0.00
11848,55064,1010,2,500.02,0.15
11849,55064,1049,1,248.20,0.00
11850,55064,1026,4,246.06,0.10
11851,55065,1119,1,412.93,0.00
11852,55065,1098,2,200.38,0.00
11853,55066,1014,1,76.95,0.00
11854,55066,1123,1,78.67,0.05
11855,55067,1061,2,191.96,0.00
11856,55067,1188,1,67.65,0.10
11857,55067,1139,1,45.67,0.00
11858,55067,1127,1,33.66,0.05
11859,55068,1009,3,150.67,0.15
11860,55068,1190,1,58.96,0.00
11861,55069,1195,1,166.02,0.10
11862,55070,1027,2,179.36,0.20
11863,55070,1184,1,49.00,0.10
11864,55071,1173,2,63.42,0.15
11865,55071,1068,5,30.81,0.15
11866,55071,1142,2,232.01,0.00
11867,55072,1058,1,229.45,0.00
11868,55072,1136,1,289.36,0.25
11869,55072,1085,2,98.03,0.10
11870,55072,1014,1,77.19,0.10
11871,55072,1152,2,300.70,0.00
11872,55073,1164,3,64.80,0.00
11873,55073,1190,5,58.88,0.05
11874,55074,1178,2,180.98,0.00
11875,55075,1073,1,115.69,0.15
11876,55075,1049,1,243.86,0.00
11877,55075,1177,1,166.26,0.20
11878,55076,1091,1,329.25,0.00
11879,55076,1078,5,38.40,0.00
11880,55077,1108,1,436.05,0.10
11881,55077,1084,4,114.71,0.05
11882,55077,1017,2,337.19,0.10
11883,55078,1195,1,172.17,0.15
11884,55078,1068,1,30.04,0.10
11885,55079,1176,2,179.04,0.00
11886,55080,1157,3,96.06,0.20
11887,55080,1039,2,552.96,0.10
11888,55080,1150,4,34.54,0.15
11889,55080,1175,1,114.58,0.00
11890,55080,1188,1,69.59,0.00
11891,55081,1059,2,79.12,0.00
11892,55081,1001,1,386.49,0.10
11893,55081,1063,3,9.87,0.05
11894,55081,1020,2,515.60,0.10
11895,55081,1127,1,33.39,0.25
11896,55082,1050,2,240.83,0.15
11897,55082,1111,1,419.73,0.20
11898,55082,1174,4,176.91,0.05
11899,55082,1102,1,388.87,0.10
11900,55083,1128,1,348.51,0.00
11901,55083,1162,1,151.92,0.25
11902,55083,1146,1,10.86,0.10
11903,55083,1123,1,81.46,0.00
11904,55083,1061,5,193.54,0.05
11905,55084,1068,5,31.27,0.05
11906,55085,1167,3,143.78,0.10
11907,55086,1115,2,74.62,0.00
11908,55087,1048,1,25.55,0.00
11909,55087,1152,2,289.97,0.05
11910,55087,1088,1,363.14,0.00
11911,55087,1102,1,367.57,0.00
11912,55087,1071,1,126.84,0.00
11913,55088,1142,1,223.90,0.15
11914,55089,1079,1,89.13,0.00
11915,55089,1162,1,151.84,0.10
11916,55090,1054,1,35.83,0.10
11917,55091,1129,1,34.95,0.25
11918,55092,1017,1,334.62,0.15
11919,55092,1092,2,454.78,0.15
11920,55092,1036,1,141.99,0.15
11921,55092,1061,1,197.43,0.00
11922,55093,1185,3,5.35,0.10
11923,55094,1059,1,83.84,0.15
11924,55094,1090,1,198.39,0.00
11925,55094,1089,3,46.34,0.10
11926,55095,1007,1,41.66,0.00
11927,55096,1141,1,246.22,0.05
11928,55096,1144,1,297.21,0.15
11929,55096,1096,1,197.92,0.05
11930,55096,1114,5,229.16,0.10
11931,55097,1021,1,413.92,0.25
11932,55098,1019,1,509.78,0.00
11933,55098,1042,1,146.61,0.20
11934,55099,1024,2,82.32,0.15
11935,55100,1058,3,235.01,0.00
11936,55100,1199,3,80.39,0.00
11937,55100,1107,1,205.58,0.00
11938,55100,1185,1,5.42,0.05
11939,55101,1041,1,142.92,0.20
11940,55101,1169,1,43.86,0.25
11941,55101,1160,1,62.70,0.00
11942,55102,1014,1,78.58,0.20
11943,55102,1052,2,172.63,0.00
11944,55103,1086,2,406.61,0.05
11945,55103,1123,1,78.98,0.00
11946,55104,1111,1,424.10,0.25
11947,55105,1199,2,81.32,0.00
11948,55106,1059,1,80.68,0.25
11949,55107,1124,2,88.25,0.05
11950,55107,1013,1,584.11,0.00
11951,55108,1093,2,178.92,0.05
11952,55108,1199,1,78.56,0.00
11953,55108,1058,1,226.71,0.00
11954,55108,1007,1,41.79,0.15
11955,55109,1089,1,47.40,0.15
11956,55109,1082,1,105.30,0.15
11957,55110,1155,4,272.34,0.00
11958,55110,1178,1,172.44,0.15
11959,55110,1059,1,84.49,0.05
11960,55111,1068,1,29.99,0.20
11961,55112,1133,1,288.68,0.05
11962,55112,1050,2,241.94,0.00
11963,55113,1161,2,157.01,0.25
11964,55114,1112,2,254.06,0.10
11965,55114,1051,2,13.02,0.00
11966,55115,1191,1,129.49,0.10
11967,55116,1079,1,93.71,0.00
11968,55116,1063,4,9.95,0.20
11969,55117,1194,2,26.22,0.00
11970,55118,1146,1,10.81,0.00
11971,55118,1074,1,138.90,0.10
11972,55119,1200,2,116.32,0.00
11973,55119,1029,1,124.71,0.00
11974,55119,1081,5,36.71,0.15
11975,55119,1033,1,490.45,0.00
11976,55120,1135,2,236.66,0.05
11977,55120,1114,1,236.20,0.05
11978,55120,1076,3,241.82,0.05
11979,55121,1155,2,286.46,0.05
11980,55121,1143,1,179.83,0.00
11981,55121,1041,1,146.17,0.05
11982,55122,1190,1,58.82,0.00
11983,55122,1128,3,349.24,0.00
11984,55123,1031,1,613.35,0.25
11985,55123,1162,1,144.56,0.25
11986,55123,1161,3,159.71,0.00
11987,55123,1126,1,115.95,0.05
11988,55124,1164,2,64.42,0.00
11989,55124,1003,1,445.52,0.05
11990,55125,1033,1,494.64,0.10
11991,55125,1078,1,40.08,0.15
11992,55126,1033,1,518.87,0.10
11993,55127,1010,1,505.95,0.15
11994,55128,1030,2,120.74,0.10
11995,55129,1094,1,398.71,0.20
11996,55130,1129,1,36.02,0.00
11997,55131,1093,1,191.17,0.15
11998,55131,1083,2,400.09,0.00
11999,55131,1014,4,78.42,0.20
12000,55131,1168,1,154.26,0.00
12001,55132,1085,3,99.67,0.10
12002,55133,1156,1,314.05,0.00
12003,55134,1030,1,115.05,0.00
12004,55135,1153,1,61.88,0.00
12005,55135,1154,2,111.84,0.10
12006,55136,1103,2,220.75,0.05
12007,55136,1012,5,228.80,0.15
12008,55136,1089,1,49.68,0.10
12009,55136,1108,3,448.20,0.15
12010,55137,1148,2,260.91,0.15
12011,55137,1065,1,224.73,0.20
12012,55137,1175,1,114.97,0.00
12013,55138,1185,2,5.50,0.05
12014,55138,1129,2,35.43,0.00
12015,55138,1064,3,15.05,0.25
12016,55139,1075,2,60.34,0.15
12017,55139,1017,2,322.59,0.00
12018,55139,1184,2,50.77,0.20
12019,55140,1051,1,12.67,0.05
12020,55140,1132,1,138.30,0.05
12021,55140,1102,2,368.20,0.00
12022,55140,1197,1,59.36,0.10
12023,55141,1106,4,122.00,0.00
12024,55141,1088,1,377.70,0.00
12025,55142,1119,5,408.86,0.10
12026,55142,1081,2,37.26,0.00
12027,55143,1045,1,30.74,0.05
12028,55143,1195,1,166.91,0.10
12029,55144,1027,2,183.18,0.10
12030,55144,1048,2,24.97,0.20
12031,55144,1054,1,36.47,0.05
12032,55145,1166,3,150.13,0.05
12033,55145,1036,1,150.44,0.05
12034,55146,1134,2,217.56,0.15
12035,55147,1019,1,489.50,0.05
12036,55147,1094,1,375.35,0.20
12037,55148,1101,2,422.67,0.05
12038,55149,1193,2,74.99,0.25
12039,55149,1165,2,144.53,0.25
12040,55150,1064,1,14.86,0.05
12041,55151,1045,1,31.05,0.15
12042,55151,1020,3,518.87,0.00
12043,55152,1164,1,61.60,0.10
12044,55153,1146,2,11.33,0.00
12045,55153,1120,1,275.06,0.00
12046,55153,1091,1,339.87,0.25
12047,55154,1074,3,136.39,0.00
12048,55154,1041,4,149.09,0.10
12049,55155,1054,1,35.55,0.00
12050,55155,1170,3,82.41,0.05
12051,55156,1105,3,174.50,0.00
12052,55156,1147,1,225.90,0.25
12053,55157,1199,2,80.77,0.00
12054,55157,1020,1,533.08,0.15
12055,55157,1077,1,114.57,0.05
12056,55157,1102,1,370.01,0.00
12057,55157,1089,1,46.82,0.00
12058,55158,1109,1,260.79,0.05
12059,55158,1174,2,171.44,0.10
12060,55158,1011,2,494.10,0.15
12061,55159,1071,2,123.88,0.00
12062,55159,1002,4,185.52,0.05
12063,55160,1027,3,174.01,0.05
12064,55161,1041,1,142.21,0.05
12065,55161,1105,2,169.04,0.00
12066,55161,1021,2,418.03,0.25
12067,55161,1033,1,501.26,0.25
12068,55162,1055,1,116.19,0.00
12069,55162,1003,1,434.76,0.05
12070,55162,1037,1,522.77,0.15
12071,55163,1028,1,404.51,0.00
12072,55163,1195,5,172.46,0.00
12073,55164,1170,4,82.54,0.05
12074,55165,1047,1,193.63,0.05
12075,55165,1024,1,79.88,0.00
12076,55166,1010,2,473.54,0.20
12077,55167,1165,2,142.83,0.05
12078,55168,1066,1,83.72,0.00
12079,55169,1017,1,328.86,0.00
12080,55169,1028,1,386.14,0.25
12081,55170,1187,1,132.32,0.10
12082,55171,1076,1,253.19,0.10
12083,55171,1164,2,63.89,0.00
12084,55171,1188,1,71.07,0.00
12085,55171,1069,1,27.11,0.00
12086,55171,1130,1,99.78,0.05
12087,55172,1143,3,172.08,0.20
12088,55172,1027,1,173.01,0.05
12089,55173,1023,3,72.50,0.15
12090,55173,1162,1,141.84,0.00
12091,55174,1025,2,382.40,0.00
12092,55175,1118,1,110.26,0.05
12093,55175,1110,3,75.17,0.00
12094,55176,1121,1,146.90,0.00
12095,55177,1011,1,494.62,0.10
12096,55177,1102,2,390.02,0.20
12097,55178,1092,1,448.63,0.00
12098,55178,1066,2,85.37,0.05
12099,55179,1135,1,237.84,0.15
12100,55179,1173,4,61.51,0.00
12101,55179,1039,5,541.52,0.00
12102,55180,1020,1,500.26,0.25
12103,55180,1083,5,385.74,0.00
12104,55180,1095,1,88.53,0.05
12105,55180,1175,1,116.91,0.00
12106,55180,1096,2,199.78,0.00
12107,55181,1183,1,71.39,0.00
12108,55181,1112,3,250.36,0.05
12109,55182,1153,4,61.19,0.20
12110,55182,1197,3,57.49,0.15
12111,55183,1039,1,538.52,0.00
12112,55183,1061,1,194.39,0.00
12113,55183,1199,1,80.98,0.00
12114,55183,1092,1,427.44,0.15
12115,55184,1129,2,35.07,0.00
12116,55185,1106,1,127.53,0.05
12117,55185,1062,1,191.96,0.00
12118,55186,1149,1,150.00,0.00
12119,55186,1011,3,482.96,0.00
12120,55187,1175,1,115.34,0.00
12121,55188,1188,1,68.34,0.00
12122,55189,1122,1,194.28,0.20
12123,55190,1186,3,95.46,0.00
12124,55190,1128,5,336.50,0.20
12125,55190,1149,2,157.37,0.10
12126,55191,1074,1,141.17,0.10
12127,55192,1137,1,238.58,0.00
12128,55192,1113,3,29.68,0.05
12129,55193,1068,3,31.75,0.00
12130,55193,1022,3,162.07,0.05
12131,55194,1060,1,162.22,0.15
12132,55195,1174,1,171.83,0.00
12133,55195,1158,4,270.47,0.10
12134,55195,1008,3,397.64,0.05
12135,55195,1037,2,523.44,0.05
12136,55195,1015,1,510.17,0.00
12137,55196,1150,1,35.14,0.10
12138,55197,1007,2,40.14,0.00
12139,55197,1076,1,252.75,0.15
12140,55197,1038,1,412.07,0.10
12141,55197,1091,1,328.58,0.00
12142,55198,1008,1,414.12,0.05
12143,55198,1022,3,152.13,0.00
12144,55198,1133,1,305.00,0.00
12145,55199,1041,2,150.47,0.00
12146,55199,1077,1,119.47,0.10
12147,55199,1132,1,134.99,0.00
12148,55200,1024,2,79.96,0.00
12149,55201,1042,1,147.30,0.15
12150,55201,1150,1,36.25,0.00
12151,55201,1002,1,185.91,0.25
12152,55201,1027,1,171.98,0.15
12153,55202,1198,1,4.93,0.20
12154,55202,1179,1,167.65,0.10
12155,55202,1100,3,442.11,0.00
12156,55203,1112,4,252.91,0.10
12157,55203,1052,1,176.73,0.00
12158,55203,1091,2,329.97,0.00
12159,55204,1081,4,35.36,0.05
12160,55204,1096,2,189.73,0.05
12161,55205,1136,5,284.20,0.00
12162,55205,1003,3,456.77,0.25
12163,55206,1140,1,99.47,0.15
12164,55206,1027,1,171.58,0.25
12165,55207,1015,1,523.27,0.20
12166,55207,1124,1,91.75,0.00
12167,55207,1019,1,513.08,0.25
12168,55208,1040,1,184.01,0.00
12169,55208,1194,1,26.79,0.05
12170,55209,1016,1,490.14,0.10
12171,55210,1081,4,38.02,0.05
12172,55210,1037,1,528.42,0.25
12173,55210,1077,1,115.51,0.20
12174,55211,1091,1,337.90,0.10
12175,55211,1119,2,394.02,0.00
12176,55211,1092,1,451.65,0.00
12177,55212,1048,1,24.84,0.20
12178,55212,1091,1,335.90,0.00
12179,55212,1022,2,157.83,0.05
12180,55212,1076,2,251.28,0.15
12181,55212,1104,1,184.03,0.00
12182,55213,1155,3,278.57,0.00
12183,55213,1076,1,241.41,0.00
12184,55213,1057,1,127.07,0.10
12185,55214,1063,2,10.17,0.05
12186,55214,1193,1,74.84,0.00
12187,55215,1070,4,186.67,0.10
12188,55215,1041,3,149.10,0.05
12189,55216,1065,1,224.32,0.25
12190,55216,1045,2,31.27,0.10
12191,55217,1021,1,414.25,0.15
12192,55217,1043,1,104.35,0.05
12193,55218,1042,2,146.78,0.25
12194,55219,1185,1,5.28,0.15
12195,55219,1166,1,150.80,0.00
12196,55219,1033,1,489.53,0.00
12197,55220,1079,2,92.27,0.00
12198,55221,1035,1,210.70,0.20
12199,55221,1177,2,174.63,0.00
12200,55221,1175,1,114.51,0.15
12201,55221,1124,1,92.06,0.05
12202,55221,1007,1,40.44,0.15
12203,55222,1019,3,518.58,0.20
12204,55223,1113,1,30.17,0.05
12205,55224,1058,3,220.14,0.05
12206,55224,1198,1,5.15,0.00
12207,55224,1054,2,37.42,0.00
12208,55224,1127,1,33.70,0.15
12209,55224,1138,1,54.83,0.15
12210,55225,1078,1,37.68,0.00
12211,55226,1100,5,463.24,0.00
12212,55226,1145,1,155.67,0.10
12213,55227,1157,1,97.89,0.00
12214,55227,1198,1,5.24,0.15
12215,55228,1098,2,197.56,0.00
12216,55228,1185,3,5.19,0.00
12217,55229,1077,1,116.14,0.10
12218,55229,1098,1,198.04,0.25
12219,55229,1099,3,250.94,0.00
12220,55230,1043,3,107.71,0.05
12221,55230,1005,1,270.95,0.00
12222,55231,1088,1,358.61,0.25
12223,55231,1043,2,102.27,0.00
12224,55231,1122,1,184.41,0.25
12225,55232,1013,1,553.38,0.00
12226,55232,1001,4,393.15,0.00
12227,55233,1138,2,55.75,0.10
12228,55234,1197,1,59.32,0.05
12229,55235,1023,2,70.07,0.15
12230,55235,1093,5,181.57,0.20
12231,55235,1121,1,155.75,0.20
12232,55236,1170,2,84.27,0.00
12233,55236,1200,1,116.60,0.05
12234,55236,1126,1,120.75,0.00
12235,55237,1032,1,348.91,0.05
12236,55237,1090,1,198.99,0.00
12237,55238,1118,2,109.67,0.00
12238,55239,1134,1,211.10,0.00
12239,55239,1135,2,223.13,0.15
12240,55240,1010,1,490.01,0.00
12241,55240,1012,3,226.46,0.15
12242,55241,1067,1,222.42,0.00
12243,55241,1062,1,199.93,0.25
12244,55241,1119,1,411.60,0.05
12245,55242,1188,1,69.86,0.00
12246,55242,1177,1,173.12,0.00
12247,55242,1153,3,58.15,0.10
12248,55242,1068,2,30.28,0.05
12249,55243,1164,1,65.26,0.00
12250,55244,1110,1,75.95,0.00
12251,55244,1011,1,489.24,0.15
12252,55245,1032,2,347.62,0.20
12253,55245,1144,1,291.26,0.10
12254,55246,1026,1,230.40,0.10
12255,55246,1170,3,88.94,0.10
12256,55246,1031,3,617.73,0.15
12257,55246,1054,1,35.59,0.00
12258,55247,1124,2,93.44,0.00
12259,55248,1087,1,210.67,0.05
12260,55249,1117,2,260.68,0.05
12261,55249,1100,2,447.21,0.00
12262,55249,1166,2,142.00,0.00
12263,55249,1049,1,252.02,0.00
12264,55249,1018,1,241.49,0.05
12265,55250,1046,2,36.46,0.25
12266,55250,1110,1,72.50,0.05
12267,55250,1008,2,391.92,0.10
12268,55250,1022,4,150.55,0.00
12269,55251,1012,1,221.13,0.20
12270,55251,1081,1,36.22,0.25
12271,55252,1104,2,179.44,0.00
12272,55253,1050,1,236.38,0.10
12273,55253,1125,1,243.33,0.05
12274,55253,1065,1,212.61,0.20
12275,55254,1105,1,177.04,0.15
12276,55254,1129,1,33.77,0.00
12277,55255,1137,2,236.39,0.20
12278,55255,1105,1,175.07,0.25
12279,55256,1184,3,51.24,0.00
12280,55256,1106,1,122.05,0.05
12281,55256,1126,1,114.82,0.00
12282,55257,1019,1,516.86,0.05
12283,55257,1146,3,11.16,0.10
12284,55258,1062,2,191.25,0.15
12285,55258,1186,1,102.58,0.00
12286,55258,1016,1,488.53,0.20
12287,55259,1024,1,83.55,0.00
12288,55260,1008,3,408.39,0.00
12289,55260,1024,1,82.91,0.05
12290,55261,1151,1,310.33,0.05
12291,55262,1062,4,194.52,0.00
12292,55262,1138,3,53.83,0.00
12293,55263,1147,2,228.95,0.20
12294,55264,1142,1,233.38,0.05
12295,55265,1009,1,154.06,0.10
12296,55265,1013,3,560.70,0.20
12297,55265,1101,3,449.19,0.00
12298,55265,1081,4,36.55,0.00
12299,55266,1097,2,116.72,0.10
12300,55266,1070,4,188.45,0.00
12301,55266,1062,2,195.71,0.10
12302,55266,1173,1,63.54,0.00
12303,55267,1161,3,153.37,0.05
12304,55267,1063,3,10.39,0.05
12305,55268,1083,2,390.19,0.15
12306,55268,1089,3,48.21,0.20
12307,55269,1123,1,76.45,0.00
12308,55269,1096,1,192.92,0.00
12309,55269,1143,1,171.74,0.05
12310,55270,1005,2,266.00,0.05
12311,55270,1120,2,266.80,0.05
12312,55271,1188,2,67.80,0.00
12313,55271,1068,2,31.31,0.00
12314,55271,1040,2,171.48,0.10
12315,55271,1195,3,165.40,0.15
12316,55272,1043,1,108.10,0.15
12317,55273,1159,1,144.65,0.10
12318,55274,1089,1,47.55,0.10
12319,55274,1100,3,453.41,0.20
12320,55275,1169,1,42.87,0.20
12321,55275,1117,1,278.38,0.00
12322,55276,1194,5,27.52,0.15
12323,55276,1058,5,229.53,0.20
12324,55277,1162,1,152.12,0.20
12325,55277,1050,2,245.29,0.15
12326,55277,1038,2,389.50,0.15
12327,55277,1188,2,70.05,0.00
12328,55278,1027,1,181.73,0.20
12329,55278,1162,1,148.23,0.00
12330,55278,1098,5,205.01,0.00
12331,55278,1078,4,38.87,0.25
12332,55279,1106,1,123.18,0.20
12333,55279,1099,1,244.28,0.00
12334,55280,1054,2,36.85,0.10
12335,55281,1085,1,96.77,0.05
12336,55282,1106,1,123.49,0.00
12337,55283,1028,2,398.65,0.10
12338,55283,1029,2,125.61,0.10
12339,55284,1079,2,91.72,0.00
12340,55284,1086,1,412.89,0.00
12341,55285,1026,2,233.74,0.00
12342,55286,1068,3,30.79,0.00
12343,55286,1066,2,83.49,0.10
12344,55286,1179,3,167.38,0.20
12345,55287,1146,1,11.27,0.00
12346,55287,1187,1,137.34,0.20
12347,55287,1156,2,317.17,0.15
12348,55288,1193,1,74.11,0.15
12349,55288,1024,2,84.76,0.05
12350,55288,1135,2,238.80,0.00
12351,55289,1090,3,197.38,0.05
12352,55290,1076,3,240.84,0.00
12353,55291,1125,2,244.01,0.20
12354,55291,1124,2,93.95,0.00
12355,55291,1171,3,143.44,0.25
12356,55292,1097,1,113.65,0.15
12357,55293,1142,2,218.88,0.15
12358,55293,1013,1,571.79,0.15
12359,55293,1077,2,117.96,0.00
12360,55294,1136,1,288.46,0.10
12361,55294,1058,1,235.79,0.25
12362,55295,1026,4,228.88,0.20
12363,55296,1047,2,203.98,0.00
12364,55296,1180,1,24.11,0.00
12365,55296,1033,1,493.54,0.25
12366,55296,1016,2,497.67,0.20
12367,55297,1125,2,233.00,0.15
12368,55297,1170,1,83.05,0.15
12369,55297,1193,1,76.46,0.05
12370,55298,1079,2,88.75,0.15
12371,55298,1188,2,67.05,0.10
12372,55298,1101,4,430.44,0.10
12373,55299,1048,1,24.34,0.00
12374,55299,1163,1,9.27,0.10
12375,55299,1006,1,145.98,0.20
12376,55299,1034,1,158.18,0.00
12377,55300,1084,1,114.80,0.05
12378,55300,1091,2,322.81,0.00
12379,55300,1009,1,154.25,0.15
12380,55301,1009,3,153.20,0.10
12381,55301,1178,1,180.39,0.05
12382,55302,1136,3,299.17,0.00
12383,55303,1068,2,30.71,0.10
12384,55304,1158,1,280.19,0.00
12385,55304,1040,3,180.76,0.00
12386,55305,1062,3,193.93,0.05
12387,55305,1164,1,61.97,0.10
12388,55306,1197,3,58.64,0.00
12389,55307,1158,2,281.10,0.00
12390,55307,1020,1,503.05,0.10
12391,55307,1036,1,151.94,0.25
12392,55308,1042,3,154.59,0.05
12393,55308,1036,2,143.64,0.05
12394,55308,1084,5,113.47,0.00
12395,55309,1140,2,101.64,0.10
12396,55309,1003,3,457.72,0.00
12397,55309,1170,3,86.50,0.15
12398,55310,1018,4,241.43,0.10
12399,55310,1024,3,82.91,0.15
12400,55311,1102,1,391.57,0.15
12401,55311,1023,1,69.30,0.20
12402,55312,1196,2,167.33,0.00
12403,55312,1117,1,260.89,0.05
12404,55312,1197,3,59.22,0.05
12405,55313,1157,1,97.00,0.20
12406,55313,1047,1,195.24,0.00
12407,55314,1046,1,34.96,0.00
12408,55314,1053,3,72.27,0.10
12409,55314,1045,1,31.31,0.00
12410,55315,1003,1,443.62,0.10
12411,55315,1198,1,5.19,0.10
12412,55316,1020,1,518.87,0.05
12413,55316,1045,1,32.13,0.00
12414,55317,1127,1,34.53,0.00
12415,55317,1093,3,183.45,0.15
12416,55317,1098,3,207.87,0.25
12417,55317,1103,3,214.77,0.10
12418,55318,1087,2,222.37,0.05
12419,55318,1107,1,214.45,0.00
12420,55319,1102,1,385.54,0.10
12421,55320,1075,2,58.91,0.00
12422,55320,1173,1,61.92,0.20
12423,55320,1162,5,146.42,0.05
12424,55320,1100,3,459.48,0.10
12425,55321,1078,2,40.00,0.00
12426,55322,1029,1,125.78,0.05
12427,55322,1135,2,223.96,0.00
12428,55323,1138,2,56.08,0.05
12429,55323,1002,1,177.48,0.10
12430,55324,1104,1,185.23,0.10
12431,55325,1043,1,106.95,0.00
12432,55325,1146,2,10.93,0.15
12433,55326,1023,1,68.17,0.15
12434,55327,1133,1,305.16,0.10
12435,55328,1168,1,151.76,0.15
12436,55328,1106,1,122.07,0.15
12437,55328,1088,1,351.27,0.00
12438,55329,1160,2,60.58,0.05
12439,55329,1032,2,344.96,0.20
12440,55330,1027,4,174.60,0.10
12441,55330,1105,1,180.17,0.10
12442,55331,1166,1,145.85,0.10
12443,55331,1182,1,108.01,0.20
12444,55331,1171,2,143.96,0.05
12445,55331,1190,1,59.31,0.15
12446,55331,1185,2,5.25,0.20
12447,55332,1036,1,141.43,0.10
12448,55332,1176,2,172.32,0.05
12449,55332,1188,1,68.30,0.00
12450,55333,1185,1,5.23,0.10
12451,55333,1025,3,397.88,0.00
12452,55333,1177,5,166.63,0.25
12453,55334,1087,1,210.69,0.05
12454,55334,1130,2,97.10,0.20
12455,55335,1143,1,171.40,0.05
12456,55335,1009,2,146.98,0.00
12457,55335,1012,1,220.44,0.00
12458,55335,1100,1,466.40,0.00
12459,55336,1046,5,37.63,0.00
12460,55337,1171,1,145.05,0.00
12461,55337,1027,4,181.83,0.10
12462,55338,1189,1,117.99,0.25
12463,55339,1183,2,72.28,0.00
12464,55339,1083,2,401.30,0.00
12465,55339,1075,1,57.13,0.05
12466,55340,1095,2,88.44,0.00
12467,55340,1043,1,107.07,0.15
12468,55341,1067,1,213.97,0.00
12469,55341,1087,1,208.28,0.05
12470,55342,1027,1,182.95,0.00
12471,55343,1060,1,154.26,0.00
12472,55344,1165,1,141.63,0.00
12473,55344,1048,1,25.40,0.00
12474,55345,1087,3,217.59,0.20
12475,55345,1085,1,102.82,0.05
12476,55345,1123,3,82.33,0.05
12477,55346,1024,1,81.23,0.00
12478,55346,1018,1,240.86,0.05
12479,55346,1080,2,64.09,0.10
12480,55347,1081,1,35.39,0.20
12481,55347,1041,2,147.10,0.00
12482,55347,1157,1,95.90,0.10
12483,55347,1198,1,5.19,0.10
12484,55347,1140,1,104.63,0.10
12485,55348,1132,2,133.49,0.00
12486,55348,1158,2,275.13,0.05
12487,55349,1102,1,389.29,0.15
12488,55349,1158,1,281.35,0.20
12489,55349,1168,1,152.11,0.05
12490,55350,1164,2,61.81,0.25
12491,55350,1190,1,58.36,0.15
12492,55351,1052,3,169.86,0.15
12493,55351,1016,4,474.15,0.00
12494,55351,1013,3,592.98,0.00
12495,55352,1200,2,122.54,0.00
12496,55352,1048,1,26.18,0.10
12497,55353,1163,2,9.49,0.20
12498,55354,1003,2,439.12,0.00
12499,55354,1098,2,196.84,0.05
12500,55354,1153,3,61.73,0.15
12501,55355,1050,5,235.16,0.00
12502,55355,1144,1,285.94,0.15
12503,55356,1013,1,560.42,0.15
12504,55357,1110,1,75.91,0.00
12505,55357,1105,1,168.71,0.00
12506,55357,1193,1,75.68,0.00
12507,55358,1070,1,189.82,0.00
12508,55358,1122,1,192.91,0.10
12509,55359,1132,1,140.58,0.00
12510,55359,1139,2,44.66,0.00
12511,55360,1135,2,231.56,0.00
12512,55360,1084,1,109.78,0.00
12513,55360,1162,3,151.76,0.15
12514,55361,1105,1,177.41,0.00
12515,55361,1033,1,511.52,0.15
12516,55361,1092,1,454.15,0.05
12517,55361,1013,2,564.61,0.05
12518,55362,1149,3,158.47,0.00
12519,55363,1042,1,145.93,0.00
12520,55364,1117,2,264.56,0.00
12521,55364,1066,1,83.47,0.15
12522,55364,1010,1,485.32,0.25
12523,55364,1100,2,436.25,0.00
12524,55365,1161,1,155.94,0.10
12525,55365,1179,1,166.75,0.00
12526,55365,1174,1,177.29,0.25
12527,55365,1171,1,145.20,0.00
12528,55366,1180,2,24.26,0.00
12529,55367,1198,3,5.13,0.00
12530,55367,1063,2,10.43,0.10
12531,55367,1174,2,180.67,0.00
12532,55368,1171,2,140.65,0.05
12533,55368,1147,1,234.68,0.10
12534,55368,1013,2,585.41,0.05
12535,55369,1013,1,591.12,0.00
12536,55369,1135,1,238.51,0.15
12537,55369,1191,3,130.05,0.15
12538,55370,1066,1,82.41,0.00
12539,55370,1130,2,96.89,0.15
12540,55370,1074,1,137.22,0.25
12541,55371,1035,2,213.63,0.00
12542,55371,1190,1,58.91,0.00
12543,55371,1088,3,375.81,0.00
12544,55371,1111,1,424.38,0.10
12545,55372,1003,1,456.37,0.25
12546,55373,1190,1,60.08,0.20
12547,55373,1068,2,31.24,0.05
12548,55374,1126,1,119.00,0.05
12549,55375,1060,2,152.74,0.25
12550,55375,1058,1,223.19,0.00
12551,55376,1137,2,240.55,0.00
12552,55376,1106,1,122.21,0.20
12553,55376,1085,1,96.94,0.15
12554,55377,1147,1,219.34,0.10
12555,55378,1105,1,170.28,0.15
12556,55378,1162,1,148.81,0.10
12557,55379,1065,1,222.03,0.00
12558,55380,1047,1,194.63,0.15
12559,55380,1181,1,135.20,0.10
12560,55381,1064,1,14.79,0.00
12561,55381,1194,2,27.09,0.15
12562,55381,1014,1,75.98,0.00
12563,55382,1013,2,579.46,0.10
12564,55382,1166,4,142.65,0.10
12565,55382,1102,2,386.04,0.10
12566,55383,1018,1,235.47,0.25
12567,55384,1019,3,496.43,0.20
12568,55384,1050,3,238.04,0.00
12569,55385,1046,2,34.96,0.00
12570,55385,1073,3,109.28,0.15
12571,55385,1060,1,156.93,0.15
12572,55386,1182,1,115.39,0.25
12573,55386,1109,2,248.36,0.10
12574,55387,1096,1,197.49,0.15
12575,55388,1025,2,394.04,0.00
12576,55388,1096,1,191.55,0.00
12577,55388,1125,2,236.22,0.05
12578,55388,1186,1,95.58,0.10
12579,55389,1150,2,36.46,0.05
12580,55389,1041,2,141.92,0.00
12581,55390,1040,2,172.85,0.15
12582,55390,1107,1,209.24,0.05
12583,55391,1060,2,160.96,0.10
12584,55391,1048,1,26.15,0.00
12585,55392,1072,4,76.33,0.10
12586,55392,1009,1,148.63,0.15
12587,55392,1150,1,34.69,0.00
12588,55393,1002,4,178.24,0.00
12589,55394,1119,1,409.51,0.00
12590,55395,1046,2,35.52,0.20
12591,55396,1062,2,193.44,0.00
12592,55396,1024,1,85.12,0.25
12593,55396,1114,3,220.90,0.00
12594,55397,1077,3,113.15,0.10
12595,55397,1022,1,150.10,0.20
12596,55398,1142,1,219.84,0.10
12597,55399,1144,4,296.24,0.10
12598,55399,1005,4,270.47,0.00
12599,55400,1115,1,72.54,0.00
12600,55400,1080,1,63.54,0.05
12601,55400,1138,1,54.69,0.05
12602,55401,1127,3,35.88,0.10
12603,55402,1056,1,216.13,0.05
12604,55403,1152,1,290.81,0.00
12605,55403,1196,2,167.16,0.00
12606,55403,1039,1,550.56,0.00
12607,55403,1191,4,132.96,0.00
12608,55404,1020,2,533.28,0.05
12609,55404,1024,1,85.98,0.20
12610,55405,1089,5,48.57,0.10
12611,55405,1011,5,506.24,0.20
12612,55406,1012,1,213.99,0.05
12613,55407,1084,1,113.33,0.00
12614,55408,1018,1,251.43,0.25
12615,55408,1169,1,42.21,0.00
12616,55408,1033,2,522.32,0.15
12617,55408,1084,1,107.61,0.10
12618,55409,1092,1,455.41,0.00
12619,55409,1161,1,153.69,0.00
12620,55409,1068,3,30.84,0.05
12621,55409,1056,3,228.31,0.20
12622,55409,1035,2,205.79,0.05
12623,55410,1037,1,546.63,0.25
12624,55410,1147,1,228.31,0.00
12625,55411,1111,1,423.78,0.20
12626,55412,1066,3,86.36,0.00
12627,55412,1019,2,493.18,0.05
12628,55413,1088,1,357.69,0.00
12629,55413,1001,1,390.75,0.05
12630,55413,1125,2,232.28,0.00
12631,55413,1057,3,133.32,0.10
12632,55414,1133,1,300.55,0.10
12633,55414,1001,3,380.08,0.25
12634,55415,1011,4,476.09,0.20
12635,55415,1031,1,594.01,0.00
12636,55415,1079,3,91.63,0.10
12637,55416,1093,1,190.22,0.00
12638,55416,1116,1,40.42,0.25
12639,55416,1069,2,27.44,0.00
12640,55417,1085,4,101.25,0.05
12641,55417,1007,3,40.83,0.15
12642,55417,1140,2,100.68,0.00
12643,55417,1091,1,320.65,0.00
12644,55418,1001,1,384.36,0.25
12645,55418,1041,1,142.82,0.05
12646,55418,1117,1,268.35,0.00
12647,55419,1058,3,231.50,0.20
12648,55419,1064,2,14.93,0.00
12649,55420,1096,1,195.02,0.00
12650,55420,1027,1,185.22,0.00
12651,55420,1122,5,192.10,0.00
12652,55421,1090,1,190.09,0.10
12653,55421,1135,1,226.60,0.10
12654,55421,1039,1,560.26,0.05
12655,55422,1001,2,406.16,0.00
12656,55423,1058,2,224.18,0.00
12657,55424,1118,2,108.59,0.00
12658,55424,1175,1,112.70,0.00
12659,55425,1043,1,103.69,0.15
12660,55425,1091,1,320.25,0.00
12661,55426,1110,2,72.18,0.05
12662,55426,1090,1,192.90,0.00
12663,55426,1200,2,116.34,0.00
12664,55427,1190,1,59.70,0.00
12665,55427,1001,1,387.84,0.20
12666,55428,1097,2,118.94,0.15
12667,55428,1086,1,434.56,0.05
12668,55428,1048,1,25.66,0.25
12669,55429,1184,4,48.57,0.00
12670,55430,1158,1,283.93,0.15
12671,55430,1143,2,174.71,0.15
12672,55430,1123,1,76.46,0.05
12673,55431,1044,1,254.07,0.15
12674,55431,1032,3,352.18,0.00
12675,55431,1158,1,265.51,0.10
12676,55432,1187,1,138.68,0.15
12677,55432,1058,2,229.54,0.05
12678,55432,1094,2,384.47,0.15
12679,55433,1062,5,195.86,0.10
12680,55433,1179,3,177.25,0.00
12681,55433,1081,2,35.67,0.15
12682,55434,1038,3,398.43,0.00
12683,55434,1170,1,85.98,0.05
12684,55435,1102,1,379.94,0.20
12685,55435,1017,1,336.15,0.05
12686,55436,1131,3,316.64,0.00
12687,55436,1125,3,243.75,0.00
12688,55437,1069,1,26.80,0.00
12689,55437,1174,1,172.05,0.15
12690,55437,1150,2,36.07,0.10
12691,55437,1076,3,247.55,0.25
12692,55437,1165,2,148.96,0.00
12693,55438,1035,1,207.48,0.00
12694,55438,1078,2,38.06,0.15
12695,55439,1194,1,26.67,0.00
12696,55439,1001,1,402.19,0.00
12697,55439,1177,1,169.24,0.00
12698,55440,1132,1,131.47,0.00
12699,55441,1087,2,212.20,0.20
12700,55441,1154,3,113.54,0.05
12701,55442,1166,2,141.45,0.00
12702,55442,1120,3,274.10,0.00
12703,55443,1100,1,458.24,0.00
12704,55443,1037,1,516.47,0.00
12705,55443,1056,1,216.66,0.15
12706,55443,1098,2,201.22,0.25
12707,55443,1079,1,88.12,0.00
12708,55444,1197,1,57.24,0.05
12709,55444,1028,2,388.82,0.05
12710,55445,1130,1,103.51,0.00
12711,55446,1114,1,225.00,0.00
12712,55446,1134,3,216.91,0.10
12713,55446,1113,1,29.89,0.25
12714,55447,1173,1,63.69,0.00
12715,55447,1093,1,184.49,0.15
12716,55448,1170,1,87.47,0.05
12717,55449,1125,1,234.00,0.00
12718,55449,1093,1,176.90,0.05
12719,55450,1140,2,103.27,0.05
12720,55450,1124,2,92.83,0.15
12721,55451,1190,1,59.33,0.15
12722,55452,1077,2,117.42,0.05
12723,55453,1178,2,174.09,0.15
12724,55454,1199,3,80.13,0.15
12725,55455,1038,3,391.10,0.25
12726,55455,1157,1,94.24,0.00
12727,55455,1024,1,82.94,0.00
12728,55455,1070,1,198.00,0.15
12729,55455,1111,1,437.64,0.15
12730,55456,1199,3,77.31,0.15
12731,55456,1079,2,93.26,0.05
12732,55456,1159,1,151.78,0.00
12733,55456,1013,2,586.04,0.05
12734,55457,1053,1,72.30,0.10
12735,55458,1030,1,117.33,0.25
12736,55458,1047,1,192.11,0.00
12737,55459,1050,3,245.63,0.05
12738,55460,1081,2,36.74,0.05
12739,55460,1144,1,291.99,0.00
12740,55461,1064,4,14.27,0.00
12741,55461,1031,2,603.25,0.00
12742,55462,1176,1,181.06,0.00
12743,55462,1028,1,389.66,0.05
12744,55462,1040,2,184.35,0.00
12745,55462,1059,2,80.41,0.05
12746,55463,1053,1,73.04,0.05
12747,55464,1178,1,179.50,0.15
12748,55464,1146,1,11.20,0.00
12749,55465,1036,1,147.98,0.15
12750,55465,1070,1,201.51,0.00
12751,55465,1076,1,248.31,0.00
12752,55466,1126,1,113.73,0.00
12753,55467,1033,4,518.08,0.00
12754,55467,1183,1,72.86,0.10
12755,55467,1180,1,23.20,0.05
12756,55468,1054,1,37.08,0.00
12757,55468,1157,4,94.63,0.00
12758,55469,1138,4,53.94,0.20
12759,55469,1195,1,170.57,0.15
12760,55469,1140,1,103.40,0.10
12761,55469,1079,1,92.85,0.15
12762,55469,1101,2,443.66,0.00
12763,55470,1047,1,196.16,0.00
12764,55470,1180,1,24.60,0.00
12765,55471,1069,2,27.23,0.00
12766,55471,1082,3,104.62,0.10
12767,55472,1144,3,301.02,0.15
12768,55473,1029,2,126.25,0.00
12769,55473,1175,2,121.83,0.00
12770,55474,1099,1,241.44,0.00
12771,55475,1049,1,242.42,0.00
12772,55475,1150,1,35.73,0.10
12773,55475,1137,1,236.40,0.15
12774,55476,1121,2,155.45,0.00
12775,55476,1199,1,82.73,0.10
12776,55476,1120,1,261.07,0.25
12777,55477,1106,4,127.46,0.10
12778,55477,1121,1,158.33,0.00
12779,55477,1006,1,155.07,0.00
12780,55477,1095,2,87.48,0.10
12781,55478,1187,2,139.39,0.00
12782,55478,1105,1,175.36,0.10
12783,55478,1024,3,81.04,0.00
12784,55478,1086,4,415.67,0.00
12785,55479,1036,1,149.81,0.25
12786,55479,1167,1,137.78,0.05
12787,55479,1056,3,211.42,0.25
12788,55479,1052,1,180.47,0.05
12789,55480,1179,1,171.65,0.10
12790,55480,1183,3,73.01,0.20
12791,55480,1141,3,254.87,0.10
12792,55481,1027,2,171.38,0.10
12793,55482,1128,2,337.05,0.00
12794,55482,1140,1,98.62,0.05
12795,55483,1011,5,505.53,0.00
12796,55483,1049,1,256.87,0.00
12797,55483,1176,1,174.26,0.15
12798,55483,1093,1,186.71,0.10
12799,55483,1192,1,58.63,0.00
12800,55484,1115,2,77.42,0.00
12801,55485,1084,1,109.68,0.00
12802,55485,1082,2,102.98,0.10
12803,55485,1088,1,360.69,0.15
12804,55485,1079,1,90.89,0.00
12805,55486,1139,1,45.37,0.00
12806,55486,1005,1,275.48,0.15
12807,55487,1054,2,35.79,0.00
12808,55487,1179,2,169.44,0.15
12809,55488,1094,4,403.98,0.10
12810,55488,1131,1,317.76,0.15
12811,55488,1177,3,167.82,0.20
12812,55488,1041,3,140.68,0.05
12813,55489,1126,1,114.38,0.15
12814,55490,1086,1,437.93,0.10
12815,55490,1157,1,94.48,0.20
12816,55491,1131,1,303.72,0.15
12817,55492,1051,2,12.41,0.00
12818,55492,1062,2,198.86,0.10
12819,55492,1041,1,144.13,0.00
12820,55493,1063,1,9.95,0.05
12821,55493,1150,1,36.20,0.10
12822,55493,1144,2,289.10,0.00
12823,55493,1022,1,156.49,0.05
12824,55494,1058,1,222.18,0.15
12825,55494,1046,2,36.79,0.15
12826,55494,1126,1,118.97,0.05
12827,55494,1174,5,171.18,0.10
12828,55494,1193,1,73.04,0.05
12829,55495,1092,1,436.74,0.05
12830,55495,1141,1,260.71,0.15
12831,55495,1102,1,379.07,0.10
12832,55495,1033,2,504.45,0.05
12833,55495,1073,3,109.57,0.05
12834,55496,1137,1,241.88,0.05
12835,55496,1067,1,223.49,0.00
12836,55496,1092,1,441.28,0.10
12837,55497,1008,2,410.22,0.00
12838,55497,1067,4,228.11,0.05
12839,55498,1048,1,24.77,0.00
12840,55498,1004,1,556.45,0.05
12841,55498,1054,4,36.71,0.00
12842,55498,1112,1,242.62,0.15
12843,55498,1099,2,248.82,0.00
12844,55499,1166,2,148.44,0.15
12845,55499,1123,2,81.29,0.10
12846,55499,1019,2,493.60,0.05
12847,55500,1121,1,148.40,0.00
12848,55501,1047,1,192.15,0.05
12849,55502,1174,2,176.46,0.00
12850,55502,1051,1,12.84,0.20
12851,55503,1070,2,194.61,0.00
12852,55504,1056,1,213.77,0.00
12853,55504,1139,1,46.38,0.00
12854,55504,1184,1,49.99,0.00
12855,55505,1041,1,146.47,0.00
12856,55506,1066,4,84.62,0.05
12857,55506,1123,3,77.90,0.00
12858,55506,1038,3,394.98,0.00
12859,55506,1159,1,147.94,0.15
12860,55506,1087,1,211.90,0.20
12861,55507,1136,2,298.75,0.00
12862,55508,1015,2,508.81,0.00
12863,55508,1146,3,10.77,0.00
12864,55508,1156,1,315.18,0.00
12865,55508,1164,2,64.45,0.05
12866,55509,1112,1,248.16,0.00
12867,55510,1173,4,61.15,0.10
12868,55510,1124,1,91.04,0.10
12869,55510,1087,3,207.54,0.15
12870,55511,1010,1,492.54,0.20
12871,55511,1143,1,174.23,0.00
12872,55512,1156,2,318.88,0.05
12873,55512,1086,1,432.59,0.10
12874,55512,1143,4,174.35,0.00
12875,55513,1060,4,150.50,0.00
12876,55514,1007,1,40.83,0.20
12877,55514,1124,1,88.95,0.10
12878,55515,1177,2,166.47,0.00
12879,55515,1144,2,292.77,0.00
12880,55516,1016,2,490.77,0.25
12881,55516,1033,1,517.18,0.20
12882,55516,1171,1,147.97,0.00
12883,55516,1197,2,58.25,0.15
12884,55517,1006,1,153.06,0.05
12885,55517,1163,2,9.26,0.00
12886,55517,1196,1,169.10,0.05
12887,55517,1120,1,277.03,0.00
12888,55518,1041,1,140.08,0.10
12889,55518,1108,2,419.68,0.20
12890,55518,1182,2,113.16,0.00
12891,55518,1161,2,151.57,0.00
12892,55518,1010,3,482.10,0.05
12893,55519,1042,4,150.25,0.05
12894,55519,1056,4,222.93,0.25
12895,55520,1170,1,82.65,0.15
12896,55520,1113,1,30.43,0.00
12897,55521,1140,1,99.59,0.00
12898,55521,1075,2,57.40,0.00
12899,55522,1072,1,71.20,0.00
12900,55522,1195,2,163.15,0.20
12901,55522,1137,2,227.20,0.00
12902,55523,1172,1,8.82,0.10
12903,55523,1185,2,5.42,0.05
12904,55523,1089,1,48.86,0.05
12905,55523,1189,1,125.90,0.00
12906,55524,1097,1,113.35,0.00
12907,55524,1053,3,76.27,0.05
12908,55524,1178,3,175.91,0.15
12909,55525,1160,5,60.42,0.15
12910,55526,1038,2,387.62,0.05
12911,55527,1070,1,192.09,0.10
12912,55527,1060,5,152.59,0.05
12913,55527,1065,1,227.07,0.00
12914,55528,1067,2,225.46,0.10
12915,55528,1091,2,328.40,0.10
12916,55528,1127,1,34.67,0.10
12917,55529,1155,1,287.63,0.15
12918,55530,1069,2,25.60,0.00
12919,55531,1175,2,118.35,0.20
12920,55531,1090,1,193.36,0.05
12921,55532,1094,2,388.05,0.10
12922,55533,1125,3,238.55,0.10
12923,55533,1121,1,148.17,0.10
12924,55533,1034,1,151.35,0.10
12925,55533,1059,1,79.39,0.25
12926,55534,1100,1,446.79,0.00
12927,55534,1165,2,146.82,0.20
12928,55535,1071,1,126.56,0.15
12929,55536,1082,2,104.00,0.15
12930,55536,1086,1,436.14,0.10
12931,55536,1008,5,382.85,0.00
12932,55536,1177,2,173.79,0.05
12933,55537,1106,1,123.57,0.10
12934,55538,1018,3,248.93,0.00
12935,55539,1105,2,168.61,0.05
12936,55539,1061,1,188.15,0.20
12937,55540,1145,3,159.47,0.00
12938,55540,1079,2,94.76,0.00
12939,55541,1108,1,418.17,0.00
12940,55542,1099,1,253.79,0.10
12941,55542,1163,1,9.63,0.00
12942,55543,1071,3,128.99,0.00
12943,55544,1191,1,133.06,0.20
12944,55545,1183,5,71.23,0.00
12945,55545,1085,1,101.67,0.20
12946,55546,1161,2,152.43,0.15
12947,55547,1181,3,129.33,0.10
12948,55547,1170,1,85.81,0.10
12949,55548,1019,1,512.77,0.20
12950,55548,1172,2,9.50,0.05
12951,55549,1135,3,230.11,0.00
12952,55549,1076,1,255.12,0.00
12953,55549,1067,4,224.66,0.10
12954,55549,1050,2,249.41,0.00
12955,55549,1114,1,233.35,0.20
12956,55550,1131,1,305.54,0.00
12957,55550,1176,1,175.04,0.00
12958,55550,1057,1,130.45,0.05
12959,55551,1091,1,327.74,0.20
12960,55551,1147,1,230.85,0.00
12961,55551,1192,2,60.18,0.05
12962,55551,1054,1,37.91,0.05
12963,55552,1188,1,71.32,0.00
12964,55552,1010,1,475.42,0.15
12965,55553,1147,1,230.41,0.15
12966,55554,1002,1,184.14,0.20
12967,55554,1055,2,116.66,0.20
12968,55555,1011,1,479.32,0.25
12969,55555,1095,1,88.94,0.20
12970,55556,1082,2,106.80,0.00
12971,55556,1186,1,95.59,0.05
12972,55556,1136,1,281.44,0.10
12973,55556,1163,1,9.44,0.10
12974,55557,1158,1,264.24,0.00
12975,55558,1140,2,99.79,0.15
12976,55558,1073,2,114.15,0.25
12977,55558,1191,1,133.52,0.00
12978,55558,1148,1,272.32,0.15
12979,55559,1029,1,127.03,0.20
12980,55559,1149,2,156.76,0.05
12981,55559,1129,1,34.39,0.25
12982,55560,1080,1,65.20,0.20
12983,55561,1020,2,502.51,0.00
12984,55561,1045,3,30.59,0.05
12985,55562,1168,1,153.46,0.05
12986,55562,1071,1,121.63,0.25
12987,55563,1199,5,81.32,0.00
12988,55563,1106,3,126.46,0.15
12989,55563,1048,1,25.04,0.00
12990,55564,1135,2,234.04,0.10
12991,55565,1159,1,151.45,0.00
12992,55565,1039,3,539.20,0.15
12993,55565,1051,2,12.42,0.15
12994,55566,1074,2,135.26,0.00
12995,55566,1010,1,470.81,0.00
12996,55566,1101,1,444.28,0.15
12997,55567,1161,1,151.94,0.00
12998,55567,1110,2,71.52,0.05
12999,55568,1192,2,58.19,0.15
13000,55569,1023,1,70.78,0.00
13001,55569,1118,3,111.76,0.00
13002,55570,1151,1,316.89,0.10
13003,55570,1125,1,243.58,0.10
13004,55570,1119,1,414.28,0.00
13005,55571,1051,1,12.52,0.05
13006,55571,1047,1,205.35,0.15
13007,55571,1076,1,257.41,0.20
13008,55572,1109,1,261.18,0.25
13009,55573,1077,1,111.90,0.05
13010,55574,1200,3,119.51,0.05
13011,55574,1061,1,185.60,0.00
13012,55574,1131,3,299.42,0.25
13013,55575,1059,1,82.44,0.10
13014,55575,1033,2,494.70,0.10
13015,55575,1180,1,24.72,0.00
13016,55575,1091,1,333.22,0.10
13017,55575,1103,4,222.81,0.20
13018,55576,1035,4,208.10,0.20
13019,55576,1013,2,573.69,0.25
13020,55577,1042,1,144.65,0.05
13021,55578,1098,3,205.18,0.05
13022,55578,1090,3,194.53,0.00
13023,55578,1066,2,86.52,0.05
13024,55579,1117,1,280.42,0.00
13025,55580,1163,1,9.35,0.00
13026,55581,1178,1,174.95,0.00
13027,55581,1191,1,125.82,0.00
13028,55581,1037,1,532.86,0.10
13029,55582,1060,2,151.13,0.20
13030,55583,1120,1,271.25,0.00
13031,55583,1149,1,152.76,0.05
13032,55583,1147,1,228.66,0.00
13033,55584,1115,1,73.65,0.00
13034,55584,1144,1,296.25,0.10
13035,55584,1143,1,170.05,0.00
13036,55585,1054,1,36.78,0.05
13037,55585,1084,2,112.98,0.05
13038,55585,1200,2,118.94,0.15
13039,55585,1180,1,24.22,0.00
13040,55586,1115,3,73.48,0.25
13041,55586,1139,2,46.82,0.00
13042,55587,1174,1,176.76,0.20
13043,55587,1009,2,155.12,0.15
13044,55588,1171,1,147.66,0.10
13045,55589,1180,5,23.63,0.00
13046,55589,1054,1,37.50,0.05
13047,55590,1061,2,199.09,0.20
13048,55590,1056,2,218.45,0.00
13049,55590,1063,1,10.08,0.25
13050,55590,1154,1,112.33,0.15
13051,55590,1004,1,534.34,0.25
13052,55591,1164,1,61.38,0.00
13053,55591,1053,2,76.59,0.00
13054,55591,1187,1,129.72,0.25
13055,55592,1008,4,402.59,0.20
13056,55593,1124,1,91.55,0.10
13057,55594,1193,4,76.45,0.05
13058,55594,1029,1,124.72,0.05
13059,55594,1133,1,281.81,0.10
13060,55594,1144,4,299.92,0.00
13061,55595,1164,1,62.08,0.15
13062,55595,1110,3,74.71,0.05
13063,55596,1139,1,47.01,0.00
13064,55596,1121,1,158.23,0.00
13065,55596,1079,1,88.25,0.15
13066,55597,1046,1,36.27,0.10
13067,55597,1155,5,269.56,0.00
13068,55598,1008,1,402.42,0.00
13069,55599,1029,1,120.12,0.00
13070,55599,1187,3,138.89,0.00
13071,55599,1184,1,48.95,0.05
13072,55600,1091,1,331.06,0.10
13073,55600,1158,1,283.82,0.15
13074,55600,1099,1,243.30,0.00
13075,55601,1129,5,35.85,0.05
13076,55601,1060,2,154.94,0.10
13077,55601,1083,1,397.40,0.20
13078,55602,1112,2,242.42,0.05
13079,55602,1099,2,253.98,0.05
13080,55603,1119,2,411.69,0.20
13081,55603,1143,3,181.04,0.20
13082,55603,1108,5,416.14,0.05
13083,55603,1046,1,37.23,0.00
13084,55604,1009,3,147.04,0.00
13085,55604,1025,2,387.93,0.00
13086,55604,1004,1,521.48,0.00
13087,55605,1170,1,82.52,0.00
13088,55606,1103,1,212.59,0.00
13089,55607,1061,2,187.46,0.00
13090,55607,1167,2,141.10,0.10
13091,55608,1175,1,115.29,0.05
13092,55608,1187,2,134.88,0.10
13093,55608,1015,4,513.40,0.15
13094,55609,1105,2,174.66,0.00
13095,55609,1054,1,36.64,0.05
13096,55610,1076,2,238.94,0.10
13097,55610,1126,1,121.50,0.00
13098,55611,1076,1,244.16,0.00
13099,55611,1123,2,78.31,0.20
13100,55612,1054,1,38.14,0.20
13101,55612,1103,3,227.76,0.00
13102,55613,1022,5,159.89,0.10
13103,55613,1119,1,408.99,0.25
13104,55614,1089,1,48.07,0.05
13105,55614,1091,2,317.55,0.05
13106,55614,1066,1,85.84,0.00
13107,55615,1098,3,208.24,0.20
13108,55615,1019,1,489.24,0.10
13109,55616,1114,2,221.23,0.10
13110,55617,1027,4,182.67,0.25
13111,55617,1092,2,430.26,0.00
13112,55618,1022,1,161.42,0.00
13113,55618,1174,2,173.82,0.20
13114,55618,1145,1,154.40,0.00
13115,55618,1013,1,556.42,0.20
13116,55618,1041,1,149.25,0.00
13117,55619,1081,5,36.14,0.05
13118,55620,1053,3,71.32,0.00
13119,55620,1063,2,10.50,0.05
13120,55620,1107,1,213.68,0.00
13121,55621,1132,1,132.80,0.00
13122,55621,1146,1,10.83,0.00
13123,55621,1078,2,38.80,0.00
13124,55622,1190,1,59.64,0.05
13125,55622,1142,1,232.56,0.25
13126,55622,1094,2,383.27,0.00
13127,55622,1028,2,399.54,0.25
13128,55623,1057,1,130.67,0.05
13129,55623,1043,1,106.50,0.20
13130,55623,1177,1,164.19,0.00
13131,55624,1174,2,173.67,0.25
13132,55624,1102,1,380.21,0.10
13133,55625,1193,1,73.72,0.15
13134,55626,1073,1,115.02,0.25
13135,55627,1016,3,499.47,0.00
13136,55627,1088,2,369.15,0.15
13137,55627,1161,2,152.82,0.00
13138,55627,1108,1,421.40,0.15
13139,55628,1180,1,24.84,0.00
13140,55629,1037,1,533.34,0.25
13141,55629,1047,3,207.59,0.10
13142,55630,1038,1,391.98,0.20
13143,55630,1009,5,152.18,0.20
13144,55630,1127,4,33.63,0.20
13145,55631,1061,1,200.71,0.20
13146,55631,1138,2,56.91,0.05
13147,55631,1142,1,223.46,0.00
13148,55631,1006,2,156.65,0.15
13149,55631,1091,2,327.90,0.00
13150,55632,1094,4,375.24,0.15
13151,55633,1155,1,270.80,0.00
13152,55633,1164,1,65.33,0.15
13153,55633,1050,2,243.65,0.10
13154,55633,1186,1,95.81,0.05
13155,55634,1191,1,126.77,0.15
13156,55634,1059,2,84.65,0.05
13157,55635,1171,2,146.53,0.25
13158,55636,1169,3,44.71,0.15
13159,55637,1088,3,356.93,0.00
13160,55638,1149,1,156.46,0.10
13161,55638,1054,1,37.03,0.15
13162,55639,1040,1,172.62,0.00
13163,55639,1187,1,131.86,0.00
13164,55640,1021,2,422.39,0.10
13165,55641,1125,1,246.24,0.05
13166,55641,1140,1,99.69,0.00
13167,55641,1021,1,420.29,0.10
13168,55641,1009,1,152.33,0.25
13169,55642,1066,1,85.81,0.15
13170,55642,1023,1,69.78,0.00
13171,55642,1181,1,128.40,0.15
13172,55642,1156,1,310.78,0.05
13173,55643,1117,1,268.34,0.00
13174,55643,1121,1,150.28,0.10
13175,55643,1017,2,333.32,0.20
13176,55644,1058,1,231.06,0.00
13177,55644,1098,5,199.06,0.00
13178,55644,1074,1,138.05,0.00
13179,55645,1007,2,38.89,0.25
13180,55646,1021,1,417.15,0.20
13181,55647,1134,1,225.65,0.10
13182,55648,1135,1,231.60,0.20
13183,55649,1074,2,144.89,0.05
13184,55649,1161,2,150.09,0.15
13185,55650,1106,1,118.64,0.20
13186,55650,1002,1,178.82,0.00
13187,55651,1106,2,127.22,0.00
13188,55651,1056,1,217.82,0.00
13189,55652,1151,2,323.25,0.00
13190,55653,1104,1,176.98,0.15
13191,55653,1088,2,355.38,0.10
13192,55653,1020,1,500.31,0.00
13193,55653,1111,1,420.90,0.00
13194,55653,1025,1,400.48,0.05
13195,55654,1004,2,532.94,0.25
13196,55654,1168,2,152.45,0.00
13197,55655,1176,1,174.61,0.00
13198,55655,1150,1,36.49,0.00
13199,55655,1037,1,518.55,0.10
13200,55655,1061,2,189.31,0.00
13201,55656,1099,2,247.47,0.00
13202,55657,1006,4,155.20,0.00
13203,55658,1153,1,59.99,0.00
13204,55658,1192,1,60.93,0.00
13205,55659,1090,2,198.88,0.05
13206,55660,1144,2,300.18,0.15
13207,55660,1194,1,27.23,0.10
13208,55660,1096,3,190.43,0.05
13209,55661,1077,1,117.42,0.10
13210,55662,1151,1,329.58,0.15
13211,55663,1135,1,227.33,0.15
13212,55663,1038,2,393.02,0.10
13213,55664,1160,1,61.84,0.10
13214,55664,1175,5,116.54,0.00
13215,55664,1061,2,192.69,0.10
13216,55665,1198,1,5.24,0.05
13217,55666,1099,1,243.63,0.15
13218,55666,1141,3,253.53,0.25
13219,55666,1030,1,122.70,0.05
13220,55667,1152,1,304.65,0.00
13221,55667,1042,1,150.65,0.20
13222,55667,1092,1,429.65,0.25
13223,55667,1166,1,143.32,0.10
13224,55667,1113,3,30.46,0.15
13225,55668,1032,2,358.23,0.15
13226,55668,1113,1,30.12,0.15
13227,55668,1067,2,227.10,0.10
13228,55669,1183,2,70.32,0.00
13229,55670,1103,3,216.84,0.00
13230,55671,1078,2,37.81,0.05
13231,55672,1032,1,343.14,0.15
13232,55673,1182,1,115.00,0.20
13233,55674,1015,4,505.30,0.00
13234,55674,1116,2,39.38,0.15
13235,55675,1044,1,248.21,0.00
13236,55675,1107,1,201.48,0.00
13237,55676,1025,1,392.30,0.00
13238,55677,1029,2,125.98,0.25
13239,55677,1188,1,67.07,0.15
13240,55677,1142,2,230.83,0.15
13241,55677,1114,2,220.61,0.15
13242,55678,1153,4,60.82,0.00
13243,55678,1169,1,43.70,0.05
13244,55678,1077,1,112.65,0.15
13245,55679,1139,1,45.68,0.20
13246,55679,1102,2,389.00,0.00
13247,55679,1119,2,409.10,0.15
13248,55680,1176,1,177.22,0.10
13249,55680,1020,2,504.39,0.10
13250,55681,1045,2,31.87,0.10
13251,55682,1177,1,172.03,0.10
13252,55682,1092,2,445.17,0.00
13253,55683,1096,1,185.59,0.10
13254,55683,1032,1,343.64,0.10
13255,55683,1192,5,58.30,0.05
13256,55683,1084,1,106.88,0.00
13257,55684,1056,1,227.61,0.05
13258,55684,1024,2,79.95,0.20
13259,55685,1123,2,78.52,0.00
13260,55685,1142,1,233.48,0.00
13261,55685,1160,1,62.36,0.15
13262,55686,1150,2,34.33,0.25
13263,55686,1138,2,55.44,0.00
13264,55686,1079,2,93.72,0.20
13265,55686,1063,1,10.12,0.25
13266,55686,1047,1,197.07,0.10
13267,55687,1031,2,617.15,0.05
13268,55687,1072,2,73.84,0.05
13269,55688,1165,1,142.58,0.00
13270,55689,1098,1,199.30,0.00
13271,55689,1108,1,438.72,0.10
13272,55689,1122,1,184.65,0.05
13273,55689,1042,1,149.71,0.10
13274,55689,1146,1,11.30,0.05
13275,55690,1048,1,25.51,0.00
13276,55690,1029,1,120.52,0.25
13277,55691,1181,1,129.01,0.05
13278,55691,1029,2,122.83,0.20
13279,55691,1058,3,230.42,0.10
13280,55692,1129,1,35.10,0.10
13281,55693,1198,3,5.20,0.05
13282,55693,1139,2,47.12,0.15
13283,55693,1114,5,229.21,0.00
13284,55694,1031,1,600.98,0.00
13285,55694,1143,1,180.35,0.25
13286,55694,1014,2,79.25,0.00
13287,55695,1039,2,548.74,0.00
13288,55695,1050,1,252.64,0.00
13289,55695,1078,2,38.26,0.10
13290,55696,1047,1,203.66,0.00
13291,55697,1061,3,193.01,0.10
13292,55697,1175,1,113.20,0.00
13293,55697,1140,1,99.49,0.25
13294,55698,1023,1,69.03,0.00
13295,55698,1012,3,213.37,0.00
13296,55698,1013,1,584.55,0.00
13297,55698,1165,4,144.27,0.00
13298,55699,1144,1,306.33,0.20
13299,55699,1114,1,223.10,0.15
13300,55699,1076,1,239.39,0.00
13301,55699,1150,1,36.05,0.05
13302,55699,1156,2,305.30,0.05
13303,55700,1161,1,161.79,0.00
13304,55700,1191,2,132.64,0.15
13305,55701,1073,1,115.80,0.10
13306,55701,1099,5,245.50,0.00
13307,55702,1039,1,566.79,0.00
13308,55702,1129,1,35.08,0.00
13309,55703,1131,1,319.53,0.10
13310,55704,1008,2,398.97,0.20
13311,55705,1009,1,157.29,0.00
13312,55706,1162,1,150.22,0.00
13313,55707,1141,1,256.56,0.10
13314,55707,1112,2,240.10,0.00
13315,55708,1073,3,108.56,0.15
13316,55708,1001,2,404.63,0.00
13317,55709,1030,2,118.32,0.15
13318,55710,1132,1,140.90,0.05
13319,55710,1189,1,120.24,0.00
13320,55710,1154,1,110.50,0.05
13321,55710,1121,1,152.58,0.00
13322,55711,1104,1,183.06,0.05
13323,55711,1040,1,183.54,0.05
13324,55712,1071,1,123.13,0.10
13325,55712,1103,1,212.82,0.10
13326,55713,1112,3,252.72,0.10
13327,55714,1143,1,173.32,0.15
13328,55714,1096,2,195.54,0.00
13329,55714,1010,1,473.10,0.05
13330,55715,1142,1,223.94,0.15
13331,55715,1046,2,35.69,0.05
13332,55715,1090,1,199.25,0.00
13333,55716,1114,1,229.96,0.10
13334,55716,1195,1,170.61,0.00
13335,55716,1067,1,226.19,0.00
13336,55716,1085,3,99.28,0.05
13337,55717,1136,1,296.23,0.20
13338,55717,1113,2,29.86,0.25
13339,55718,1050,4,235.50,0.00
13340,55718,1018,1,240.08,0.00
13341,55719,1078,2,38.80,0.00
13342,55719,1107,2,207.48,0.00
13343,55720,1111,1,440.38,0.00
13344,55721,1178,2,179.72,0.00
13345,55722,1198,3,4.97,0.00
13346,55722,1168,5,153.22,0.05
13347,55723,1102,3,380.11,0.25
13348,55724,1079,1,87.69,0.05
13349,55724,1051,1,12.92,0.05
13350,55724,1200,3,114.86,0.00
13351,55724,1147,2,218.23,0.00
13352,55725,1045,2,32.15,0.05
13353,55726,1093,3,187.64,0.00
13354,55727,1174,1,175.99,0.00
13355,55727,1185,2,5.34,0.00
13356,55727,1091,2,317.68,0.05
13357,55727,1083,1,382.26,0.10
13358,55728,1007,2,40.39,0.20
13359,55728,1154,2,117.71,0.00
13360,55728,1094,2,376.57,0.25
13361,55728,1016,2,482.07,0.00
13362,55729,1165,5,142.75,0.05
13363,55730,1195,3,175.24,0.10
13364,55731,1113,4,30.78,0.05
13365,55731,1116,2,41.68,0.00
13366,55731,1029,1,120.55,0.00
13367,55731,1049,1,239.73,0.00
13368,55731,1100,1,462.03,0.05
13369,55732,1095,5,88.76,0.05
13370,55732,1096,1,192.12,0.00
13371,55733,1118,4,107.72,0.20
13372,55733,1109,1,243.84,0.15
13373,55733,1027,1,171.47,0.00
13374,55734,1125,1,245.62,0.00
13375,55734,1109,2,258.35,0.05
13376,55734,1093,2,179.18,0.00
13377,55735,1110,2,74.28,0.10
13378,55735,1114,2,223.57,0.10
13379,55736,1177,3,168.28,0.00
13380,55736,1110,1,74.39,0.05
13381,55736,1122,3,185.30,0.00
13382,55736,1024,1,83.31,0.10
13383,55737,1021,2,433.81,0.00
13384,55738,1015,1,520.34,0.25
13385,55738,1103,2,215.55,0.15
13386,55739,1125,4,234.61,0.05
13387,55739,1019,3,490.71,0.05
13388,55740,1090,4,188.87,0.10
13389,55741,1089,1,47.11,0.00
13390,55741,1029,1,121.72,0.00
13391,55742,1110,3,70.96,0.15
13392,55742,1006,1,149.05,0.15
13393,55743,1064,1,14.90,0.15
13394,55743,1189,1,126.06,0.10
13395,55743,1005,1,259.50,0.00
13396,55743,1176,1,170.10,0.00
13397,55743,1178,2,168.28,0.10
13398,55744,1073,1,107.43,0.15
13399,55744,1074,1,139.76,0.10
13400,55744,1090,2,189.52,0.00
13401,55745,1098,1,205.15,0.10
13402,55745,1097,1,118.91,0.10
13403,55745,1072,2,72.12,0.05
13404,55745,1143,3,178.30,0.10
13405,55746,1021,1,435.37,0.25
13406,55746,1176,2,172.86,0.15
13407,55746,1070,1,193.47,0.00
13408,55747,1082,3,104.21,0.10
13409,55748,1099,1,244.98,0.00
13410,55748,1055,3,117.46,0.15
13411,55748,1026,1,234.38,0.25
13412,55749,1048,1,25.54,0.00
13413,55750,1062,2,198.37,0.10
13414,55750,1038,1,389.70,0.00
13415,55750,1119,3,415.39,0.25
13416,55751,1092,1,438.48,0.10
13417,55751,1178,1,171.17,0.00
13418,55752,1092,2,426.95,0.05
13419,55752,1035,1,207.94,0.10
13420,55753,1061,3,193.91,0.15
13421,55753,1094,4,377.23,0.00
13422,55754,1177,2,170.98,0.00
13423,55754,1018,1,239.79,0.25
13424,55754,1059,1,81.30,0.00
13425,55754,1187,1,133.67,0.00
13426,55755,1066,3,85.72,0.25
13427,55755,1189,2,119.46,0.05
13428,55755,1182,5,106.76,0.00
13429,55755,1025,2,405.14,0.20
13430,55756,1188,3,67.51,0.00
13431,55756,1017,3,332.57,0.00
13432,55756,1186,2,96.05,0.00
13433,55756,1098,1,204.61,0.00
13434,55757,1127,2,34.71,0.00
13435,55757,1080,1,67.00,0.00
13436,55757,1023,2,72.21,0.15
13437,55758,1074,1,143.77,0.00
13438,55758,1067,2,229.15,0.25
13439,55758,1097,1,116.09,0.10
13440,55759,1199,2,78.35,0.10
13441,55759,1094,1,387.39,0.15
13442,55760,1041,1,143.04,0.00
13443,55761,1135,5,234.71,0.00
13444,55761,1087,4,221.09,0.05
13445,55761,1049,2,244.15,0.05
13446,55761,1154,2,113.99,0.00
13447,55762,1092,2,442.44,0.00
13448,55762,1171,2,144.29,0.00
13449,55762,1093,1,177.91,0.00
13450,55763,1078,2,39.51,0.00
13451,55763,1186,2,99.40,0.25
13452,55763,1165,1,145.48,0.00
13453,55763,1134,2,219.43,0.20
13454,55764,1053,1,73.66,0.10
13455,55764,1077,1,112.61,0.15
13456,55764,1079,2,94.06,0.05
13457,55764,1125,1,242.15,0.05
13458,55764,1074,2,143.08,0.10
13459,55765,1055,5,122.96,0.10
13460,55765,1068,1,29.83,0.20
13461,55765,1176,1,169.69,0.05
13462,55765,1043,1,109.67,0.00
13463,55766,1071,2,125.64,0.00
13464,55766,1067,4,227.44,0.15
13465,55767,1076,3,245.94,0.15
13466,55768,1009,5,147.73,0.00
13467,55769,1170,2,84.65,0.15
13468,55770,1055,1,114.30,0.00
13469,55770,1049,2,243.77,0.00
13470,55771,1019,2,515.72,0.25
13471,55771,1001,4,404.78,0.15
13472,55771,1180,3,24.69,0.05
13473,55771,1086,1,427.94,0.00
13474,55772,1122,2,190.26,0.05
13475,55772,1003,5,464.65,0.00
13476,55773,1162,1,142.65,0.10
13477,55774,1153,3,59.75,0.00
13478,55774,1011,4,506.66,0.10
13479,55774,1124,1,92.29,0.25
13480,55775,1168,2,159.58,0.00
13481,55775,1161,3,155.43,0.00
13482,55775,1199,3,80.58,0.00
13483,55776,1109,2,247.30,0.15
13484,55776,1090,2,197.91,0.00
13485,55776,1059,1,79.85,0.00
13486,55776,1078,2,39.01,0.00
13487,55777,1076,2,252.01,0.20
13488,55777,1079,1,93.87,0.00
13489,55778,1099,1,247.94,0.10
13490,55779,1065,1,221.66,0.20
13491,55780,1200,1,120.30,0.05
13492,55780,1119,1,405.72,0.00
13493,55781,1136,5,280.40,0.05
13494,55781,1139,1,46.29,0.00
13495,55782,1075,1,56.97,0.00
13496,55782,1176,2,172.20,0.05
13497,55783,1052,1,175.71,0.00
13498,55783,1042,1,144.65,0.00
13499,55783,1091,1,322.53,0.00
13500,55783,1018,1,235.00,0.10
13501,55784,1156,1,312.86,0.00
13502,55785,1063,1,10.21,0.25
13503,55785,1110,2,72.67,0.00
13504,55785,1196,2,158.53,0.05
13505,55786,1085,1,98.17,0.15
13506,55787,1141,3,260.03,0.00
13507,55787,1193,1,72.45,0.15
13508,55788,1008,1,407.67,0.15
13509,55788,1056,5,221.55,0.05
13510,55788,1194,3,26.53,0.00
13511,55788,1176,3,183.12,0.10
13512,55789,1167,1,140.68,0.05
13513,55789,1046,1,36.20,0.25
13514,55790,1117,1,271.57,0.15
13515,55790,1043,2,104.74,0.00
13516,55790,1065,1,229.69,0.05
13517,55791,1135,1,239.27,0.15
13518,55791,1170,2,84.27,0.05
13519,55792,1034,1,152.95,0.15
13520,55793,1044,1,250.60,0.00
13521,55793,1034,1,161.06,0.00
13522,55794,1176,1,171.49,0.05
13523,55794,1042,1,148.22,0.00
13524,55795,1157,1,94.50,0.15
13525,55795,1071,1,128.15,0.25
13526,55796,1021,1,435.48,0.15
13527,55796,1128,3,347.65,0.00
13528,55797,1139,1,45.27,0.05
13529,55797,1006,4,148.02,0.25
13530,55797,1081,2,37.75,0.00
13531,55797,1008,1,398.62,0.25
13532,55798,1146,1,11.15,0.00
13533,55798,1157,1,97.57,0.00
13534,55799,1170,3,85.29,0.00
13535,55800,1013,2,564.59,0.20
13536,55800,1120,5,271.93,0.00
13537,55801,1182,2,108.21,0.00
13538,55801,1071,4,121.92,0.20
13539,55801,1144,5,297.10,0.10
13540,55802,1164,3,64.35,0.00
13541,55803,1165,2,149.05,0.20
13542,55803,1194,1,27.38,0.20
13543,55804,1027,1,183.64,0.00
13544,55804,1056,3,214.92,0.00
13545,55804,1090,2,194.91,0.10
13546,55805,1055,2,114.23,0.15
13547,55805,1158,1,265.71,0.00
13548,55805,1160,4,63.36,0.05
13549,55806,1117,1,273.60,0.00
13550,55806,1027,1,181.60,0.05
13551,55807,1090,3,190.79,0.05
13552,55807,1165,2,140.29,0.15
13553,55808,1112,1,245.99,0.05
13554,55808,1008,2,401.29,0.00
13555,55808,1156,1,320.27,0.20
13556,55808,1076,1,250.79,0.00
13557,55808,1199,2,80.01,0.00
13558,55809,1182,1,109.07,0.00
13559,55810,1156,1,305.53,0.00
13560,55810,1011,1,479.70,0.20
13561,55810,1185,5,5.17,0.00
13562,55810,1036,1,145.95,0.15
13563,55811,1139,1,47.54,0.00
13564,55811,1056,1,223.56,0.00
13565,55812,1122,5,192.29,0.05
13566,55812,1185,1,5.26,0.10
13567,55813,1175,3,116.76,0.20
13568,55814,1040,2,170.99,0.20
13569,55814,1198,4,5.21,0.20
13570,55814,1003,2,430.68,0.05
13571,55815,1047,1,197.11,0.05
13572,55816,1151,1,321.89,0.10
13573,55816,1027,1,185.05,0.10
13574,55816,1073,1,114.16,0.15
13575,55817,1087,2,221.04,0.00
13576,55817,1062,1,202.91,0.00
13577,55818,1106,3,123.92,0.10
13578,55818,1124,1,91.69,0.05
13579,55818,1111,1,428.93,0.05
13580,55818,1150,4,36.38,0.00
13581,55818,1094,2,391.63,0.05
13582,55819,1012,1,211.88,0.10
13583,55819,1118,1,106.28,0.10
13584,55820,1137,1,230.79,0.00
13585,55820,1130,1,99.74,0.15
13586,55820,1111,2,452.43,0.10
13587,55821,1028,2,411.89,0.05
13588,55821,1168,1,163.75,0.15
13589,55821,1046,1,37.55,0.20
13590,55822,1012,1,228.59,0.05
13591,55823,1117,2,270.84,0.00
13592,55823,1099,1,258.64,0.20
13593,55824,1023,3,70.94,0.00
13594,55824,1083,4,384.76,0.05
13595,55824,1044,1,247.46,0.00
13596,55824,1002,1,179.65,0.15
13597,55825,1111,2,441.29,0.10
13598,55825,1026,1,232.97,0.05
13599,55826,1112,1,250.06,0.00
13600,55826,1089,1,49.70,0.00
13601,55827,1096,2,197.01,0.10
13602,55828,1036,3,145.16,0.00
13603,55828,1105,2,172.58,0.00
13604,55828,1011,1,483.48,0.10
13605,55829,1199,1,77.22,0.05
13606,55829,1009,3,157.26,0.00
13607,55830,1172,1,9.20,0.00
13608,55830,1084,1,106.54,0.05
13609,55831,1196,2,157.71,0.10
13610,55831,1139,2,47.38,0.00
13611,55832,1195,1,172.03,0.00
13612,55832,1191,3,132.11,0.20
13613,55833,1125,3,233.44,0.05
13614,55833,1157,2,93.70,0.25
13615,55834,1062,1,190.35,0.10
13616,55835,1093,1,188.56,0.00
13617,55835,1043,1,109.59,0.05
13618,55836,1065,3,220.24,0.05
13619,55836,1121,3,157.53,0.15
13620,55836,1047,1,204.70,0.00
13621,55837,1123,1,79.46,0.00
13622,55837,1012,4,214.86,0.05
13623,55837,1057,4,131.38,0.20
13624,55837,1104,1,184.88,0.20
13625,55837,1120,1,279.93,0.00
13626,55838,1003,3,456.18,0.10
13627,55838,1076,1,241.56,0.25
13628,55838,1122,2,181.28,0.00
13629,55839,1138,3,54.18,0.20
13630,55840,1110,1,74.74,0.00
13631,55841,1091,1,316.92,0.20
13632,55842,1078,1,40.58,0.05
13633,55843,1112,2,241.12,0.20
13634,55843,1059,1,79.85,0.00
13635,55844,1027,1,173.53,0.05
13636,55845,1159,1,147.72,0.20
13637,55846,1036,2,146.46,0.00
13638,55846,1118,3,110.04,0.05
13639,55847,1009,1,156.10,0.25
13640,55847,1107,1,202.43,0.05
13641,55847,1034,1,157.14,0.15
13642,55847,1116,1,41.40,0.00
13643,55848,1161,2,159.92,0.05
13644,55848,1167,1,141.48,0.25
13645,55849,1115,2,74.31,0.05
13646,55849,1061,1,190.68,0.05
13647,55850,1058,2,230.47,0.00
13648,55850,1088,1,352.40,0.00
13649,55850,1155,3,278.79,0.00
13650,55850,1037,1,533.55,0.20
13651,55851,1047,1,206.66,0.05
13652,55851,1156,3,322.86,0.15
13653,55851,1045,1,31.05,0.15
13654,55852,1031,4,574.77,0.05
13655,55852,1004,2,559.24,0.15
13656,55853,1053,2,76.34,0.25
13657,55853,1119,1,391.11,0.05
13658,55854,1106,1,118.73,0.25
13659,55854,1181,1,130.65,0.05
13660,55854,1042,2,149.63,0.00
13661,55855,1139,1,45.37,0.10
13662,55856,1172,1,9.49,0.00
13663,55856,1063,2,9.82,0.10
13664,55856,1179,1,170.18,0.00
13665,55857,1084,5,108.36,0.20
13666,55857,1121,2,152.27,0.05
13667,55857,1124,1,92.91,0.10
13668,55858,1083,1,384.47,0.15
13669,55859,1110,5,74.22,0.00
13670,55859,1023,4,69.15,0.10
13671,55859,1108,2,422.49,0.05
13672,55860,1060,1,160.72,0.20
13673,55861,1141,3,259.13,0.00
13674,55861,1013,2,562.79,0.05
13675,55861,1117,1,264.45,0.05
13676,55861,1123,1,82.56,0.00
13677,55862,1043,1,101.67,0.00
13678,55862,1160,1,63.36,0.05
13679,55863,1052,1,175.44,0.20
13680,55863,1025,1,384.26,0.15
13681,55863,1091,1,336.73,0.15
13682,55864,1143,1,170.04,0.10
13683,55864,1194,2,27.73,0.00
13684,55865,1124,1,88.13,0.05
13685,55865,1128,5,355.55,0.15
13686,55865,1168,3,154.95,0.00
13687,55866,1105,1,167.96,0.20
13688,55866,1096,1,189.80,0.00
13689,55866,1121,1,156.57,0.00
13690,55866,1082,5,107.75,0.20
13691,55867,1015,5,496.83,0.00
13692,55868,1043,1,102.23,0.05
13693,55868,1079,1,91.11,0.00
13694,55869,1151,2,326.02,0.15
13695,55870,1022,2,150.62,0.05
13696,55870,1188,3,66.80,0.00
13697,55871,1021,1,431.63,0.00
13698,55872,1035,2,200.02,0.15
13699,55872,1123,1,76.45,0.05
13700,55872,1105,2,180.24,0.05
13701,55873,1056,5,215.19,0.25
13702,55873,1133,1,295.00,0.00
13703,55873,1072,1,72.45,0.05
13704,55874,1156,3,314.40,0.00
13705,55874,1048,2,25.78,0.10
13706,55874,1018,1,246.91,0.20
13707,55874,1006,2,156.20,0.15
13708,55875,1061,1,199.16,0.00
13709,55875,1153,1,60.46,0.00
13710,55876,1052,5,177.12,0.00
13711,55876,1142,2,217.30,0.05
13712,55876,1092,1,446.29,0.25
13713,55877,1117,1,271.50,0.15
13714,55877,1049,3,258.57,0.15
13715,55878,1125,1,247.41,0.00
13716,55878,1043,4,104.17,0.00
13717,55878,1105,1,167.18,0.05
13718,55878,1186,1,96.80,0.05
13719,55879,1023,3,72.37,0.20
13720,55879,1093,3,185.87,0.00
13721,55879,1179,1,178.54,0.20
13722,55879,1083,1,383.78,0.10
13723,55880,1156,4,325.15,0.00
13724,55880,1047,4,205.24,0.05
13725,55881,1079,1,88.77,0.05
13726,55881,1056,5,224.62,0.00
13727,55882,1048,1,25.26,0.10
13728,55883,1182,4,114.65,0.25
13729,55883,1086,1,423.24,0.00
13730,55883,1171,1,148.43,0.25
13731,55883,1106,5,124.49,0.20
13732,55884,1010,2,482.74,0.20
13733,55885,1185,1,5.15,0.10
13734,55885,1169,2,43.67,0.10
13735,55886,1018,1,250.89,0.00
13736,55887,1005,1,257.89,0.10
13737,55888,1102,1,370.63,0.25
13738,55889,1146,5,10.88,0.00
13739,55889,1067,2,215.77,0.20
13740,55890,1101,1,447.50,0.00
13741,55890,1063,1,10.35,0.10
13742,55890,1053,1,71.28,0.05
13743,55890,1003,2,453.27,0.00
13744,55890,1155,2,282.01,0.20
13745,55891,1005,3,275.27,0.15
13746,55891,1008,1,409.70,0.05
13747,55892,1110,1,73.93,0.00
13748,55892,1065,3,220.69,0.10
13749,55892,1119,2,398.72,0.00
13750,55893,1196,1,165.92,0.00
13751,55893,1166,3,144.74,0.10
13752,55893,1060,2,151.88,0.05
13753,55894,1124,1,89.50,0.00
13754,55894,1112,2,243.19,0.05
13755,55895,1109,1,257.26,0.05
13756,55896,1017,2,321.46,0.15
13757,55896,1111,1,429.05,0.15
13758,55896,1197,1,58.83,0.00
13759,55897,1106,1,124.69,0.00
13760,55897,1098,5,206.91,0.05
13761,55898,1131,3,299.36,0.10
13762,55898,1155,2,286.53,0.00
13763,55899,1037,1,525.08,0.15
13764,55899,1130,1,102.55,0.00
13765,55899,1166,2,150.91,0.00
13766,55900,1200,1,116.70,0.00
13767,55900,1023,3,68.90,0.00
13768,55900,1045,3,32.45,0.10
13769,55901,1074,1,135.98,0.05
13770,55901,1147,5,232.55,0.00
13771,55902,1072,2,76.38,0.10
13772,55902,1039,1,550.93,0.00
13773,55902,1190,2,60.49,0.00
13774,55903,1087,1,214.98,0.00
13775,55903,1127,1,34.62,0.00
13776,55903,1020,1,521.81,0.00
13777,55904,1176,1,172.64,0.20
13778,55904,1057,3,135.12,0.10
13779,55904,1025,1,393.66,0.05
13780,55905,1107,1,213.11,0.00
13781,55906,1199,4,80.61,0.10
13782,55906,1070,1,195.85,0.10
13783,55907,1184,2,51.46,0.20
13784,55908,1065,1,214.19,0.05
13785,55908,1123,2,81.17,0.20
13786,55908,1072,2,71.01,0.05
13787,55908,1194,2,27.73,0.05
13788,55909,1179,2,174.16,0.10
13789,55909,1178,1,168.18,0.00
13790,55909,1083,1,388.83,0.25
13791,55910,1156,1,309.57,0.00
13792,55910,1112,1,241.87,0.15
13793,55910,1076,1,248.29,0.05
13794,55910,1140,2,104.35,0.10
13795,55911,1175,2,117.80,0.20
13796,55911,1061,3,186.42,0.00
13797,55912,1098,1,194.64,0.00
13798,55912,1116,2,41.81,0.00
13799,55912,1094,2,374.33,0.15
13800,55912,1062,4,195.39,0.00
13801,55912,1053,1,71.22,0.10
13802,55913,1182,2,115.47,0.25
13803,55913,1143,5,181.89,0.00
13804,55914,1170,1,84.20,0.00
13805,55915,1180,2,23.40,0.10
13806,55915,1175,2,113.78,0.15
13807,55915,1034,1,161.82,0.05
13808,55915,1072,3,75.72,0.00
13809,55915,1068,2,31.02,0.00
13810,55916,1089,1,48.57,0.20
13811,55917,1136,1,278.47,0.10
13812,55918,1051,1,13.06,0.05
13813,55918,1139,2,46.20,0.15
13814,55919,1130,1,97.32,0.10
13815,55920,1199,1,79.13,0.05
13816,55921,1079,1,94.48,0.00
13817,55921,1113,2,30.80,0.15
13818,55922,1061,1,199.51,0.05
13819,55922,1034,1,157.11,0.00
13820,55922,1187,2,131.91,0.25
13821,55922,1190,4,61.26,0.00
13822,55923,1029,2,124.20,0.00
13823,55923,1082,3,104.95,0.00
13824,55923,1085,1,102.26,0.05
13825,55923,1129,2,35.84,0.05
13826,55924,1013,1,597.32,0.00
13827,55924,1041,2,143.00,0.00
13828,55925,1025,1,398.18,0.15
13829,55926,1182,1,112.03,0.00
13830,55926,1146,4,11.59,0.00
13831,55927,1118,1,105.56,0.05
13832,55927,1094,3,383.49,0.00
13833,55927,1065,1,217.01,0.15
13834,55927,1069,3,26.08,0.05
13835,55927,1187,4,137.34,0.15
13836,55928,1099,1,240.28,0.00
13837,55928,1059,2,79.63,0.05
13838,55928,1020,3,531.72,0.05
13839,55929,1087,2,213.68,0.10
13840,55929,1060,3,159.02,0.10
13841,55930,1149,4,149.62,0.05
13842,55930,1155,2,270.21,0.05
13843,55930,1116,3,40.54,0.10
13844,55930,1022,1,162.05,0.15
13845,55930,1093,1,183.26,0.00
13846,55931,1162,2,143.26,0.00
13847,55931,1119,1,388.61,0.20
13848,55932,1174,2,173.51,0.15
13849,55932,1132,1,130.39,0.10
13850,55933,1145,3,156.39,0.00
13851,55933,1163,1,9.46,0.20
13852,55934,1008,2,388.24,0.10
13853,55934,1027,1,179.73,0.05
13854,55935,1031,2,580.71,0.20
13855,55936,1032,2,348.23,0.10
13856,55937,1054,1,38.00,0.25
13857,55937,1106,1,124.74,0.15
13858,55938,1173,2,62.71,0.00
13859,55938,1158,5,278.72,0.10
13860,55939,1044,1,253.64,0.20
13861,55939,1072,3,75.66,0.00
13862,55939,1186,1,101.57,0.00
13863,55940,1086,4,405.66,0.00
13864,55940,1162,1,148.01,0.10
13865,55940,1173,1,64.89,0.00
13866,55941,1083,1,402.91,0.00
13867,55942,1184,1,51.54,0.05
13868,55942,1195,2,170.13,0.10
13869,55942,1095,1,90.68,0.10
13870,55942,1141,2,259.80,0.25
13871,55942,1027,2,172.99,0.00
13872,55943,1085,4,101.87,0.20
13873,55943,1171,2,138.86,0.25
13874,55944,1008,5,385.10,0.05
13875,55945,1095,1,92.37,0.00
13876,55945,1097,4,113.36,0.00
13877,55946,1195,2,165.84,0.05
13878,55946,1068,1,31.36,0.05
13879,55947,1171,2,143.95,0.15
13880,55948,1023,1,72.20,0.10
13881,55949,1148,2,258.24,0.00
13882,55949,1084,1,107.04,0.00
13883,55950,1159,2,151.25,0.05
13884,55951,1167,1,144.23,0.15
13885,55951,1169,2,44.65,0.25
13886,55951,1086,4,432.02,0.25
13887,55952,1077,1,115.33,0.05
13888,55952,1082,2,105.07,0.20
13889,55953,1145,2,148.55,0.10
13890,55953,1012,1,216.18,0.00
13891,55953,1183,1,69.97,0.20
13892,55954,1153,1,60.33,0.00
13893,55954,1111,1,449.95,0.00
13894,55955,1039,1,555.67,0.05
13895,55956,1057,1,133.26,0.05
13896,55956,1068,1,29.77,0.00
13897,55957,1008,1,391.36,0.00
13898,55958,1167,2,142.27,0.00
13899,55958,1087,2,216.02,0.00
13900,55959,1021,3,427.20,0.20
13901,55959,1018,1,251.52,0.05
13902,55960,1081,2,36.10,0.00
13903,55961,1009,2,152.61,0.00
13904,55962,1199,2,81.92,0.10
13905,55962,1120,3,280.09,0.00
13906,55962,1005,1,262.41,0.00
13907,55963,1153,2,58.53,0.00
13908,55964,1128,5,337.51,0.10
13909,55964,1113,1,30.31,0.05
13910,55965,1009,1,148.46,0.15
13911,55965,1128,2,345.17,0.00
13912,55966,1124,4,89.12,0.15
13913,55966,1150,2,36.58,0.15
13914,55967,1050,1,237.11,0.00
13915,55967,1049,3,239.98,0.10
13916,55968,1031,1,581.31,0.10
13917,55968,1064,1,14.60,0.00
13918,55969,1035,1,211.99,0.00
13919,55969,1053,2,71.26,0.00
13920,55969,1186,1,96.17,0.25
13921,55969,1179,5,173.82,0.10
13922,55970,1167,1,138.10,0.00
13923,55970,1121,2,149.27,0.00
13924,55970,1166,1,143.71,0.00
13925,55970,1075,2,60.52,0.10
13926,55971,1017,2,333.01,0.00
13927,55971,1096,1,188.14,0.10
13928,55972,1182,1,106.85,0.15
13929,55972,1198,5,5.22,0.25
13930,55973,1184,1,50.92,0.10
13931,55974,1021,2,443.33,0.25
13932,55974,1070,1,200.71,0.25
13933,55975,1035,1,203.59,0.15
13934,55976,1105,2,167.95,0.00
13935,55976,1030,1,118.63,0.05
13936,55977,1074,1,138.03,0.00
13937,55977,1005,1,270.31,0.00
13938,55977,1103,1,215.41,0.25
13939,55978,1157,1,97.78,0.00
13940,55978,1125,3,236.13,0.10
13941,55979,1073,2,112.30,0.05
13942,55979,1113,3,30.71,0.05
13943,55979,1129,3,35.34,0.00
13944,55979,1149,1,160.32,0.20
13945,55979,1079,1,91.11,0.00
13946,55980,1025,2,378.51,0.05
13947,55980,1004,1,546.00,0.10
13948,55981,1024,2,81.03,0.20
13949,55981,1149,2,158.82,0.05
13950,55981,1079,1,89.54,0.05
13951,55981,1005,1,262.74,0.00
13952,55982,1153,3,61.40,0.10
13953,55982,1070,2,200.19,0.00
13954,55982,1073,1,114.98,0.15
13955,55983,1159,3,152.91,0.00
13956,55983,1191,1,128.07,0.25
13957,55983,1105,3,173.45,0.00
13958,55983,1163,1,8.97,0.05
13959,55984,1107,1,208.77,0.00
13960,55984,1098,2,201.78,0.00
13961,55985,1200,2,122.41,0.00
13962,55985,1072,4,72.87,0.00
13963,55985,1029,5,125.26,0.00
13964,55986,1177,1,168.20,0.15
13965,55987,1029,4,124.48,0.00
13966,55988,1122,3,186.37,0.15
13967,55988,1164,1,63.21,0.20
13968,55989,1038,1,401.50,0.00
13969,55990,1021,2,424.09,0.05
13970,55990,1087,1,213.81,0.15
13971,55991,1187,2,137.99,0.20
13972,55992,1013,1,566.50,0.00
13973,55993,1142,5,232.35,0.05
13974,55993,1178,1,173.23,0.00
13975,55993,1137,1,236.88,0.05
13976,55994,1161,2,156.05,0.10
13977,55994,1191,3,126.00,0.00
13978,55994,1017,5,322.79,0.20
13979,55994,1021,2,422.27,0.10
13980,55995,1156,2,326.05,0.05
13981,55996,1122,1,187.20,0.00
13982,55996,1153,2,60.03,0.10
13983,55996,1146,1,11.37,0.05
13984,55996,1052,1,169.41,0.00
13985,55997,1186,3,96.29,0.05
13986,55998,1170,3,82.33,0.10
13987,55998,1078,1,37.70,0.05
13988,55999,1198,1,5.26,0.00
13989,55999,1018,1,238.72,0.00
13990,56000,1159,1,144.58,0.05
