"order_id","customer_id","order_date","channel","payment_method","region_id","order_status"
50001,691,2024-03-05,Store,Debit Card,2,Completed
50002,389,2025-10-01,Mobile App,Digital Wallet,4,Completed
50003,25,2025-02-02,Online,PayPal,4,Completed
50004,1166,2024-06-24,Online,PayPal,4,Cancelled
50005,920,2024-08-26,Marketplace,Credit Card,4,Completed
50006,414,2024-06-04,Mobile App,Debit Card,4,Returned
50007,850,2024-01-25,Marketplace,PayPal,2,Completed
50008,1290,2024-01-07,Mobile App,Debit Card,3,Completed
50009,986,2025-01-03,Online,Digital Wallet,2,Completed
50010,615,2024-09-20,Online,PayPal,3,Completed
50011,1486,2025-01-17,Online,Credit Card,3,Completed
50012,894,2024-12-22,Mobile App,PayPal,5,Completed
50013,1395,2024-05-30,Mobile App,Debit Card,2,Completed
50014,1092,2025-08-23,Online,Credit Card,1,Completed
50015,1008,2024-01-02,Marketplace,Digital Wallet,4,Completed
50016,375,2024-07-15,Store,Digital Wallet,1,Completed
50017,86,2024-04-09,Marketplace,Digital Wallet,2,Completed
50018,1486,2024-05-22,Online,PayPal,3,Returned
50019,738,2024-11-29,Online,Digital Wallet,4,Completed
50020,789,2025-12-30,Mobile App,Credit Card,2,Completed
50021,1434,2024-04-01,Store,Credit Card,2,Completed
50022,1231,2024-08-16,Online,Credit Card,1,Completed
50023,868,2024-11-23,Marketplace,Debit Card,1,Completed
50024,1024,2025-11-27,Mobile App,Debit Card,3,Completed
50025,461,2025-12-18,Store,Debit Card,4,Completed
50026,1427,2025-07-15,Online,Credit Card,1,Completed
50027,1179,2024-05-31,Store,Debit Card,3,Returned
50028,1332,2024-12-12,Store,Digital Wallet,5,Completed
50029,1337,2025-11-17,Marketplace,Digital Wallet,1,Completed
50030,1321,2025-12-20,Mobile App,Credit Card,4,Completed
50031,1335,2024-04-30,Mobile App,Debit Card,2,Completed
50032,174,2024-05-07,Online,Debit Card,1,Completed
50033,203,2025-11-09,Online,Debit Card,5,Completed
50034,418,2025-12-14,Marketplace,Debit Card,4,Completed
50035,554,2025-12-01,Online,Credit Card,5,Completed
50036,253,2024-11-09,Marketplace,Credit Card,2,Completed
50037,1218,2024-05-10,Mobile App,Debit Card,3,Completed
50038,759,2025-12-25,Mobile App,Digital Wallet,4,Completed
50039,877,2024-08-22,Marketplace,PayPal,2,Completed
50040,1135,2024-05-19,Mobile App,Credit Card,4,Completed
50041,1082,2025-12-01,Mobile App,Debit Card,1,Completed
50042,602,2024-09-28,Marketplace,Digital Wallet,1,Completed
50043,1261,2025-04-16,Online,Credit Card,5,Completed
50044,464,2025-04-26,Online,Digital Wallet,3,Returned
50045,1453,2024-07-22,Online,Debit Card,4,Completed
50046,819,2025-02-02,Store,Credit Card,2,Completed
50047,984,2024-10-23,Online,Digital Wallet,3,Completed
50048,540,2025-12-18,Marketplace,Debit Card,2,Completed
50049,300,2025-03-12,Online,Credit Card,3,Completed
50050,226,2024-10-02,Store,Digital Wallet,3,Completed
50051,267,2024-12-05,Marketplace,PayPal,5,Completed
50052,1233,2024-05-03,Store,Debit Card,4,Completed
50053,315,2024-02-14,Online,PayPal,1,Returned
50054,1427,2024-05-12,Store,Credit Card,1,Completed
50055,377,2024-01-04,Online,Credit Card,5,Completed
50056,1310,2025-01-12,Store,PayPal,4,Completed
50057,362,2025-08-20,Marketplace,Digital Wallet,5,Returned
50058,452,2024-11-28,Mobile App,Digital Wallet,2,Completed
50059,1016,2024-07-04,Marketplace,Debit Card,2,Completed
50060,143,2024-05-26,Online,Digital Wallet,4,Completed
50061,1320,2024-02-14,Marketplace,PayPal,2,Completed
50062,981,2024-06-07,Mobile App,PayPal,4,Completed
50063,851,2024-05-25,Online,Debit Card,5,Completed
50064,1407,2024-04-25,Store,Debit Card,2,Completed
50065,1023,2025-11-08,Online,Credit Card,5,Completed
50066,869,2025-10-13,Marketplace,Debit Card,1,Completed
50067,1421,2024-08-28,Online,Credit Card,5,Completed
50068,296,2025-03-07,Marketplace,Credit Card,2,Completed
50069,870,2025-01-15,Online,Credit Card,2,Completed
50070,374,2024-11-02,Marketplace,Digital Wallet,4,Completed
50071,1457,2025-05-28,Online,Debit Card,3,Completed
50072,1268,2024-02-27,Online,Credit Card,2,Completed
50073,223,2024-04-16,Mobile App,PayPal,3,Completed
50074,67,2024-09-03,Store,Credit Card,5,Completed
50075,266,2025-12-20,Online,Credit Card,1,Completed
50076,1396,2025-10-31,Marketplace,PayPal,2,Completed
50077,1460,2025-11-30,Online,Credit Card,4,Cancelled
50078,1022,2024-04-06,Online,PayPal,5,Completed
50079,906,2025-05-14,Marketplace,Digital Wallet,5,Completed
50080,922,2025-11-29,Store,Credit Card,4,Completed
50081,325,2025-08-06,Online,Digital Wallet,1,Completed
50082,133,2024-11-20,Mobile App,Debit Card,1,Completed
50083,1232,2025-01-24,Marketplace,Digital Wallet,3,Cancelled
50084,553,2024-03-26,Online,Credit Card,1,Completed
50085,859,2025-05-08,Mobile App,Debit Card,1,Cancelled
50086,1263,2024-05-28,Store,PayPal,2,Completed
50087,385,2024-08-09,Store,Credit Card,2,Completed
50088,722,2025-07-09,Store,PayPal,2,Completed
50089,893,2025-01-25,Mobile App,Digital Wallet,5,Completed
50090,67,2025-11-14,Mobile App,Debit Card,5,Completed
50091,16,2025-06-03,Marketplace,PayPal,1,Completed
50092,802,2025-08-14,Store,Digital Wallet,3,Cancelled
50093,259,2025-05-31,Mobile App,Digital Wallet,5,Completed
50094,162,2025-08-08,Marketplace,Debit Card,4,Cancelled
50095,564,2025-10-04,Store,Credit Card,4,Completed
50096,330,2024-07-03,Store,Credit Card,5,Completed
50097,1242,2025-06-14,Online,PayPal,5,Completed
50098,260,2024-10-01,Online,Credit Card,4,Completed
50099,1408,2025-08-24,Marketplace,Digital Wallet,3,Completed
50100,1296,2024-03-06,Store,PayPal,2,Completed
50101,149,2025-01-15,Online,Credit Card,3,Completed
50102,477,2025-07-29,Online,Debit Card,2,Completed
50103,1375,2025-10-23,Marketplace,PayPal,5,Completed
50104,928,2025-08-28,Mobile App,PayPal,1,Completed
50105,851,2024-11-04,Marketplace,Digital Wallet,5,Completed
50106,98,2024-01-11,Store,Digital Wallet,4,Completed
50107,11,2025-12-05,Online,Credit Card,4,Completed
50108,1069,2025-06-24,Mobile App,Digital Wallet,5,Cancelled
50109,1351,2024-03-02,Mobile App,Digital Wallet,4,Completed
50110,1053,2024-11-16,Online,Digital Wallet,5,Completed
50111,220,2024-04-22,Store,Debit Card,5,Completed
50112,883,2025-06-04,Mobile App,PayPal,1,Completed
50113,450,2024-04-27,Online,PayPal,5,Completed
50114,1417,2024-10-01,Online,Debit Card,5,Completed
50115,1409,2024-09-01,Mobile App,Debit Card,5,Completed
50116,93,2025-06-21,Marketplace,Credit Card,5,Completed
50117,1360,2025-09-02,Online,Credit Card,1,Completed
50118,423,2024-04-01,Store,Credit Card,4,Cancelled
50119,932,2024-12-21,Store,Digital Wallet,5,Returned
50120,1361,2024-06-15,Online,PayPal,3,Completed
50121,11,2025-03-16,Marketplace,Credit Card,4,Completed
50122,403,2024-03-23,Online,PayPal,5,Completed
50123,1400,2024-07-23,Online,Debit Card,2,Completed
50124,895,2024-04-08,Mobile App,PayPal,2,Completed
50125,620,2025-01-17,Mobile App,PayPal,3,Completed
50126,125,2025-11-21,Marketplace,Debit Card,1,Completed
50127,994,2024-04-27,Online,Credit Card,2,Completed
50128,114,2024-05-04,Mobile App,Debit Card,5,Completed
50129,593,2025-11-14,Mobile App,PayPal,3,Completed
50130,621,2025-11-03,Online,PayPal,1,Cancelled
50131,1447,2025-06-21,Online,Debit Card,3,Completed
50132,1241,2025-11-05,Marketplace,PayPal,1,Completed
50133,1363,2024-04-18,Mobile App,PayPal,5,Completed
50134,1306,2024-07-19,Mobile App,PayPal,4,Completed
50135,148,2024-12-14,Marketplace,Digital Wallet,1,Completed
50136,283,2024-03-09,Mobile App,Credit Card,3,Completed
50137,1232,2025-07-07,Online,PayPal,3,Returned
50138,590,2025-09-17,Online,Credit Card,1,Completed
50139,150,2025-12-20,Marketplace,PayPal,1,Cancelled
50140,402,2024-02-23,Online,Debit Card,1,Completed
50141,119,2024-08-31,Mobile App,Debit Card,4,Completed
50142,1342,2025-11-03,Online,Debit Card,3,Completed
50143,111,2024-12-20,Marketplace,Digital Wallet,1,Completed
50144,1133,2024-08-03,Marketplace,Debit Card,3,Completed
50145,1022,2024-02-04,Mobile App,PayPal,5,Completed
50146,784,2025-01-28,Online,Digital Wallet,4,Completed
50147,538,2025-08-28,Online,Digital Wallet,5,Completed
50148,1063,2024-09-23,Online,Debit Card,4,Completed
50149,1112,2024-10-29,Online,PayPal,5,Completed
50150,735,2025-07-23,Online,Credit Card,1,Completed
50151,358,2025-11-02,Online,Credit Card,5,Completed
50152,34,2024-12-27,Online,Debit Card,1,Completed
50153,1169,2025-11-28,Mobile App,PayPal,2,Completed
50154,755,2024-02-15,Online,Credit Card,3,Completed
50155,1191,2025-12-30,Online,Credit Card,5,Completed
50156,460,2025-08-01,Mobile App,Digital Wallet,1,Completed
50157,1066,2025-03-27,Online,PayPal,4,Returned
50158,840,2025-01-05,Mobile App,Credit Card,2,Returned
50159,1241,2024-12-15,Online,Digital Wallet,1,Completed
50160,930,2024-01-16,Online,Digital Wallet,1,Completed
50161,150,2024-05-15,Mobile App,Digital Wallet,1,Returned
50162,1263,2024-02-16,Store,Digital Wallet,2,Returned
50163,1215,2025-04-09,Mobile App,PayPal,5,Returned
50164,1076,2025-08-16,Store,PayPal,4,Completed
50165,1261,2024-11-17,Online,Credit Card,5,Completed
50166,289,2024-04-08,Marketplace,Debit Card,4,Completed
50167,246,2025-05-20,Marketplace,PayPal,1,Completed
50168,153,2024-11-30,Online,Digital Wallet,2,Completed
50169,651,2025-11-07,Mobile App,Credit Card,2,Completed
50170,1301,2024-08-07,Online,Debit Card,3,Completed
50171,1307,2024-12-23,Mobile App,Debit Card,4,Completed
50172,238,2024-06-29,Online,Credit Card,5,Completed
50173,549,2025-06-03,Marketplace,Digital Wallet,5,Completed
50174,917,2025-02-23,Marketplace,Debit Card,2,Completed
50175,1480,2024-12-07,Marketplace,Credit Card,1,Completed
50176,766,2024-12-05,Mobile App,Debit Card,4,Returned
50177,994,2024-02-13,Online,Debit Card,2,Completed
50178,851,2024-01-21,Marketplace,Debit Card,5,Completed
50179,940,2024-07-26,Store,Digital Wallet,4,Completed
50180,1018,2025-04-08,Store,Digital Wallet,3,Completed
50181,426,2024-03-26,Mobile App,Digital Wallet,3,Completed
50182,1414,2024-08-29,Marketplace,Credit Card,1,Returned
50183,233,2025-05-22,Marketplace,Digital Wallet,3,Completed
50184,1464,2024-09-14,Online,PayPal,4,Returned
50185,193,2025-07-04,Online,Digital Wallet,4,Completed
50186,395,2024-10-08,Store,Digital Wallet,3,Completed
50187,1497,2024-08-09,Online,Credit Card,5,Completed
50188,1262,2024-08-02,Marketplace,Debit Card,2,Completed
50189,241,2025-12-24,Online,PayPal,1,Completed
50190,1373,2024-12-20,Online,Debit Card,4,Completed
50191,400,2024-12-02,Online,PayPal,4,Completed
50192,90,2025-12-13,Online,Credit Card,1,Cancelled
50193,314,2025-12-23,Marketplace,Debit Card,1,Completed
50194,1202,2025-11-11,Marketplace,Credit Card,2,Completed
50195,719,2024-04-30,Mobile App,Credit Card,3,Completed
50196,22,2025-04-16,Marketplace,Debit Card,2,Completed
50197,409,2024-09-27,Online,PayPal,3,Completed
50198,592,2024-07-31,Store,PayPal,2,Completed
50199,70,2024-11-26,Mobile App,Credit Card,3,Completed
50200,900,2025-09-23,Mobile App,Digital Wallet,5,Completed
50201,480,2025-06-03,Mobile App,PayPal,2,Returned
50202,1164,2024-05-22,Online,Credit Card,5,Cancelled
50203,618,2024-11-10,Online,Debit Card,3,Completed
50204,950,2025-12-24,Store,Digital Wallet,5,Completed
50205,1247,2025-01-12,Mobile App,Credit Card,2,Completed
50206,985,2024-02-05,Store,Debit Card,4,Completed
50207,24,2025-11-17,Marketplace,PayPal,4,Completed
50208,164,2024-06-02,Store,PayPal,4,Completed
50209,607,2024-07-02,Online,Digital Wallet,2,Completed
50210,708,2024-02-11,Online,Debit Card,5,Completed
50211,163,2024-11-06,Mobile App,Debit Card,1,Completed
50212,1411,2024-07-09,Mobile App,Digital Wallet,5,Returned
50213,1453,2024-11-28,Mobile App,Digital Wallet,4,Completed
50214,349,2025-11-20,Online,Credit Card,1,Completed
50215,320,2025-10-01,Mobile App,Credit Card,4,Completed
50216,811,2024-08-11,Online,PayPal,1,Completed
50217,721,2024-08-10,Mobile App,PayPal,4,Completed
50218,364,2025-02-13,Mobile App,PayPal,1,Completed
50219,1169,2024-11-28,Online,Digital Wallet,2,Completed
50220,1236,2024-06-12,Marketplace,Credit Card,5,Completed
50221,790,2025-07-04,Marketplace,Credit Card,1,Completed
50222,538,2025-01-10,Online,Debit Card,5,Completed
50223,1453,2024-09-23,Mobile App,PayPal,4,Completed
50224,1163,2025-10-11,Marketplace,PayPal,5,Completed
50225,832,2025-10-21,Marketplace,PayPal,3,Completed
50226,702,2024-08-18,Online,PayPal,2,Completed
50227,415,2024-12-03,Online,Credit Card,5,Cancelled
50228,375,2025-12-07,Marketplace,Debit Card,1,Completed
50229,1071,2024-11-06,Online,Digital Wallet,1,Completed
50230,1208,2024-11-03,Mobile App,Credit Card,2,Completed
50231,555,2024-12-02,Mobile App,PayPal,4,Completed
50232,14,2025-06-05,Online,Credit Card,2,Completed
50233,211,2025-12-02,Mobile App,Debit Card,2,Completed
50234,322,2024-10-02,Online,PayPal,5,Completed
50235,828,2024-12-28,Online,Digital Wallet,1,Completed
50236,765,2024-01-25,Marketplace,PayPal,5,Completed
50237,1351,2025-12-24,Online,Digital Wallet,4,Completed
50238,228,2025-04-28,Marketplace,PayPal,3,Cancelled
50239,288,2025-12-17,Online,PayPal,1,Returned
50240,1237,2024-01-24,Mobile App,Digital Wallet,2,Completed
50241,670,2025-07-05,Mobile App,Credit Card,2,Completed
50242,1332,2025-12-01,Online,Digital Wallet,5,Completed
50243,1339,2025-11-12,Marketplace,PayPal,5,Returned
50244,646,2024-07-25,Mobile App,PayPal,5,Completed
50245,1209,2024-05-07,Online,Credit Card,5,Completed
50246,851,2024-07-14,Online,PayPal,5,Completed
50247,134,2025-10-29,Store,Credit Card,4,Completed
50248,430,2025-11-07,Mobile App,Debit Card,1,Completed
50249,372,2024-11-09,Online,PayPal,4,Completed
50250,296,2025-02-21,Online,Debit Card,2,Completed
50251,975,2025-07-03,Marketplace,Credit Card,3,Completed
50252,1170,2024-07-19,Mobile App,Debit Card,1,Completed
50253,512,2024-08-19,Marketplace,PayPal,2,Completed
50254,488,2024-06-14,Online,Digital Wallet,2,Completed
50255,1343,2024-12-11,Online,PayPal,1,Completed
50256,1316,2024-05-09,Store,Credit Card,4,Completed
50257,291,2025-11-27,Online,PayPal,5,Completed
50258,1267,2025-09-16,Online,Credit Card,2,Cancelled
50259,841,2024-05-23,Marketplace,Debit Card,4,Completed
50260,145,2024-10-09,Online,Debit Card,4,Completed
50261,638,2025-06-20,Mobile App,Digital Wallet,1,Completed
50262,558,2024-02-11,Store,Credit Card,5,Completed
50263,1236,2025-11-11,Marketplace,Digital Wallet,5,Completed
50264,995,2025-11-12,Store,Digital Wallet,3,Completed
50265,489,2025-12-27,Mobile App,Digital Wallet,3,Completed
50266,1071,2024-01-27,Online,PayPal,1,Completed
50267,1121,2025-10-25,Online,PayPal,5,Completed
50268,467,2024-11-20,Online,Credit Card,3,Completed
50269,741,2024-11-26,Online,PayPal,2,Returned
50270,299,2024-12-14,Online,Digital Wallet,2,Completed
50271,43,2025-09-18,Mobile App,Debit Card,4,Completed
50272,1420,2024-05-17,Marketplace,Debit Card,5,Completed
50273,1438,2024-08-17,Mobile App,Credit Card,4,Completed
50274,977,2025-12-24,Mobile App,Credit Card,5,Returned
50275,1006,2024-11-13,Mobile App,PayPal,3,Completed
50276,146,2025-09-20,Online,Debit Card,1,Completed
50277,61,2024-05-02,Online,Digital Wallet,4,Completed
50278,168,2024-12-13,Online,PayPal,2,Completed
50279,628,2025-05-25,Online,PayPal,5,Completed
50280,1101,2024-04-20,Online,Debit Card,4,Returned
50281,918,2024-03-08,Online,Debit Card,1,Cancelled
50282,1211,2025-06-28,Marketplace,Debit Card,3,Completed
50283,892,2025-01-21,Online,Credit Card,2,Completed
50284,386,2024-04-01,Mobile App,Debit Card,5,Completed
50285,1042,2024-04-11,Online,Debit Card,4,Completed
50286,93,2025-01-25,Mobile App,PayPal,5,Completed
50287,762,2025-02-15,Online,Debit Card,5,Completed
50288,635,2024-10-06,Online,Digital Wallet,5,Completed
50289,671,2025-12-12,Mobile App,PayPal,5,Completed
50290,178,2024-07-24,Store,Digital Wallet,1,Completed
50291,139,2024-09-04,Online,Debit Card,4,Completed
50292,947,2024-02-27,Online,PayPal,4,Completed
50293,903,2025-07-24,Mobile App,PayPal,2,Completed
50294,120,2025-10-05,Mobile App,Credit Card,5,Completed
50295,459,2024-05-27,Marketplace,Digital Wallet,1,Cancelled
50296,927,2025-04-19,Online,Digital Wallet,2,Completed
50297,949,2025-02-22,Online,Digital Wallet,1,Completed
50298,1278,2025-02-26,Online,Debit Card,3,Completed
50299,268,2025-05-13,Store,Credit Card,2,Completed
50300,136,2024-11-19,Marketplace,Digital Wallet,4,Completed
50301,312,2024-06-16,Mobile App,Digital Wallet,5,Completed
50302,912,2025-04-29,Online,Credit Card,3,Completed
50303,404,2025-10-11,Marketplace,Credit Card,4,Completed
50304,1345,2024-12-06,Online,Credit Card,1,Completed
50305,1424,2025-11-19,Online,PayPal,5,Completed
50306,48,2024-04-19,Online,Credit Card,1,Completed
50307,678,2025-11-11,Online,Debit Card,2,Completed
50308,1240,2025-12-24,Online,Credit Card,3,Completed
50309,384,2024-11-25,Online,Digital Wallet,3,Completed
50310,1342,2025-11-30,Marketplace,Credit Card,3,Completed
50311,653,2024-11-22,Marketplace,Digital Wallet,1,Completed
50312,946,2025-02-16,Store,Digital Wallet,5,Completed
50313,310,2024-08-10,Online,Debit Card,4,Completed
50314,1126,2024-10-11,Mobile App,Digital Wallet,2,Completed
50315,694,2025-10-07,Mobile App,Credit Card,3,Completed
50316,758,2025-03-03,Store,Debit Card,5,Returned
50317,1154,2024-11-16,Online,Debit Card,2,Completed
50318,1491,2024-09-29,Online,Debit Card,3,Completed
50319,458,2025-10-10,Online,Digital Wallet,4,Completed
50320,400,2024-10-16,Online,Credit Card,4,Completed
50321,162,2025-01-12,Store,Debit Card,4,Completed
50322,584,2024-05-06,Online,Digital Wallet,4,Completed
50323,71,2025-10-21,Mobile App,Credit Card,1,Completed
50324,287,2024-06-04,Online,Debit Card,2,Completed
50325,811,2025-12-12,Marketplace,Debit Card,1,Completed
50326,50,2025-12-15,Online,Debit Card,2,Completed
50327,15,2024-12-23,Mobile App,PayPal,2,Completed
50328,686,2024-07-19,Online,Credit Card,4,Completed
50329,219,2024-07-29,Mobile App,PayPal,3,Completed
50330,684,2024-07-30,Marketplace,PayPal,1,Completed
50331,160,2025-09-23,Online,Credit Card,5,Completed
50332,246,2024-11-05,Mobile App,Debit Card,1,Completed
50333,130,2025-12-09,Online,Digital Wallet,1,Completed
50334,1454,2024-07-11,Mobile App,Credit Card,3,Cancelled
50335,1001,2024-02-18,Online,PayPal,5,Completed
50336,357,2025-08-17,Mobile App,PayPal,3,Completed
50337,738,2025-03-18,Online,Debit Card,4,Completed
50338,1281,2025-08-10,Marketplace,Debit Card,3,Completed
50339,338,2024-12-08,Online,PayPal,1,Completed
50340,930,2025-05-22,Online,PayPal,1,Completed
50341,1394,2024-03-14,Mobile App,Credit Card,1,Completed
50342,980,2024-12-25,Marketplace,Digital Wallet,4,Completed
50343,1114,2024-04-04,Marketplace,Credit Card,4,Completed
50344,58,2025-06-02,Mobile App,Digital Wallet,3,Completed
50345,334,2024-02-10,Online,Credit Card,3,Completed
50346,286,2025-03-24,Marketplace,Digital Wallet,2,Completed
50347,134,2024-03-30,Store,PayPal,4,Completed
50348,765,2025-07-24,Online,Debit Card,5,Completed
50349,1437,2025-02-04,Online,Credit Card,1,Completed
50350,354,2024-03-13,Online,Debit Card,1,Completed
50351,1284,2024-09-25,Marketplace,Credit Card,1,Completed
50352,833,2025-10-12,Mobile App,PayPal,5,Completed
50353,299,2025-10-18,Online,PayPal,2,Completed
50354,1398,2025-08-10,Online,Digital Wallet,5,Cancelled
50355,664,2024-12-22,Online,PayPal,3,Completed
50356,605,2025-07-20,Marketplace,Debit Card,1,Completed
50357,1164,2024-05-29,Online,Credit Card,5,Cancelled
50358,105,2025-05-02,Online,Debit Card,5,Completed
50359,1407,2025-03-09,Store,Credit Card,2,Completed
50360,1132,2024-12-28,Online,PayPal,4,Completed
50361,187,2024-05-07,Marketplace,Debit Card,2,Completed
50362,914,2024-08-06,Marketplace,Digital Wallet,5,Completed
50363,895,2025-06-20,Online,Digital Wallet,2,Completed
50364,644,2024-12-27,Online,PayPal,2,Returned
50365,1171,2024-12-19,Online,Digital Wallet,5,Completed
50366,469,2024-06-11,Mobile App,Credit Card,5,Completed
50367,342,2025-06-17,Marketplace,Credit Card,2,Completed
50368,367,2025-06-30,Mobile App,PayPal,3,Completed
50369,558,2025-05-27,Online,Debit Card,5,Completed
50370,226,2025-12-31,Mobile App,Credit Card,3,Completed
50371,956,2024-12-28,Mobile App,Digital Wallet,3,Completed
50372,612,2025-02-26,Online,Credit Card,4,Completed
50373,922,2024-11-05,Online,Debit Card,4,Returned
50374,949,2024-05-13,Online,Debit Card,1,Returned
50375,397,2024-06-18,Online,PayPal,4,Completed
50376,754,2025-08-22,Mobile App,Digital Wallet,1,Completed
50377,677,2025-11-07,Marketplace,PayPal,2,Completed
50378,875,2024-08-03,Online,Credit Card,5,Completed
50379,702,2024-12-04,Online,Debit Card,2,Completed
50380,1484,2025-02-18,Mobile App,PayPal,4,Completed
50381,951,2025-12-15,Online,Digital Wallet,3,Completed
50382,832,2025-03-18,Mobile App,Credit Card,3,Completed
50383,482,2024-10-20,Marketplace,PayPal,2,Completed
50384,1429,2025-10-25,Online,Digital Wallet,3,Completed
50385,1365,2025-08-08,Online,PayPal,5,Completed
50386,394,2025-05-17,Mobile App,Credit Card,2,Completed
50387,1412,2024-10-17,Marketplace,Debit Card,1,Completed
50388,305,2025-12-21,Online,Credit Card,2,Completed
50389,517,2025-02-02,Mobile App,Digital Wallet,4,Completed
50390,304,2024-09-02,Mobile App,PayPal,3,Returned
50391,303,2024-12-06,Marketplace,PayPal,5,Completed
50392,129,2024-11-18,Online,PayPal,2,Completed
50393,156,2025-07-19,Online,Debit Card,4,Returned
50394,983,2024-01-22,Store,PayPal,4,Completed
50395,1111,2025-12-09,Online,Debit Card,4,Completed
50396,362,2024-06-15,Online,Debit Card,5,Completed
50397,465,2025-04-13,Mobile App,Debit Card,1,Returned
50398,763,2025-10-26,Marketplace,Credit Card,3,Cancelled
50399,601,2024-10-14,Online,Credit Card,3,Cancelled
50400,282,2024-04-12,Online,PayPal,3,Completed
50401,1109,2025-12-08,Store,PayPal,4,Completed
50402,9,2024-02-13,Online,Credit Card,4,Completed
50403,35,2025-04-26,Marketplace,Debit Card,5,Completed
50404,433,2024-10-26,Online,Digital Wallet,4,Returned
50405,831,2025-08-27,Online,Debit Card,3,Completed
50406,231,2025-08-11,Online,Credit Card,3,Completed
50407,1328,2025-11-27,Mobile App,Debit Card,1,Completed
50408,126,2025-06-20,Online,PayPal,3,Completed
50409,134,2025-08-23,Online,Debit Card,4,Completed
50410,1315,2024-05-28,Marketplace,PayPal,4,Completed
50411,129,2024-04-19,Online,Debit Card,2,Completed
50412,860,2025-08-04,Mobile App,Debit Card,3,Completed
50413,1158,2025-07-31,Online,Debit Card,1,Returned
50414,157,2024-05-20,Marketplace,Debit Card,1,Completed
50415,760,2024-04-09,Online,Digital Wallet,4,Completed
50416,1226,2024-09-03,Mobile App,Debit Card,1,Completed
50417,927,2025-11-14,Online,Debit Card,2,Completed
50418,944,2024-02-02,Store,Debit Card,3,Completed
50419,861,2024-04-21,Online,Credit Card,1,Completed
50420,1462,2025-04-08,Store,Debit Card,4,Returned
50421,832,2024-10-29,Mobile App,Credit Card,3,Completed
50422,1093,2024-05-18,Online,Debit Card,5,Completed
50423,495,2024-12-13,Online,PayPal,3,Completed
50424,287,2024-04-01,Mobile App,Credit Card,2,Completed
50425,1481,2024-02-01,Online,Credit Card,4,Completed
50426,118,2025-09-11,Online,PayPal,5,Completed
50427,157,2024-06-03,Marketplace,Credit Card,1,Completed
50428,1304,2024-12-15,Marketplace,PayPal,5,Completed
50429,750,2024-11-13,Marketplace,Digital Wallet,3,Completed
50430,728,2025-06-22,Online,PayPal,4,Completed
50431,1471,2024-03-06,Online,Credit Card,5,Completed
50432,43,2024-05-13,Marketplace,Digital Wallet,4,Completed
50433,727,2024-02-13,Marketplace,PayPal,5,Completed
50434,47,2025-01-12,Mobile App,Debit Card,3,Completed
50435,127,2025-11-20,Online,Credit Card,2,Cancelled
50436,1452,2024-05-05,Online,Debit Card,1,Completed
50437,254,2025-07-11,Store,Debit Card,1,Completed
50438,1035,2024-12-01,Online,Digital Wallet,3,Completed
50439,27,2024-12-07,Marketplace,PayPal,3,Completed
50440,1237,2025-08-11,Mobile App,Debit Card,2,Completed
50441,1243,2025-09-08,Online,Digital Wallet,2,Completed
50442,88,2024-12-11,Store,Digital Wallet,4,Completed
50443,740,2025-02-03,Mobile App,Credit Card,5,Completed
50444,223,2025-05-11,Mobile App,Debit Card,3,Completed
50445,1483,2024-05-07,Mobile App,Digital Wallet,4,Completed
50446,133,2024-10-23,Online,Credit Card,1,Completed
50447,1279,2025-11-03,Mobile App,Digital Wallet,5,Completed
50448,1025,2024-11-13,Marketplace,Debit Card,5,Returned
50449,856,2024-11-12,Store,Debit Card,1,Completed
50450,1066,2024-12-18,Store,Credit Card,4,Cancelled
50451,1291,2024-08-09,Mobile App,Digital Wallet,3,Completed
50452,1204,2024-06-17,Online,Credit Card,3,Completed
50453,414,2024-03-17,Online,PayPal,4,Completed
50454,363,2025-10-06,Marketplace,Digital Wallet,1,Completed
50455,1487,2025-09-02,Online,Credit Card,4,Completed
50456,540,2024-01-24,Mobile App,PayPal,2,Completed
50457,644,2024-06-24,Store,Digital Wallet,2,Completed
50458,1,2025-01-23,Marketplace,Debit Card,4,Completed
50459,194,2025-03-17,Store,Debit Card,2,Completed
50460,1309,2024-07-05,Online,Digital Wallet,3,Completed
50461,1105,2025-06-11,Mobile App,PayPal,2,Completed
50462,825,2024-05-01,Marketplace,Digital Wallet,5,Completed
50463,173,2025-11-05,Online,PayPal,3,Completed
50464,687,2024-03-15,Marketplace,Debit Card,5,Completed
50465,550,2024-08-28,Mobile App,PayPal,2,Completed
50466,1241,2024-12-11,Mobile App,Credit Card,1,Completed
50467,732,2024-07-02,Mobile App,Digital Wallet,4,Completed
50468,926,2024-10-08,Online,Credit Card,4,Completed
50469,656,2025-06-28,Mobile App,Digital Wallet,2,Completed
50470,79,2024-06-20,Mobile App,PayPal,1,Completed
50471,402,2024-05-23,Marketplace,PayPal,1,Completed
50472,802,2024-12-14,Online,PayPal,3,Completed
50473,1406,2025-01-13,Marketplace,Credit Card,4,Completed
50474,1250,2024-11-24,Marketplace,PayPal,2,Completed
50475,1050,2025-08-13,Marketplace,Digital Wallet,3,Completed
50476,552,2024-02-08,Online,Digital Wallet,2,Completed
50477,860,2025-06-21,Marketplace,Digital Wallet,3,Completed
50478,1318,2024-04-21,Marketplace,Credit Card,4,Completed
50479,270,2025-05-04,Online,Debit Card,1,Completed
50480,853,2025-08-20,Marketplace,Digital Wallet,5,Completed
50481,1371,2024-12-13,Mobile App,PayPal,1,Completed
50482,1420,2024-01-27,Marketplace,Credit Card,5,Completed
50483,650,2024-03-11,Online,Digital Wallet,3,Completed
50484,582,2024-11-06,Mobile App,Digital Wallet,3,Completed
50485,904,2024-05-12,Mobile App,Debit Card,2,Returned
50486,129,2024-05-09,Online,Credit Card,2,Completed
50487,966,2024-12-24,Online,PayPal,5,Completed
50488,667,2025-11-16,Online,Debit Card,3,Completed
50489,908,2025-11-02,Online,Credit Card,5,Completed
50490,844,2024-05-27,Online,PayPal,4,Completed
50491,631,2024-09-30,Mobile App,Digital Wallet,4,Completed
50492,1193,2025-03-25,Mobile App,Digital Wallet,1,Completed
50493,1020,2024-04-25,Marketplace,PayPal,2,Completed
50494,1063,2025-05-30,Mobile App,PayPal,4,Completed
50495,83,2024-07-25,Store,Debit Card,3,Returned
50496,1317,2025-08-14,Store,PayPal,3,Completed
50497,395,2025-08-13,Mobile App,Debit Card,3,Completed
50498,1407,2025-12-18,Online,Debit Card,2,Completed
50499,1478,2024-02-02,Marketplace,Digital Wallet,2,Returned
50500,395,2025-03-17,Online,Credit Card,3,Completed
50501,1144,2025-11-30,Mobile App,PayPal,2,Completed
50502,717,2025-11-01,Store,PayPal,5,Completed
50503,267,2024-06-08,Store,Credit Card,5,Completed
50504,175,2025-03-17,Mobile App,Digital Wallet,5,Completed
50505,655,2025-12-01,Online,PayPal,4,Completed
50506,1311,2025-04-07,Store,PayPal,1,Completed
50507,218,2024-09-14,Online,Credit Card,3,Completed
50508,868,2025-06-12,Online,Credit Card,1,Completed
50509,111,2024-12-06,Online,PayPal,1,Completed
50510,373,2024-12-23,Mobile App,PayPal,4,Completed
50511,901,2025-02-07,Online,PayPal,2,Completed
50512,677,2024-02-21,Mobile App,Digital Wallet,2,Completed
50513,1131,2025-12-25,Online,Credit Card,4,Completed
50514,1242,2025-10-16,Online,Digital Wallet,5,Completed
50515,546,2024-09-11,Online,PayPal,4,Completed
50516,1194,2025-09-17,Online,PayPal,1,Completed
50517,183,2025-02-24,Online,Credit Card,3,Completed
50518,919,2025-07-04,Mobile App,PayPal,1,Returned
50519,730,2025-06-18,Store,Digital Wallet,4,Cancelled
50520,192,2024-11-02,Online,Credit Card,3,Returned
50521,949,2024-02-21,Mobile App,Debit Card,1,Completed
50522,91,2025-10-19,Mobile App,Debit Card,4,Completed
50523,1239,2025-01-20,Online,PayPal,2,Returned
50524,328,2024-12-30,Online,Digital Wallet,1,Completed
50525,467,2025-09-20,Mobile App,PayPal,3,Completed
50526,46,2024-04-01,Online,Credit Card,4,Completed
50527,835,2024-01-01,Store,Credit Card,4,Returned
50528,619,2025-05-22,Online,Credit Card,3,Completed
50529,1057,2024-05-28,Online,PayPal,1,Completed
50530,639,2025-06-02,Online,Credit Card,5,Completed
50531,979,2025-01-04,Store,Credit Card,5,Completed
50532,1221,2024-07-31,Online,Debit Card,4,Completed
50533,279,2024-11-01,Mobile App,Debit Card,5,Completed
50534,908,2024-12-14,Online,Digital Wallet,5,Completed
50535,529,2024-12-10,Online,Digital Wallet,4,Completed
50536,312,2024-10-28,Marketplace,Digital Wallet,5,Completed
50537,1093,2024-03-02,Store,Credit Card,5,Completed
50538,734,2024-10-06,Store,Digital Wallet,2,Completed
50539,99,2025-10-12,Store,Debit Card,2,Completed
50540,519,2024-10-01,Mobile App,Digital Wallet,2,Completed
50541,1101,2024-03-27,Store,Digital Wallet,4,Completed
50542,348,2024-02-01,Marketplace,Digital Wallet,1,Completed
50543,399,2024-02-03,Store,Debit Card,4,Completed
50544,1434,2025-06-11,Marketplace,Digital Wallet,2,Completed
50545,876,2024-08-10,Marketplace,Credit Card,2,Completed
50546,1275,2025-12-08,Online,PayPal,4,Completed
50547,359,2024-10-01,Online,Debit Card,1,Completed
50548,231,2025-05-26,Store,Debit Card,3,Returned
50549,92,2024-04-29,Online,Credit Card,3,Completed
50550,250,2024-10-29,Online,Credit Card,2,Completed
50551,1206,2024-11-19,Marketplace,Credit Card,5,Completed
50552,41,2025-12-06,Mobile App,Digital Wallet,3,Completed
50553,1442,2025-07-08,Online,PayPal,5,Completed
50554,289,2025-02-18,Mobile App,Credit Card,4,Completed
50555,1259,2024-03-15,Online,Digital Wallet,3,Completed
50556,884,2025-12-19,Online,Debit Card,1,Completed
50557,688,2025-06-06,Store,Digital Wallet,1,Completed
50558,1321,2025-07-18,Online,Digital Wallet,4,Returned
50559,542,2025-01-10,Online,PayPal,4,Completed
50560,1018,2024-02-20,Online,PayPal,3,Completed
50561,1469,2025-04-08,Online,Digital Wallet,5,Completed
50562,224,2025-11-03,Online,Credit Card,5,Completed
50563,110,2025-08-06,Online,Digital Wallet,2,Completed
50564,1033,2025-12-16,Marketplace,Debit Card,4,Completed
50565,968,2024-04-28,Marketplace,Debit Card,5,Cancelled
50566,1486,2024-03-13,Online,Debit Card,3,Completed
50567,1492,2025-01-03,Mobile App,Debit Card,4,Completed
50568,622,2024-06-30,Online,PayPal,4,Completed
50569,567,2025-12-22,Online,PayPal,2,Completed
50570,665,2024-04-19,Mobile App,PayPal,1,Completed
50571,605,2025-12-22,Mobile App,Credit Card,1,Completed
50572,479,2024-11-18,Store,Credit Card,3,Completed
50573,711,2025-11-01,Mobile App,Digital Wallet,2,Completed
50574,1128,2025-12-26,Mobile App,Credit Card,5,Returned
50575,878,2025-12-16,Online,Credit Card,3,Completed
50576,741,2025-02-01,Online,Digital Wallet,2,Completed
50577,1469,2025-03-25,Online,Debit Card,5,Cancelled
50578,1432,2024-01-22,Mobile App,Digital Wallet,4,Completed
50579,1286,2024-06-02,Online,PayPal,1,Completed
50580,864,2025-11-24,Online,Digital Wallet,4,Completed
50581,279,2024-12-08,Store,Digital Wallet,5,Completed
50582,367,2024-05-24,Online,Debit Card,3,Completed
50583,463,2025-12-31,Online,Debit Card,2,Completed
50584,1206,2024-11-16,Mobile App,Digital Wallet,5,Completed
50585,1122,2024-06-07,Mobile App,Debit Card,2,Completed
50586,283,2025-05-03,Online,Debit Card,3,Completed
50587,1342,2024-03-08,Store,PayPal,3,Completed
50588,269,2025-05-24,Store,Credit Card,5,Completed
50589,1219,2025-03-26,Online,Credit Card,4,Completed
50590,1226,2024-04-01,Store,Credit Card,1,Completed
50591,540,2025-02-05,Mobile App,Debit Card,2,Returned
50592,806,2024-02-11,Marketplace,Debit Card,3,Completed
50593,904,2025-03-17,Online,PayPal,2,Completed
50594,1239,2025-01-20,Online,Debit Card,2,Completed
50595,704,2025-11-01,Online,Debit Card,5,Completed
50596,201,2025-12-29,Mobile App,Digital Wallet,2,Completed
50597,577,2025-11-13,Mobile App,Debit Card,1,Completed
50598,678,2025-04-09,Marketplace,PayPal,2,Completed
50599,260,2024-03-21,Online,Credit Card,4,Completed
50600,28,2024-10-09,Online,Credit Card,2,Completed
50601,851,2024-04-29,Online,PayPal,5,Completed
50602,1088,2024-12-30,Online,Credit Card,2,Completed
50603,532,2025-05-25,Mobile App,Debit Card,3,Completed
50604,571,2025-07-03,Store,PayPal,1,Completed
50605,655,2024-07-18,Online,PayPal,4,Completed
50606,72,2024-07-22,Online,PayPal,2,Completed
50607,1321,2024-09-09,Marketplace,PayPal,4,Completed
50608,455,2024-12-28,Online,Digital Wallet,3,Completed
50609,1020,2024-07-23,Online,Digital Wallet,2,Completed
50610,375,2025-12-24,Marketplace,Digital Wallet,1,Returned
50611,291,2025-06-04,Online,PayPal,5,Completed
50612,1470,2024-12-28,Online,PayPal,1,Completed
50613,215,2024-08-29,Mobile App,Debit Card,4,Completed
50614,749,2025-01-30,Marketplace,Digital Wallet,1,Completed
50615,148,2025-11-20,Mobile App,Credit Card,1,Completed
50616,520,2024-06-21,Online,Credit Card,4,Completed
50617,1072,2025-04-30,Online,Digital Wallet,4,Returned
50618,798,2025-11-22,Mobile App,PayPal,2,Completed
50619,1485,2024-07-05,Online,Debit Card,1,Completed
50620,580,2024-10-17,Marketplace,Credit Card,2,Completed
50621,833,2024-09-07,Mobile App,Digital Wallet,5,Completed
50622,1332,2025-01-01,Mobile App,Debit Card,5,Completed
50623,717,2024-04-22,Online,Digital Wallet,5,Completed
50624,687,2025-09-18,Store,Digital Wallet,5,Completed
50625,599,2024-08-14,Online,Credit Card,3,Completed
50626,530,2024-10-18,Store,Digital Wallet,4,Completed
50627,1481,2025-11-16,Mobile App,PayPal,4,Completed
50628,236,2025-05-05,Store,PayPal,3,Completed
50629,132,2024-01-29,Marketplace,PayPal,1,Completed
50630,5,2025-09-16,Online,PayPal,4,Completed
50631,457,2024-05-18,Online,PayPal,3,Completed
50632,1359,2025-03-01,Mobile App,Digital Wallet,5,Completed
50633,575,2024-02-21,Marketplace,Credit Card,3,Completed
50634,690,2024-06-12,Online,Debit Card,3,Completed
50635,221,2024-08-08,Online,Credit Card,3,Completed
50636,877,2025-04-12,Marketplace,Digital Wallet,2,Completed
50637,511,2024-02-28,Mobile App,Debit Card,2,Completed
50638,1191,2024-01-17,Marketplace,Debit Card,5,Completed
50639,1480,2025-07-13,Marketplace,Credit Card,1,Completed
50640,375,2024-09-27,Online,Debit Card,1,Completed
50641,1039,2025-05-12,Online,Credit Card,4,Completed
50642,1052,2024-02-12,Online,Digital Wallet,4,Completed
50643,1269,2025-09-24,Online,PayPal,4,Completed
50644,1391,2024-11-24,Online,Digital Wallet,5,Completed
50645,401,2024-10-28,Marketplace,Credit Card,4,Completed
50646,1397,2025-04-03,Mobile App,Debit Card,2,Completed
50647,36,2025-03-04,Online,Credit Card,4,Completed
50648,841,2024-08-11,Mobile App,PayPal,4,Completed
50649,884,2025-01-21,Mobile App,Credit Card,1,Completed
50650,1095,2024-06-09,Mobile App,Debit Card,4,Completed
50651,1358,2025-07-05,Mobile App,Digital Wallet,3,Completed
50652,984,2025-06-17,Marketplace,Digital Wallet,3,Completed
50653,229,2025-09-17,Store,Debit Card,1,Completed
50654,1253,2024-04-25,Mobile App,Credit Card,5,Completed
50655,840,2024-03-04,Store,Debit Card,2,Completed
50656,96,2024-11-30,Online,Debit Card,3,Completed
50657,1262,2024-03-04,Online,Digital Wallet,2,Completed
50658,790,2025-11-20,Store,Debit Card,1,Completed
50659,932,2024-04-17,Mobile App,Credit Card,5,Completed
50660,463,2025-09-15,Mobile App,Debit Card,2,Completed
50661,667,2025-12-26,Marketplace,Credit Card,3,Completed
50662,840,2024-04-29,Mobile App,Credit Card,2,Completed
50663,1467,2025-01-20,Store,Digital Wallet,5,Completed
50664,559,2025-11-18,Mobile App,Digital Wallet,2,Completed
50665,937,2024-11-10,Mobile App,PayPal,1,Completed
50666,1099,2025-06-30,Online,Credit Card,3,Completed
50667,65,2024-06-16,Store,Credit Card,5,Completed
50668,454,2024-02-12,Online,Debit Card,3,Completed
50669,95,2025-11-26,Online,Digital Wallet,4,Completed
50670,920,2025-08-06,Marketplace,Credit Card,4,Completed
50671,1409,2024-05-05,Online,PayPal,5,Completed
50672,979,2024-05-20,Mobile App,Debit Card,5,Completed
50673,457,2025-09-07,Online,Debit Card,3,Completed
50674,1221,2024-02-27,Online,Debit Card,4,Completed
50675,658,2025-07-21,Online,PayPal,5,Completed
50676,918,2025-04-10,Mobile App,PayPal,1,Completed
50677,945,2024-05-01,Online,Digital Wallet,1,Completed
50678,863,2024-07-05,Online,Digital Wallet,4,Completed
50679,671,2024-08-19,Marketplace,Credit Card,5,Completed
50680,907,2024-11-13,Marketplace,Debit Card,4,Completed
50681,60,2025-12-07,Online,PayPal,2,Completed
50682,1359,2025-06-18,Online,PayPal,5,Completed
50683,1005,2024-12-02,Mobile App,Debit Card,2,Returned
50684,613,2025-04-18,Online,PayPal,1,Returned
50685,423,2025-03-11,Marketplace,Digital Wallet,4,Cancelled
50686,1030,2024-12-15,Marketplace,Credit Card,5,Completed
50687,1265,2025-03-31,Online,PayPal,4,Completed
50688,260,2025-11-20,Marketplace,Credit Card,4,Completed
50689,258,2024-11-10,Marketplace,PayPal,2,Completed
50690,435,2025-04-17,Online,PayPal,4,Returned
50691,496,2025-09-25,Online,PayPal,5,Completed
50692,88,2025-11-06,Mobile App,Debit Card,4,Completed
50693,10,2024-12-17,Online,Credit Card,5,Completed
50694,215,2024-11-27,Online,PayPal,4,Completed
50695,1120,2024-01-02,Store,Credit Card,4,Completed
50696,238,2025-08-12,Marketplace,Digital Wallet,5,Completed
50697,1418,2024-06-26,Marketplace,PayPal,4,Returned
50698,674,2025-04-09,Mobile App,Digital Wallet,1,Completed
50699,246,2024-02-05,Store,Credit Card,1,Completed
50700,456,2024-08-27,Online,Digital Wallet,4,Completed
50701,1117,2024-05-10,Online,Debit Card,2,Cancelled
50702,558,2024-06-12,Store,Debit Card,5,Completed
50703,1143,2025-05-01,Online,PayPal,3,Completed
50704,543,2025-12-11,Online,Digital Wallet,3,Completed
50705,306,2025-07-13,Mobile App,Debit Card,4,Completed
50706,62,2024-03-02,Online,PayPal,3,Cancelled
50707,352,2024-06-13,Online,Digital Wallet,4,Completed
50708,230,2025-05-22,Online,Credit Card,1,Completed
50709,297,2024-05-14,Online,Digital Wallet,3,Completed
50710,557,2024-11-08,Mobile App,Digital Wallet,5,Completed
50711,838,2025-07-24,Store,Debit Card,3,Completed
50712,655,2024-04-03,Mobile App,Digital Wallet,4,Cancelled
50713,121,2024-10-02,Online,Debit Card,4,Completed
50714,1084,2024-07-25,Store,Debit Card,2,Completed
50715,885,2024-07-10,Marketplace,Debit Card,5,Completed
50716,30,2024-08-11,Online,Digital Wallet,3,Completed
50717,1164,2024-04-02,Online,Credit Card,5,Completed
50718,615,2025-07-14,Store,Digital Wallet,3,Completed
50719,1402,2024-08-12,Online,Credit Card,4,Completed
50720,652,2025-12-11,Mobile App,PayPal,2,Completed
50721,744,2024-07-27,Online,Digital Wallet,4,Completed
50722,304,2024-02-24,Mobile App,PayPal,3,Completed
50723,306,2025-02-04,Mobile App,Credit Card,4,Completed
50724,179,2025-12-04,Online,Debit Card,2,Completed
50725,360,2025-10-04,Online,Debit Card,1,Completed
50726,901,2025-10-11,Marketplace,Credit Card,2,Completed
50727,1282,2024-11-12,Online,Debit Card,1,Completed
50728,313,2024-05-13,Online,Digital Wallet,1,Completed
50729,327,2025-08-15,Online,Credit Card,3,Completed
50730,887,2024-12-30,Online,Debit Card,1,Completed
50731,401,2025-06-27,Online,Digital Wallet,4,Completed
50732,1030,2025-06-24,Mobile App,Digital Wallet,5,Completed
50733,1082,2025-03-10,Store,Digital Wallet,1,Completed
50734,102,2024-03-23,Online,Credit Card,2,Completed
50735,727,2025-12-01,Store,Credit Card,5,Completed
50736,1073,2024-12-02,Store,Credit Card,3,Completed
50737,57,2024-06-07,Online,Digital Wallet,5,Completed
50738,15,2025-07-14,Marketplace,PayPal,2,Completed
50739,810,2024-07-09,Marketplace,Digital Wallet,3,Completed
50740,895,2024-05-25,Online,Credit Card,2,Completed
50741,231,2024-10-26,Online,Credit Card,3,Completed
50742,648,2024-08-22,Online,Credit Card,2,Completed
50743,186,2024-04-05,Online,Credit Card,3,Completed
50744,1036,2024-05-05,Online,PayPal,5,Completed
50745,700,2025-01-05,Online,Credit Card,4,Completed
50746,960,2024-05-24,Online,Credit Card,1,Completed
50747,1336,2024-03-03,Mobile App,PayPal,5,Cancelled
50748,1376,2024-07-04,Online,Debit Card,1,Completed
50749,913,2025-11-30,Mobile App,Credit Card,4,Completed
50750,974,2025-09-13,Store,Credit Card,3,Completed
50751,13,2024-12-21,Mobile App,Debit Card,4,Completed
50752,393,2025-11-29,Online,Digital Wallet,5,Completed
50753,57,2025-06-23,Marketplace,Digital Wallet,5,Completed
50754,218,2025-05-16,Online,Digital Wallet,3,Completed
50755,234,2024-10-22,Mobile App,Debit Card,2,Completed
50756,1198,2024-07-02,Store,Digital Wallet,4,Cancelled
50757,702,2025-12-02,Online,Debit Card,2,Completed
50758,1154,2025-07-22,Online,Credit Card,2,Completed
50759,947,2025-12-18,Marketplace,Debit Card,4,Completed
50760,98,2024-03-01,Mobile App,Digital Wallet,4,Completed
50761,1036,2025-07-13,Marketplace,Digital Wallet,5,Completed
50762,1111,2025-08-21,Store,PayPal,4,Cancelled
50763,84,2024-12-18,Online,Debit Card,5,Cancelled
50764,1424,2024-09-08,Online,Debit Card,5,Completed
50765,1156,2024-08-24,Marketplace,PayPal,2,Completed
50766,805,2024-04-30,Store,Digital Wallet,1,Completed
50767,1313,2025-04-03,Store,Credit Card,5,Completed
50768,476,2025-02-14,Mobile App,PayPal,3,Completed
50769,291,2025-12-19,Mobile App,Credit Card,5,Completed
50770,727,2024-01-11,Online,Debit Card,5,Completed
50771,515,2024-05-14,Online,Debit Card,2,Completed
50772,1210,2024-01-08,Mobile App,Digital Wallet,5,Completed
50773,726,2024-04-07,Mobile App,Credit Card,2,Completed
50774,736,2025-07-08,Marketplace,Digital Wallet,1,Completed
50775,625,2025-01-17,Mobile App,Debit Card,1,Completed
50776,1494,2025-02-19,Store,PayPal,1,Completed
50777,504,2024-10-07,Mobile App,Debit Card,2,Completed
50778,108,2025-08-17,Online,Credit Card,2,Completed
50779,412,2024-05-17,Marketplace,Credit Card,2,Completed
50780,657,2025-02-13,Online,Digital Wallet,2,Completed
50781,1077,2025-12-31,Online,PayPal,2,Completed
50782,301,2024-04-27,Store,PayPal,3,Completed
50783,797,2024-12-23,Marketplace,Credit Card,3,Returned
50784,742,2024-02-02,Mobile App,PayPal,5,Completed
50785,970,2024-12-01,Online,Digital Wallet,5,Completed
50786,1429,2024-07-06,Online,Debit Card,3,Completed
50787,708,2024-07-20,Online,PayPal,5,Completed
50788,355,2024-07-21,Marketplace,PayPal,5,Completed
50789,1282,2024-11-16,Store,Debit Card,1,Completed
50790,1327,2025-10-12,Online,Debit Card,1,Completed
50791,138,2025-12-11,Online,Credit Card,2,Returned
50792,23,2025-06-13,Online,Digital Wallet,5,Completed
50793,1213,2025-06-05,Online,Digital Wallet,3,Completed
50794,1316,2025-09-21,Mobile App,Digital Wallet,4,Completed
50795,1393,2025-12-11,Marketplace,Digital Wallet,1,Cancelled
50796,1374,2025-10-14,Online,Credit Card,3,Completed
50797,160,2025-11-30,Online,Digital Wallet,5,Completed
50798,1379,2024-06-12,Mobile App,Digital Wallet,2,Completed
50799,179,2025-11-21,Store,PayPal,2,Completed
50800,5,2025-01-11,Mobile App,Debit Card,4,Cancelled
50801,503,2025-12-11,Marketplace,Digital Wallet,3,Completed
50802,772,2025-10-18,Online,Credit Card,5,Completed
50803,1047,2024-04-05,Online,Digital Wallet,3,Completed
50804,612,2024-02-13,Online,Credit Card,4,Completed
50805,850,2025-07-17,Marketplace,PayPal,2,Completed
50806,1214,2025-12-02,Mobile App,Digital Wallet,2,Completed
50807,1087,2025-04-12,Marketplace,Debit Card,2,Cancelled
50808,685,2024-03-24,Marketplace,PayPal,5,Completed
50809,1443,2024-03-01,Online,Digital Wallet,2,Completed
50810,571,2025-11-26,Online,Digital Wallet,1,Completed
50811,1168,2024-09-11,Online,Digital Wallet,4,Completed
50812,526,2025-01-31,Store,Debit Card,3,Completed
50813,1209,2025-07-15,Online,Digital Wallet,5,Completed
50814,506,2024-09-17,Online,PayPal,5,Returned
50815,610,2025-11-05,Store,Debit Card,4,Completed
50816,312,2025-04-26,Mobile App,Digital Wallet,5,Completed
50817,479,2024-12-10,Online,Digital Wallet,3,Cancelled
50818,1117,2025-01-13,Online,Credit Card,2,Completed
50819,1315,2024-01-07,Marketplace,PayPal,4,Completed
50820,988,2025-11-07,Marketplace,Credit Card,4,Completed
50821,1179,2025-11-10,Online,PayPal,3,Completed
50822,564,2025-04-04,Mobile App,PayPal,4,Completed
50823,462,2025-04-26,Online,Credit Card,5,Completed
50824,524,2024-12-28,Online,Credit Card,5,Completed
50825,6,2024-02-21,Mobile App,Credit Card,4,Completed
50826,307,2024-07-01,Mobile App,Debit Card,1,Completed
50827,1402,2025-12-11,Mobile App,Credit Card,4,Completed
50828,418,2024-08-30,Online,Debit Card,4,Completed
50829,1039,2025-03-18,Mobile App,Digital Wallet,4,Cancelled
50830,1433,2025-09-21,Marketplace,PayPal,3,Completed
50831,776,2024-04-12,Mobile App,PayPal,4,Completed
50832,1401,2024-05-30,Online,Digital Wallet,2,Completed
50833,1391,2024-07-20,Marketplace,PayPal,5,Completed
50834,863,2025-02-21,Online,Debit Card,4,Completed
50835,13,2025-06-13,Online,Credit Card,4,Completed
50836,265,2025-03-15,Online,Credit Card,2,Completed
50837,486,2025-10-16,Online,Credit Card,4,Completed
50838,230,2024-02-12,Marketplace,Digital Wallet,1,Completed
50839,186,2024-12-22,Mobile App,PayPal,3,Completed
50840,861,2024-05-22,Mobile App,Digital Wallet,1,Completed
50841,750,2025-05-31,Online,Debit Card,3,Completed
50842,1018,2024-04-06,Online,Digital Wallet,3,Completed
50843,769,2025-01-09,Mobile App,PayPal,1,Completed
50844,482,2025-12-31,Online,Digital Wallet,2,Completed
50845,295,2025-12-07,Mobile App,Debit Card,5,Completed
50846,382,2024-11-25,Online,Digital Wallet,1,Returned
50847,45,2025-08-12,Mobile App,Credit Card,3,Completed
50848,1239,2025-08-28,Store,Credit Card,2,Completed
50849,663,2024-08-14,Online,Digital Wallet,2,Completed
50850,980,2025-03-29,Mobile App,Credit Card,4,Completed
50851,110,2024-10-03,Mobile App,Digital Wallet,2,Completed
50852,391,2024-12-31,Marketplace,Digital Wallet,4,Completed
50853,1169,2025-11-26,Mobile App,PayPal,2,Completed
50854,578,2025-11-08,Marketplace,Digital Wallet,3,Completed
50855,208,2024-05-13,Marketplace,Credit Card,5,Completed
50856,1088,2025-12-21,Store,PayPal,2,Completed
50857,676,2025-11-04,Marketplace,Credit Card,3,Completed
50858,524,2025-02-14,Marketplace,PayPal,5,Completed
50859,911,2024-06-06,Marketplace,Credit Card,5,Completed
50860,203,2025-03-04,Store,Digital Wallet,5,Completed
50861,1011,2024-12-26,Store,PayPal,1,Completed
50862,850,2024-12-31,Online,PayPal,2,Completed
50863,1206,2025-09-18,Online,Debit Card,5,Completed
50864,503,2025-02-22,Store,PayPal,3,Completed
50865,1421,2024-12-06,Mobile App,Debit Card,5,Completed
50866,1244,2024-12-10,Mobile App,Credit Card,1,Completed
50867,1416,2025-05-18,Mobile App,Credit Card,5,Completed
50868,288,2024-01-02,Mobile App,PayPal,1,Completed
50869,1362,2025-04-15,Mobile App,Digital Wallet,1,Completed
50870,326,2024-07-25,Mobile App,Debit Card,3,Completed
50871,1325,2024-08-13,Store,Credit Card,2,Completed
50872,430,2025-03-30,Online,Digital Wallet,1,Completed
50873,185,2024-06-02,Online,Digital Wallet,5,Completed
50874,923,2025-10-01,Mobile App,Debit Card,1,Completed
50875,878,2024-11-19,Marketplace,Digital Wallet,3,Completed
50876,927,2024-08-03,Online,Credit Card,2,Completed
50877,1127,2024-08-03,Mobile App,Digital Wallet,5,Completed
50878,1294,2025-11-14,Mobile App,PayPal,5,Completed
50879,1047,2025-05-15,Online,Credit Card,3,Completed
50880,1137,2024-05-27,Mobile App,Debit Card,3,Completed
50881,392,2024-12-12,Mobile App,Digital Wallet,5,Completed
50882,261,2025-10-21,Mobile App,Debit Card,1,Completed
50883,313,2024-07-22,Store,Credit Card,1,Completed
50884,620,2025-10-04,Mobile App,PayPal,3,Completed
50885,928,2025-12-24,Mobile App,Debit Card,1,Completed
50886,1456,2024-02-08,Marketplace,PayPal,5,Completed
50887,50,2024-11-03,Online,Digital Wallet,2,Completed
50888,549,2025-09-16,Online,Credit Card,5,Completed
50889,1445,2025-08-27,Mobile App,Digital Wallet,1,Completed
50890,413,2025-10-11,Store,Credit Card,5,Completed
50891,4,2024-10-11,Store,Credit Card,1,Completed
50892,193,2025-09-21,Online,PayPal,4,Completed
50893,810,2025-01-04,Online,Digital Wallet,3,Completed
50894,137,2024-12-31,Mobile App,PayPal,4,Completed
50895,1122,2024-11-27,Online,PayPal,2,Completed
50896,494,2024-08-27,Store,PayPal,2,Completed
50897,649,2024-08-06,Marketplace,Credit Card,2,Completed
50898,766,2025-05-29,Online,Digital Wallet,4,Cancelled
50899,513,2024-08-22,Mobile App,Debit Card,2,Completed
50900,293,2025-11-03,Store,Credit Card,1,Completed
50901,379,2024-07-18,Store,Digital Wallet,1,Completed
50902,823,2025-06-15,Online,Debit Card,1,Completed
50903,1362,2024-06-29,Online,Credit Card,1,Completed
50904,1059,2024-06-11,Mobile App,PayPal,3,Completed
50905,877,2024-01-06,Mobile App,Digital Wallet,2,Completed
50906,507,2024-09-05,Mobile App,PayPal,4,Completed
50907,760,2024-12-06,Online,Digital Wallet,4,Completed
50908,546,2025-01-13,Online,PayPal,4,Completed
50909,512,2024-06-06,Marketplace,Digital Wallet,2,Completed
50910,403,2024-08-17,Online,PayPal,5,Completed
50911,1159,2024-03-20,Online,Debit Card,5,Completed
50912,427,2025-04-30,Online,Debit Card,2,Completed
50913,270,2025-03-28,Online,PayPal,1,Completed
50914,1206,2024-01-12,Marketplace,PayPal,5,Completed
50915,1128,2024-08-17,Online,Credit Card,5,Completed
50916,421,2025-12-03,Marketplace,PayPal,4,Completed
50917,515,2025-07-11,Online,PayPal,2,Completed
50918,855,2024-05-01,Mobile App,Credit Card,3,Completed
50919,411,2024-09-21,Marketplace,PayPal,5,Completed
50920,872,2024-04-08,Store,Credit Card,3,Completed
50921,277,2025-12-23,Mobile App,Credit Card,5,Cancelled
50922,245,2024-11-02,Store,Credit Card,2,Completed
50923,1135,2024-03-22,Mobile App,PayPal,4,Completed
50924,511,2025-10-18,Online,Credit Card,2,Completed
50925,888,2025-11-08,Online,PayPal,4,Completed
50926,997,2024-10-09,Store,PayPal,4,Completed
50927,1436,2024-12-14,Online,Digital Wallet,3,Completed
50928,828,2025-01-05,Online,Digital Wallet,1,Completed
50929,775,2024-09-23,Marketplace,Digital Wallet,5,Completed
50930,838,2025-11-19,Store,Credit Card,3,Completed
50931,470,2024-07-04,Online,Credit Card,4,Completed
50932,1488,2025-07-21,Mobile App,Credit Card,1,Completed
50933,16,2025-03-23,Mobile App,PayPal,1,Cancelled
50934,615,2025-12-30,Online,Credit Card,3,Completed
50935,47,2025-01-29,Online,Credit Card,3,Completed
50936,455,2025-11-07,Store,Digital Wallet,3,Completed
50937,2,2025-07-10,Online,Credit Card,1,Completed
50938,849,2024-03-11,Store,Credit Card,1,Completed
50939,1262,2025-09-20,Mobile App,Digital Wallet,2,Completed
50940,493,2024-06-27,Mobile App,Credit Card,2,Completed
50941,693,2024-11-18,Marketplace,Credit Card,5,Completed
50942,597,2025-01-02,Online,Credit Card,2,Completed
50943,1414,2025-03-29,Mobile App,Debit Card,1,Completed
50944,973,2024-01-06,Store,PayPal,4,Completed
50945,127,2024-01-03,Online,PayPal,2,Completed
50946,1229,2024-11-12,Mobile App,Debit Card,5,Completed
50947,960,2024-10-18,Online,PayPal,1,Completed
50948,165,2025-11-17,Mobile App,Digital Wallet,4,Completed
50949,1135,2025-10-25,Mobile App,Digital Wallet,4,Completed
50950,687,2024-09-08,Online,Digital Wallet,5,Completed
50951,452,2025-05-24,Online,Debit Card,2,Completed
50952,690,2025-12-14,Online,Credit Card,3,Completed
50953,779,2025-09-19,Store,PayPal,1,Completed
50954,63,2025-02-06,Mobile App,Debit Card,5,Completed
50955,749,2025-11-19,Store,Digital Wallet,1,Completed
50956,684,2024-04-22,Mobile App,Digital Wallet,1,Completed
50957,284,2024-03-15,Online,Digital Wallet,3,Completed
50958,707,2024-05-20,Marketplace,PayPal,2,Completed
50959,192,2024-10-26,Mobile App,Debit Card,3,Completed
50960,1163,2025-12-16,Online,Digital Wallet,5,Completed
50961,311,2025-11-23,Mobile App,PayPal,4,Completed
50962,1107,2025-09-11,Marketplace,Credit Card,4,Completed
50963,1152,2024-02-23,Online,PayPal,5,Completed
50964,1087,2025-12-08,Mobile App,Credit Card,2,Completed
50965,557,2024-09-04,Online,PayPal,5,Completed
50966,1055,2025-10-23,Online,PayPal,1,Completed
50967,782,2024-10-15,Mobile App,Digital Wallet,4,Completed
50968,1346,2024-04-15,Mobile App,Debit Card,2,Completed
50969,1060,2025-03-08,Mobile App,Digital Wallet,1,Completed
50970,1474,2024-12-06,Mobile App,PayPal,1,Completed
50971,491,2025-06-05,Online,Digital Wallet,4,Completed
50972,1396,2024-12-04,Online,Digital Wallet,2,Completed
50973,947,2024-07-02,Online,Debit Card,4,Completed
50974,258,2025-06-14,Online,Credit Card,2,Cancelled
50975,1097,2025-05-01,Store,Credit Card,5,Completed
50976,150,2024-10-12,Online,PayPal,1,Completed
50977,222,2025-01-20,Mobile App,PayPal,3,Completed
50978,545,2024-01-17,Marketplace,Debit Card,1,Completed
50979,530,2025-12-21,Online,PayPal,4,Completed
50980,674,2024-04-08,Online,Debit Card,1,Completed
50981,428,2025-11-16,Mobile App,PayPal,5,Completed
50982,1035,2025-11-26,Marketplace,Credit Card,3,Completed
50983,748,2024-05-25,Mobile App,PayPal,4,Completed
50984,1348,2024-05-24,Online,Credit Card,4,Completed
50985,117,2025-08-26,Marketplace,Debit Card,1,Completed
50986,473,2024-12-09,Online,PayPal,2,Completed
50987,169,2025-11-21,Mobile App,PayPal,2,Completed
50988,435,2025-11-21,Online,Digital Wallet,4,Completed
50989,1143,2024-11-11,Mobile App,Debit Card,3,Completed
50990,1043,2025-05-22,Marketplace,Debit Card,4,Completed
50991,1341,2025-10-17,Store,Debit Card,5,Completed
50992,23,2024-07-18,Online,Digital Wallet,5,Cancelled
50993,1190,2025-08-20,Online,Credit Card,5,Completed
50994,385,2025-07-24,Marketplace,Credit Card,2,Completed
50995,191,2024-11-11,Online,PayPal,4,Completed
50996,371,2025-05-18,Mobile App,Credit Card,3,Completed
50997,564,2024-01-24,Mobile App,PayPal,4,Completed
50998,244,2025-01-28,Online,Digital Wallet,5,Completed
50999,1334,2025-12-28,Online,Digital Wallet,2,Completed
51000,1315,2024-10-10,Store,PayPal,4,Returned
51001,575,2025-11-09,Online,Debit Card,3,Completed
51002,642,2024-09-03,Marketplace,Digital Wallet,3,Completed
51003,1149,2025-10-26,Online,Digital Wallet,1,Cancelled
51004,17,2024-02-22,Online,Debit Card,1,Completed
51005,1152,2024-01-30,Online,PayPal,5,Completed
51006,704,2025-07-29,Online,Debit Card,5,Completed
51007,1402,2024-12-04,Marketplace,Credit Card,4,Completed
51008,822,2025-01-01,Mobile App,PayPal,4,Completed
51009,1083,2025-11-24,Online,Credit Card,4,Completed
51010,930,2025-12-16,Marketplace,Debit Card,1,Completed
51011,651,2025-05-02,Mobile App,Debit Card,2,Completed
51012,1077,2024-05-01,Marketplace,Digital Wallet,2,Completed
51013,1236,2025-03-17,Marketplace,Debit Card,5,Returned
51014,1209,2025-07-06,Marketplace,Digital Wallet,5,Completed
51015,1347,2024-02-28,Mobile App,Debit Card,5,Completed
51016,760,2025-03-28,Online,Credit Card,4,Completed
51017,613,2024-09-11,Mobile App,Debit Card,1,Returned
51018,1199,2025-05-10,Mobile App,Credit Card,1,Completed
51019,132,2025-04-07,Online,Credit Card,1,Completed
51020,469,2025-09-25,Online,Debit Card,5,Completed
51021,1493,2024-03-23,Online,PayPal,4,Completed
51022,1067,2024-11-13,Store,Debit Card,2,Completed
51023,422,2024-10-06,Mobile App,PayPal,1,Completed
51024,1035,2024-04-08,Store,Debit Card,3,Completed
51025,124,2024-06-12,Online,Debit Card,1,Completed
51026,158,2025-11-19,Online,Digital Wallet,3,Completed
51027,95,2024-02-13,Online,PayPal,4,Completed
51028,889,2024-09-04,Online,Credit Card,3,Completed
51029,623,2025-01-05,Online,Digital Wallet,5,Completed
51030,1402,2025-11-22,Online,Debit Card,4,Completed
51031,782,2024-01-26,Mobile App,Digital Wallet,4,Completed
51032,1470,2024-03-11,Marketplace,Digital Wallet,1,Completed
51033,611,2024-04-14,Online,Debit Card,2,Completed
51034,773,2024-08-09,Mobile App,Debit Card,4,Completed
51035,823,2025-12-24,Mobile App,Debit Card,1,Completed
51036,542,2024-02-21,Store,Debit Card,4,Completed
51037,255,2025-06-15,Online,Credit Card,2,Completed
51038,1490,2025-08-13,Online,Digital Wallet,4,Completed
51039,227,2025-03-03,Marketplace,Credit Card,3,Cancelled
51040,722,2025-02-28,Mobile App,Digital Wallet,2,Completed
51041,27,2025-05-26,Store,PayPal,3,Completed
51042,1185,2024-02-16,Mobile App,Credit Card,5,Completed
51043,1201,2024-05-06,Marketplace,Debit Card,1,Completed
51044,558,2025-12-18,Online,Credit Card,5,Completed
51045,426,2025-07-22,Online,PayPal,3,Completed
51046,1355,2024-11-09,Marketplace,Digital Wallet,5,Completed
51047,361,2025-12-20,Mobile App,Debit Card,4,Completed
51048,370,2024-11-08,Online,Debit Card,1,Completed
51049,1329,2024-11-13,Online,PayPal,4,Completed
51050,1180,2024-10-18,Mobile App,Debit Card,4,Completed
51051,367,2024-03-13,Online,Digital Wallet,3,Completed
51052,358,2024-09-04,Marketplace,Digital Wallet,5,Completed
51053,473,2024-11-08,Mobile App,Debit Card,2,Completed
51054,1239,2024-09-20,Online,Digital Wallet,2,Completed
51055,362,2024-12-17,Online,PayPal,5,Completed
51056,1072,2025-09-15,Store,Digital Wallet,4,Completed
51057,1213,2025-08-25,Online,Digital Wallet,3,Completed
51058,773,2025-03-16,Mobile App,PayPal,4,Completed
51059,175,2024-03-25,Store,Debit Card,5,Completed
51060,984,2025-01-02,Marketplace,Credit Card,3,Completed
51061,788,2025-11-30,Online,Debit Card,4,Cancelled
51062,35,2025-10-23,Online,Debit Card,5,Completed
51063,679,2025-04-01,Store,Debit Card,1,Completed
51064,107,2025-11-18,Online,PayPal,1,Completed
51065,1032,2025-01-12,Marketplace,Digital Wallet,3,Completed
51066,442,2024-09-16,Online,PayPal,1,Completed
51067,98,2024-11-04,Online,Digital Wallet,4,Completed
51068,911,2025-07-05,Online,Digital Wallet,5,Completed
51069,1402,2025-12-30,Mobile App,Debit Card,4,Completed
51070,308,2025-05-06,Online,PayPal,5,Completed
51071,120,2025-02-22,Online,Debit Card,5,Completed
51072,370,2025-11-18,Marketplace,Credit Card,1,Completed
51073,631,2025-11-12,Mobile App,Credit Card,4,Completed
51074,567,2025-02-15,Online,PayPal,2,Completed
51075,1196,2025-02-25,Mobile App,Digital Wallet,3,Completed
51076,828,2024-12-17,Mobile App,Credit Card,1,Completed
51077,866,2024-11-19,Mobile App,Debit Card,1,Completed
51078,993,2024-11-10,Online,Credit Card,4,Completed
51079,1377,2024-12-31,Mobile App,Digital Wallet,1,Completed
51080,161,2024-12-23,Mobile App,PayPal,4,Completed
51081,350,2024-12-04,Mobile App,Credit Card,1,Completed
51082,1172,2025-01-29,Online,Debit Card,4,Completed
51083,496,2024-04-14,Mobile App,Debit Card,5,Completed
51084,403,2024-09-12,Store,PayPal,5,Completed
51085,1360,2024-11-16,Online,Digital Wallet,1,Completed
51086,113,2025-03-02,Online,Credit Card,3,Completed
51087,1408,2025-05-26,Mobile App,Debit Card,3,Completed
51088,1451,2024-01-12,Online,PayPal,1,Completed
51089,264,2025-07-23,Online,PayPal,4,Completed
51090,1294,2025-06-12,Marketplace,Credit Card,5,Completed
51091,616,2025-05-03,Store,Digital Wallet,1,Completed
51092,677,2025-03-22,Mobile App,Debit Card,2,Completed
51093,152,2024-07-29,Store,Digital Wallet,3,Completed
51094,32,2024-08-07,Online,Credit Card,5,Completed
51095,1154,2024-08-26,Online,Debit Card,2,Completed
51096,848,2024-12-05,Mobile App,Debit Card,1,Completed
51097,430,2024-02-12,Mobile App,PayPal,1,Completed
51098,575,2025-08-11,Mobile App,PayPal,3,Completed
51099,706,2025-12-01,Online,Debit Card,3,Returned
51100,321,2025-03-14,Marketplace,Credit Card,2,Completed
51101,1314,2025-03-22,Online,Digital Wallet,2,Completed
51102,125,2024-04-22,Online,Credit Card,1,Completed
51103,343,2025-05-06,Mobile App,PayPal,2,Completed
51104,496,2025-06-23,Store,Digital Wallet,5,Completed
51105,896,2024-05-21,Online,PayPal,3,Completed
51106,838,2025-11-30,Mobile App,Credit Card,3,Completed
51107,1330,2025-11-03,Online,Credit Card,5,Completed
51108,815,2024-09-30,Online,Digital Wallet,3,Completed
51109,1173,2025-11-24,Online,PayPal,2,Completed
51110,1109,2024-07-01,Mobile App,Debit Card,4,Completed
51111,540,2024-11-09,Marketplace,Digital Wallet,2,Completed
51112,6,2025-08-19,Mobile App,Credit Card,4,Completed
51113,539,2025-11-06,Mobile App,Debit Card,4,Completed
51114,487,2025-01-16,Online,PayPal,2,Completed
51115,538,2024-07-17,Online,PayPal,5,Completed
51116,1010,2025-11-16,Marketplace,Debit Card,2,Cancelled
51117,1062,2025-12-30,Store,PayPal,4,Completed
51118,1350,2025-01-27,Marketplace,PayPal,2,Completed
51119,225,2025-08-22,Online,Debit Card,1,Completed
51120,730,2025-12-21,Online,Digital Wallet,4,Completed
51121,438,2025-09-18,Online,Credit Card,1,Completed
51122,549,2025-11-14,Online,Digital Wallet,5,Completed
51123,315,2025-06-09,Marketplace,Debit Card,1,Returned
51124,213,2025-11-19,Online,Debit Card,2,Completed
51125,627,2024-11-22,Online,PayPal,4,Completed
51126,1409,2025-12-13,Online,Digital Wallet,5,Completed
51127,535,2025-11-08,Online,PayPal,4,Completed
51128,24,2024-07-19,Mobile App,Digital Wallet,4,Returned
51129,486,2025-04-21,Marketplace,PayPal,4,Completed
51130,1073,2025-06-12,Online,PayPal,3,Completed
51131,821,2025-04-23,Mobile App,Credit Card,3,Completed
51132,1157,2025-12-27,Mobile App,Debit Card,4,Completed
51133,1176,2024-04-12,Store,Debit Card,2,Completed
51134,816,2024-12-15,Online,Credit Card,1,Completed
51135,1045,2025-04-11,Online,Credit Card,3,Completed
51136,984,2024-11-14,Online,Debit Card,3,Completed
51137,1301,2024-08-13,Marketplace,Digital Wallet,3,Completed
51138,1108,2024-11-24,Mobile App,PayPal,3,Completed
51139,665,2025-11-15,Marketplace,Digital Wallet,1,Completed
51140,1480,2025-04-07,Marketplace,Digital Wallet,1,Returned
51141,1093,2025-12-18,Mobile App,Debit Card,5,Completed
51142,1196,2024-11-02,Online,Credit Card,3,Completed
51143,594,2025-11-20,Online,Digital Wallet,5,Completed
51144,417,2025-08-16,Mobile App,Digital Wallet,2,Completed
51145,1471,2025-02-21,Mobile App,Digital Wallet,5,Completed
51146,1340,2025-02-20,Online,Digital Wallet,4,Completed
51147,344,2024-10-21,Online,Debit Card,4,Completed
51148,47,2025-11-01,Online,Digital Wallet,3,Completed
51149,1466,2024-02-19,Online,PayPal,4,Completed
51150,1085,2024-01-07,Store,Digital Wallet,1,Completed
51151,915,2025-07-11,Mobile App,Credit Card,1,Completed
51152,1469,2024-11-29,Store,Debit Card,5,Returned
51153,323,2024-11-13,Marketplace,Debit Card,1,Completed
51154,18,2024-08-28,Online,Credit Card,1,Completed
51155,694,2025-12-02,Store,Debit Card,3,Completed
51156,140,2024-10-02,Online,Digital Wallet,3,Completed
51157,700,2024-07-12,Mobile App,PayPal,4,Completed
51158,532,2024-12-09,Mobile App,Debit Card,3,Completed
51159,91,2024-12-24,Online,Credit Card,4,Completed
51160,306,2025-08-01,Online,PayPal,4,Completed
51161,171,2025-04-22,Store,PayPal,3,Completed
51162,488,2025-08-19,Online,PayPal,2,Completed
51163,1491,2025-04-05,Store,Digital Wallet,3,Completed
51164,948,2025-06-15,Mobile App,Digital Wallet,4,Completed
51165,1062,2025-11-23,Marketplace,Credit Card,4,Completed
51166,965,2025-05-09,Online,PayPal,5,Completed
51167,845,2025-09-05,Mobile App,Credit Card,1,Completed
51168,304,2025-04-22,Store,Credit Card,3,Completed
51169,673,2025-10-11,Online,Debit Card,5,Completed
51170,1326,2024-11-26,Mobile App,Digital Wallet,4,Completed
51171,22,2025-12-21,Online,PayPal,2,Completed
51172,1349,2024-10-17,Online,Digital Wallet,4,Completed
51173,461,2025-09-28,Store,Digital Wallet,4,Completed
51174,1411,2024-12-21,Mobile App,Debit Card,5,Completed
51175,986,2024-08-26,Online,Debit Card,2,Completed
51176,197,2024-04-01,Online,Digital Wallet,2,Completed
51177,699,2025-02-06,Online,Debit Card,4,Completed
51178,187,2024-12-19,Online,Debit Card,2,Completed
51179,644,2025-02-05,Online,Debit Card,2,Cancelled
51180,747,2025-03-18,Online,Credit Card,3,Completed
51181,50,2025-06-01,Marketplace,Credit Card,2,Completed
51182,103,2025-06-21,Online,Debit Card,3,Completed
51183,724,2025-10-04,Mobile App,PayPal,5,Cancelled
51184,230,2025-11-20,Marketplace,Digital Wallet,1,Completed
51185,458,2025-12-30,Store,Debit Card,4,Completed
51186,582,2025-02-25,Online,Digital Wallet,3,Completed
51187,207,2024-03-27,Online,Credit Card,3,Completed
51188,899,2024-05-30,Online,PayPal,2,Completed
51189,212,2024-05-27,Online,PayPal,5,Cancelled
51190,75,2025-11-12,Store,Debit Card,4,Completed
51191,578,2024-09-11,Marketplace,Credit Card,3,Completed
51192,1463,2024-10-11,Store,Digital Wallet,4,Completed
51193,399,2025-01-02,Mobile App,Digital Wallet,4,Completed
51194,588,2024-02-09,Marketplace,Digital Wallet,3,Completed
51195,369,2025-03-02,Online,Digital Wallet,4,Completed
51196,946,2024-08-28,Online,Credit Card,5,Completed
51197,1391,2025-02-22,Online,PayPal,5,Completed
51198,1386,2025-09-05,Online,Digital Wallet,2,Completed
51199,1057,2024-04-16,Marketplace,Credit Card,1,Completed
51200,792,2025-04-09,Mobile App,Digital Wallet,3,Completed
51201,799,2024-10-05,Online,Debit Card,3,Completed
51202,1076,2025-04-05,Store,Debit Card,4,Completed
51203,924,2024-12-25,Online,Credit Card,1,Completed
51204,576,2025-03-27,Mobile App,Digital Wallet,4,Completed
51205,9,2024-03-14,Store,Debit Card,4,Completed
51206,152,2025-03-28,Marketplace,Digital Wallet,3,Completed
51207,332,2024-04-21,Mobile App,Debit Card,2,Completed
51208,713,2025-09-20,Marketplace,Debit Card,1,Completed
51209,402,2025-06-22,Online,Debit Card,1,Completed
51210,190,2024-09-04,Online,Credit Card,2,Returned
51211,469,2024-11-23,Online,Credit Card,5,Completed
51212,821,2025-04-03,Store,PayPal,3,Completed
51213,974,2025-12-13,Online,Digital Wallet,3,Completed
51214,228,2025-11-14,Online,PayPal,3,Completed
51215,286,2024-01-02,Marketplace,Debit Card,2,Completed
51216,105,2025-11-27,Store,Digital Wallet,5,Completed
51217,256,2025-03-05,Online,Credit Card,2,Completed
51218,985,2025-01-28,Mobile App,Debit Card,4,Completed
51219,1245,2024-09-01,Online,Credit Card,1,Completed
51220,1349,2025-06-30,Store,Digital Wallet,4,Completed
51221,571,2025-10-06,Marketplace,Digital Wallet,1,Completed
51222,1312,2025-06-27,Mobile App,Debit Card,4,Returned
51223,366,2025-02-10,Online,Debit Card,5,Completed
51224,960,2025-08-07,Marketplace,Digital Wallet,1,Completed
51225,132,2025-04-11,Marketplace,Digital Wallet,1,Completed
51226,421,2024-07-31,Online,Credit Card,4,Completed
51227,904,2024-12-27,Online,PayPal,2,Completed
51228,1128,2024-10-29,Mobile App,Credit Card,5,Completed
51229,40,2024-03-23,Online,PayPal,3,Completed
51230,1340,2025-06-25,Marketplace,Debit Card,4,Completed
51231,230,2024-08-14,Marketplace,Digital Wallet,1,Completed
51232,541,2025-08-17,Online,PayPal,1,Completed
51233,606,2024-04-08,Online,Credit Card,4,Completed
51234,934,2025-10-25,Online,PayPal,3,Returned
51235,676,2024-11-23,Mobile App,Debit Card,3,Completed
51236,1093,2025-06-03,Marketplace,Digital Wallet,5,Completed
51237,1418,2024-07-04,Marketplace,PayPal,4,Completed
51238,1123,2024-08-16,Online,PayPal,1,Completed
51239,421,2024-07-25,Mobile App,Digital Wallet,4,Completed
51240,240,2025-10-16,Store,Debit Card,5,Completed
51241,299,2025-06-09,Mobile App,Digital Wallet,2,Completed
51242,958,2025-08-05,Online,Debit Card,5,Completed
51243,1316,2025-11-06,Marketplace,PayPal,4,Completed
51244,1056,2025-06-12,Mobile App,Credit Card,3,Completed
51245,854,2025-07-19,Mobile App,PayPal,1,Cancelled
51246,432,2025-12-04,Mobile App,Digital Wallet,5,Completed
51247,1192,2024-12-07,Online,Debit Card,5,Completed
51248,1414,2024-02-24,Store,Debit Card,1,Completed
51249,1424,2024-06-01,Online,Digital Wallet,5,Completed
51250,562,2025-09-03,Mobile App,Digital Wallet,1,Completed
51251,55,2025-01-08,Online,PayPal,5,Completed
51252,1190,2024-12-06,Store,Debit Card,5,Completed
51253,1000,2025-09-07,Mobile App,Digital Wallet,4,Completed
51254,869,2025-07-30,Store,Debit Card,1,Completed
51255,947,2025-11-25,Online,Debit Card,4,Completed
51256,336,2024-04-27,Marketplace,Debit Card,1,Completed
51257,460,2024-06-12,Online,Credit Card,1,Returned
51258,573,2024-07-05,Online,PayPal,5,Completed
51259,309,2024-06-20,Mobile App,Credit Card,5,Returned
51260,555,2025-05-17,Marketplace,Digital Wallet,4,Completed
51261,962,2025-07-03,Mobile App,PayPal,1,Completed
51262,314,2025-07-12,Online,Credit Card,1,Completed
51263,1319,2025-01-21,Mobile App,Credit Card,1,Completed
51264,754,2025-10-13,Mobile App,Debit Card,1,Returned
51265,6,2025-12-20,Online,Digital Wallet,4,Completed
51266,1328,2024-10-27,Mobile App,PayPal,1,Cancelled
51267,218,2025-01-05,Online,PayPal,3,Completed
51268,168,2025-04-26,Mobile App,Digital Wallet,2,Completed
51269,925,2024-11-12,Marketplace,PayPal,5,Completed
51270,1393,2025-01-10,Store,Debit Card,1,Completed
51271,656,2024-12-17,Online,Digital Wallet,2,Completed
51272,1031,2025-02-14,Marketplace,PayPal,4,Completed
51273,375,2024-09-21,Online,Debit Card,1,Cancelled
51274,1048,2024-11-25,Marketplace,Credit Card,1,Completed
51275,82,2024-06-08,Marketplace,PayPal,5,Completed
51276,1059,2025-09-16,Online,PayPal,3,Completed
51277,1398,2024-07-03,Mobile App,Digital Wallet,5,Completed
51278,877,2025-07-08,Store,PayPal,2,Completed
51279,279,2024-08-06,Store,Credit Card,5,Completed
51280,1371,2024-12-23,Store,Credit Card,1,Cancelled
51281,58,2025-11-04,Mobile App,Credit Card,3,Completed
51282,386,2024-04-17,Online,Credit Card,5,Completed
51283,608,2024-03-22,Online,Debit Card,3,Completed
51284,887,2025-08-21,Store,PayPal,1,Completed
51285,1264,2025-04-16,Marketplace,Debit Card,4,Completed
51286,894,2024-10-27,Mobile App,Digital Wallet,5,Completed
51287,295,2025-06-25,Online,Credit Card,5,Completed
51288,551,2024-01-08,Mobile App,Debit Card,2,Completed
51289,1304,2025-12-22,Online,Digital Wallet,5,Completed
51290,47,2024-11-15,Marketplace,Credit Card,3,Completed
51291,1196,2024-10-19,Mobile App,Debit Card,3,Completed
51292,334,2024-12-04,Mobile App,Digital Wallet,3,Completed
51293,50,2024-11-26,Online,Credit Card,2,Completed
51294,240,2024-07-30,Marketplace,Debit Card,5,Completed
51295,750,2025-09-14,Mobile App,Digital Wallet,3,Completed
51296,702,2025-01-31,Marketplace,Credit Card,2,Completed
51297,1358,2025-01-10,Store,Digital Wallet,3,Returned
51298,1007,2024-11-23,Marketplace,Credit Card,4,Completed
51299,743,2024-10-19,Marketplace,Debit Card,3,Cancelled
51300,1130,2024-02-09,Marketplace,Debit Card,3,Completed
51301,1343,2024-11-28,Online,Credit Card,1,Returned
51302,1418,2024-03-30,Online,Debit Card,4,Completed
51303,1450,2024-07-27,Store,Credit Card,5,Completed
51304,144,2025-08-15,Online,PayPal,3,Completed
51305,1051,2024-06-06,Online,PayPal,1,Completed
51306,111,2025-12-29,Store,Digital Wallet,1,Completed
51307,510,2025-03-16,Mobile App,PayPal,5,Returned
51308,1338,2025-04-15,Online,Digital Wallet,4,Completed
51309,1316,2025-11-18,Marketplace,PayPal,4,Completed
51310,1224,2025-02-10,Mobile App,Debit Card,4,Cancelled
51311,1396,2024-11-21,Online,Credit Card,2,Completed
51312,1078,2025-07-19,Marketplace,Debit Card,2,Completed
51313,1419,2024-10-07,Store,Credit Card,1,Completed
51314,1002,2024-07-19,Mobile App,Debit Card,1,Completed
51315,900,2025-02-27,Marketplace,Digital Wallet,5,Completed
51316,1051,2024-04-15,Marketplace,PayPal,1,Completed
51317,781,2024-05-01,Online,Credit Card,4,Completed
51318,1038,2024-08-25,Online,PayPal,3,Completed
51319,693,2025-08-03,Online,Digital Wallet,5,Completed
51320,1318,2024-05-20,Marketplace,Debit Card,4,Cancelled
51321,426,2025-11-04,Online,PayPal,3,Completed
51322,1420,2024-01-20,Marketplace,PayPal,5,Completed
51323,1416,2025-03-06,Mobile App,PayPal,5,Completed
51324,1180,2024-12-03,Marketplace,Digital Wallet,4,Completed
51325,137,2024-07-28,Mobile App,PayPal,4,Completed
51326,571,2024-02-24,Online,Credit Card,1,Completed
51327,1146,2024-10-15,Store,PayPal,5,Completed
51328,967,2025-12-31,Online,Digital Wallet,5,Completed
51329,968,2024-12-15,Online,Credit Card,5,Completed
51330,1331,2024-09-03,Mobile App,PayPal,3,Completed
51331,1499,2025-11-17,Mobile App,PayPal,1,Cancelled
51332,1146,2025-11-21,Marketplace,Digital Wallet,5,Completed
51333,64,2024-06-18,Mobile App,Credit Card,3,Completed
51334,840,2024-11-10,Marketplace,Debit Card,2,Cancelled
51335,125,2025-12-22,Marketplace,Debit Card,1,Completed
51336,1378,2025-12-12,Mobile App,PayPal,3,Completed
51337,1045,2024-06-13,Mobile App,PayPal,3,Completed
51338,814,2024-08-19,Online,Digital Wallet,1,Completed
51339,1055,2024-12-17,Online,Digital Wallet,1,Completed
51340,1475,2024-08-02,Store,Digital Wallet,3,Completed
51341,266,2024-12-29,Online,Debit Card,1,Completed
51342,292,2025-11-01,Store,Credit Card,1,Completed
51343,1054,2025-01-10,Marketplace,Credit Card,2,Completed
51344,863,2025-07-07,Store,Digital Wallet,4,Completed
51345,923,2025-09-08,Mobile App,Debit Card,1,Completed
51346,1381,2025-11-28,Online,PayPal,5,Completed
51347,1013,2025-03-03,Marketplace,Digital Wallet,1,Completed
51348,962,2025-01-25,Online,PayPal,1,Completed
51349,1222,2024-10-22,Mobile App,PayPal,1,Completed
51350,1357,2024-06-20,Online,Digital Wallet,1,Completed
51351,254,2024-11-05,Mobile App,Credit Card,1,Completed
51352,917,2025-11-11,Online,PayPal,2,Completed
51353,1263,2025-11-17,Online,Credit Card,2,Returned
51354,506,2024-10-05,Store,PayPal,5,Completed
51355,1458,2024-11-29,Store,Credit Card,3,Completed
51356,1083,2025-07-06,Store,PayPal,4,Completed
51357,439,2025-05-30,Online,PayPal,1,Completed
51358,799,2024-10-14,Mobile App,Debit Card,3,Completed
51359,1219,2024-12-03,Online,Credit Card,4,Completed
51360,596,2025-01-25,Store,Credit Card,5,Completed
51361,382,2024-06-30,Online,Debit Card,1,Completed
51362,620,2024-05-05,Mobile App,Debit Card,3,Completed
51363,206,2024-08-16,Online,Credit Card,5,Completed
51364,1063,2024-01-12,Marketplace,Credit Card,4,Completed
51365,766,2024-12-10,Online,Debit Card,4,Completed
51366,638,2025-12-25,Marketplace,PayPal,1,Completed
51367,107,2024-08-06,Mobile App,Digital Wallet,1,Completed
51368,372,2025-10-27,Online,Digital Wallet,4,Completed
51369,1369,2025-12-28,Online,Debit Card,1,Completed
51370,1190,2024-05-18,Marketplace,Debit Card,5,Completed
51371,42,2025-10-10,Marketplace,Credit Card,5,Cancelled
51372,830,2025-12-06,Marketplace,PayPal,2,Completed
51373,1160,2024-12-26,Online,PayPal,1,Completed
51374,562,2024-03-21,Mobile App,Credit Card,1,Completed
51375,832,2024-07-18,Online,PayPal,3,Completed
51376,30,2025-12-03,Mobile App,Digital Wallet,3,Cancelled
51377,818,2025-03-21,Online,Debit Card,4,Completed
51378,271,2024-07-30,Store,PayPal,5,Completed
51379,70,2024-11-12,Marketplace,Digital Wallet,3,Completed
51380,180,2025-06-11,Store,Credit Card,5,Completed
51381,154,2025-05-12,Online,Debit Card,4,Completed
51382,1008,2025-06-13,Online,Credit Card,4,Cancelled
51383,741,2025-05-31,Store,PayPal,2,Completed
51384,1284,2024-06-01,Online,Debit Card,1,Completed
51385,95,2024-09-12,Online,Debit Card,4,Completed
51386,1119,2025-05-22,Marketplace,Digital Wallet,3,Completed
51387,1453,2024-05-19,Online,Credit Card,4,Completed
51388,569,2024-10-20,Mobile App,Digital Wallet,1,Returned
51389,251,2024-08-20,Online,PayPal,5,Completed
51390,1130,2025-06-27,Online,Digital Wallet,3,Completed
51391,751,2024-08-10,Store,Debit Card,5,Completed
51392,1234,2024-11-25,Online,Digital Wallet,4,Completed
51393,1138,2025-04-19,Mobile App,Digital Wallet,2,Completed
51394,921,2024-05-22,Store,Debit Card,5,Completed
51395,614,2025-11-09,Store,Digital Wallet,5,Completed
51396,697,2025-07-29,Store,PayPal,5,Cancelled
51397,1146,2025-12-28,Online,Digital Wallet,5,Completed
51398,840,2025-02-07,Mobile App,Digital Wallet,2,Completed
51399,633,2024-04-01,Store,Credit Card,1,Completed
51400,610,2024-07-02,Mobile App,Debit Card,4,Completed
51401,459,2025-09-16,Online,Credit Card,1,Completed
51402,153,2025-09-10,Online,Digital Wallet,2,Completed
51403,1173,2025-01-25,Online,Digital Wallet,2,Completed
51404,397,2025-04-14,Online,Debit Card,4,Completed
51405,1362,2025-10-23,Store,Digital Wallet,1,Completed
51406,632,2025-11-25,Marketplace,Digital Wallet,4,Completed
51407,1201,2025-03-10,Online,Digital Wallet,1,Completed
51408,711,2025-05-27,Store,PayPal,2,Completed
51409,686,2025-06-14,Marketplace,Digital Wallet,4,Completed
51410,1469,2025-10-15,Online,PayPal,5,Completed
51411,465,2024-12-06,Online,PayPal,1,Completed
51412,1075,2025-04-14,Store,PayPal,2,Completed
51413,61,2024-11-17,Marketplace,Debit Card,4,Completed
51414,875,2024-02-08,Marketplace,Debit Card,5,Returned
51415,301,2025-08-12,Marketplace,Credit Card,3,Completed
51416,226,2024-12-01,Online,PayPal,3,Completed
51417,516,2025-01-15,Store,Debit Card,1,Completed
51418,840,2024-02-02,Mobile App,Digital Wallet,2,Completed
51419,328,2025-09-06,Store,Digital Wallet,1,Returned
51420,914,2024-01-10,Mobile App,Credit Card,5,Completed
51421,745,2025-03-13,Mobile App,Digital Wallet,5,Completed
51422,673,2025-11-06,Mobile App,PayPal,5,Completed
51423,525,2024-03-25,Marketplace,PayPal,5,Completed
51424,1204,2024-08-08,Store,Credit Card,3,Completed
51425,402,2024-08-12,Mobile App,Debit Card,1,Returned
51426,724,2025-11-30,Store,Credit Card,5,Completed
51427,259,2024-02-26,Marketplace,Credit Card,5,Completed
51428,675,2024-08-30,Online,Credit Card,5,Completed
51429,202,2025-05-31,Marketplace,PayPal,1,Completed
51430,1271,2024-12-02,Online,Digital Wallet,3,Completed
51431,523,2024-10-22,Online,Debit Card,4,Returned
51432,1232,2025-12-15,Store,PayPal,3,Completed
51433,1286,2024-10-05,Marketplace,PayPal,1,Completed
51434,584,2024-12-04,Mobile App,PayPal,4,Completed
51435,405,2025-11-25,Marketplace,Digital Wallet,4,Completed
51436,43,2025-01-19,Marketplace,Debit Card,4,Completed
51437,102,2024-02-27,Store,PayPal,2,Completed
51438,417,2025-11-04,Store,Digital Wallet,2,Completed
51439,1189,2024-04-03,Online,Credit Card,4,Completed
51440,658,2024-06-11,Marketplace,Digital Wallet,5,Completed
51441,1397,2025-11-15,Online,PayPal,2,Completed
51442,1224,2024-03-21,Online,Debit Card,4,Completed
51443,1389,2025-08-07,Mobile App,Credit Card,1,Completed
51444,1063,2025-09-21,Online,Digital Wallet,4,Completed
51445,381,2024-10-28,Marketplace,Digital Wallet,5,Completed
51446,528,2025-02-20,Mobile App,PayPal,1,Completed
51447,1249,2024-12-08,Marketplace,PayPal,4,Completed
51448,23,2025-01-19,Store,Digital Wallet,5,Completed
51449,280,2024-09-29,Mobile App,Debit Card,2,Returned
51450,110,2024-03-06,Online,PayPal,2,Completed
51451,1387,2024-01-03,Online,Credit Card,3,Completed
51452,1309,2024-09-27,Online,Debit Card,3,Completed
51453,515,2024-09-16,Online,Debit Card,2,Completed
51454,1347,2025-02-22,Online,Debit Card,5,Completed
51455,1211,2025-12-09,Marketplace,Debit Card,3,Completed
51456,79,2025-01-07,Mobile App,PayPal,1,Completed
51457,649,2024-02-15,Marketplace,Digital Wallet,2,Completed
51458,579,2025-04-02,Marketplace,Credit Card,3,Completed
51459,848,2025-03-11,Online,Credit Card,1,Completed
51460,46,2024-09-13,Online,Debit Card,4,Completed
51461,999,2024-02-12,Online,Digital Wallet,4,Cancelled
51462,471,2025-12-13,Online,PayPal,2,Completed
51463,1192,2024-10-30,Marketplace,Debit Card,5,Completed
51464,685,2024-12-04,Mobile App,Debit Card,5,Completed
51465,1243,2024-08-14,Online,PayPal,2,Completed
51466,1452,2024-07-17,Marketplace,Credit Card,1,Completed
51467,197,2025-04-18,Store,PayPal,2,Completed
51468,1131,2025-11-27,Online,Debit Card,4,Returned
51469,194,2025-07-30,Marketplace,Credit Card,2,Cancelled
51470,1319,2025-05-26,Mobile App,PayPal,1,Completed
51471,727,2024-12-08,Store,PayPal,5,Completed
51472,227,2024-06-12,Marketplace,Digital Wallet,3,Completed
51473,1330,2025-08-08,Mobile App,Digital Wallet,5,Completed
51474,951,2025-06-02,Store,Credit Card,3,Completed
51475,652,2025-08-31,Mobile App,Credit Card,2,Cancelled
51476,942,2025-11-17,Online,Credit Card,2,Completed
51477,853,2025-10-16,Online,Credit Card,5,Completed
51478,683,2025-11-01,Online,Debit Card,5,Completed
51479,1428,2024-05-06,Marketplace,Credit Card,5,Completed
51480,980,2025-07-24,Online,Digital Wallet,4,Completed
51481,110,2025-05-17,Mobile App,Credit Card,2,Completed
51482,755,2024-05-05,Mobile App,Debit Card,3,Completed
51483,688,2025-12-03,Marketplace,PayPal,1,Completed
51484,1313,2024-11-22,Online,Credit Card,5,Completed
51485,386,2025-01-17,Online,Digital Wallet,5,Completed
51486,1067,2025-07-03,Online,PayPal,2,Completed
51487,3,2024-03-13,Marketplace,Digital Wallet,1,Completed
51488,77,2024-07-12,Online,Credit Card,3,Completed
51489,1276,2025-12-27,Online,Debit Card,1,Completed
51490,128,2024-09-22,Online,Credit Card,2,Completed
51491,175,2024-06-30,Online,PayPal,5,Completed
51492,1499,2024-12-09,Online,Debit Card,1,Completed
51493,655,2025-07-19,Mobile App,Credit Card,4,Completed
51494,1333,2024-10-16,Mobile App,PayPal,5,Completed
51495,1191,2025-02-26,Online,Credit Card,5,Completed
51496,1067,2025-02-04,Mobile App,Credit Card,2,Completed
51497,790,2025-12-11,Online,PayPal,1,Completed
51498,127,2025-06-13,Online,Credit Card,2,Completed
51499,516,2025-02-08,Online,Credit Card,1,Completed
51500,1354,2025-04-26,Store,Digital Wallet,3,Completed
51501,1410,2024-02-23,Marketplace,Credit Card,3,Completed
51502,581,2024-05-20,Online,PayPal,4,Completed
51503,425,2025-08-30,Store,Digital Wallet,4,Completed
51504,44,2024-02-10,Mobile App,Debit Card,4,Completed
51505,1475,2024-02-28,Marketplace,Credit Card,3,Completed
51506,819,2025-04-12,Online,Digital Wallet,2,Completed
51507,735,2025-01-02,Online,PayPal,1,Completed
51508,1351,2025-12-06,Store,Credit Card,4,Completed
51509,1240,2024-12-09,Online,Digital Wallet,3,Completed
51510,1117,2024-04-24,Online,Credit Card,2,Completed
51511,1191,2025-03-09,Marketplace,Debit Card,5,Completed
51512,111,2024-12-08,Mobile App,PayPal,1,Completed
51513,39,2025-11-24,Online,Credit Card,3,Completed
51514,1300,2025-07-17,Mobile App,Debit Card,4,Completed
51515,23,2024-01-22,Mobile App,Digital Wallet,5,Completed
51516,250,2024-08-28,Online,Digital Wallet,2,Completed
51517,1395,2025-12-10,Mobile App,Digital Wallet,2,Completed
51518,897,2024-08-10,Mobile App,Credit Card,2,Completed
51519,935,2024-06-13,Mobile App,Debit Card,3,Completed
51520,935,2024-08-16,Mobile App,Credit Card,3,Completed
51521,741,2025-09-07,Online,Debit Card,2,Completed
51522,728,2024-07-20,Mobile App,Debit Card,4,Completed
51523,1031,2025-11-26,Store,Credit Card,4,Completed
51524,1370,2024-10-13,Store,PayPal,1,Completed
51525,1020,2025-04-26,Marketplace,Credit Card,2,Completed
51526,60,2025-04-19,Online,Digital Wallet,2,Completed
51527,208,2025-04-20,Mobile App,Debit Card,5,Completed
51528,1412,2024-04-09,Online,Digital Wallet,1,Completed
51529,943,2024-10-04,Marketplace,PayPal,5,Completed
51530,150,2024-12-10,Mobile App,Credit Card,1,Completed
51531,869,2025-07-27,Online,Digital Wallet,1,Completed
51532,675,2024-11-18,Marketplace,PayPal,5,Completed
51533,1094,2024-04-19,Mobile App,PayPal,2,Cancelled
51534,472,2024-12-22,Mobile App,PayPal,1,Completed
51535,648,2025-11-12,Mobile App,Digital Wallet,2,Completed
51536,1159,2025-02-03,Mobile App,Credit Card,5,Completed
51537,890,2025-11-18,Marketplace,Debit Card,4,Completed
51538,46,2024-09-17,Online,PayPal,4,Completed
51539,214,2025-12-24,Online,Digital Wallet,1,Completed
51540,1419,2025-08-21,Mobile App,PayPal,1,Returned
51541,726,2025-12-29,Marketplace,Credit Card,2,Completed
51542,49,2024-06-14,Store,Digital Wallet,3,Completed
51543,1034,2024-01-17,Store,Debit Card,1,Completed
51544,1078,2024-05-18,Store,Digital Wallet,2,Completed
51545,903,2025-09-14,Marketplace,Debit Card,2,Completed
51546,1018,2024-03-10,Online,Debit Card,3,Completed
51547,1139,2025-04-09,Mobile App,PayPal,1,Completed
51548,1060,2024-12-14,Store,Debit Card,1,Completed
51549,1245,2024-03-01,Online,Digital Wallet,1,Completed
51550,572,2024-12-21,Mobile App,PayPal,2,Completed
51551,1272,2024-01-31,Online,Credit Card,4,Completed
51552,993,2024-11-28,Mobile App,Credit Card,4,Completed
51553,1274,2024-05-11,Mobile App,PayPal,3,Completed
51554,791,2024-10-20,Marketplace,Digital Wallet,3,Completed
51555,1313,2025-05-31,Online,Digital Wallet,5,Completed
51556,899,2025-07-13,Mobile App,PayPal,2,Completed
51557,103,2024-06-11,Online,PayPal,3,Completed
51558,149,2024-01-05,Marketplace,Digital Wallet,3,Completed
51559,436,2024-07-29,Store,PayPal,2,Completed
51560,57,2025-03-12,Mobile App,Digital Wallet,5,Completed
51561,569,2025-08-28,Marketplace,Digital Wallet,1,Cancelled
51562,617,2025-05-28,Online,Debit Card,1,Completed
51563,1487,2025-09-10,Mobile App,Digital Wallet,4,Completed
51564,1462,2024-06-12,Mobile App,Credit Card,4,Completed
51565,745,2025-11-13,Marketplace,Digital Wallet,5,Completed
51566,636,2025-01-14,Online,Digital Wallet,2,Completed
51567,258,2024-12-16,Online,Digital Wallet,2,Completed
51568,158,2025-12-04,Online,Credit Card,3,Completed
51569,779,2025-05-05,Online,Digital Wallet,1,Completed
51570,398,2024-09-01,Online,Credit Card,5,Completed
51571,1028,2025-06-28,Mobile App,PayPal,3,Completed
51572,150,2025-07-13,Mobile App,Credit Card,1,Completed
51573,1459,2025-08-11,Store,Digital Wallet,5,Completed
51574,793,2025-03-18,Marketplace,PayPal,1,Completed
51575,742,2024-04-29,Mobile App,Debit Card,5,Completed
51576,158,2025-11-26,Mobile App,Debit Card,3,Completed
51577,749,2025-10-14,Online,PayPal,1,Returned
51578,1233,2024-12-27,Online,Debit Card,4,Completed
51579,1220,2024-06-12,Store,PayPal,1,Completed
51580,543,2024-10-03,Store,Debit Card,3,Completed
51581,903,2025-02-11,Online,PayPal,2,Completed
51582,200,2025-02-20,Online,Debit Card,3,Completed
51583,456,2025-10-13,Online,Debit Card,4,Completed
51584,230,2025-12-06,Online,Digital Wallet,1,Completed
51585,180,2024-04-01,Mobile App,Debit Card,5,Completed
51586,857,2025-08-25,Online,Credit Card,2,Completed
51587,97,2025-10-04,Store,Digital Wallet,4,Returned
51588,123,2025-11-12,Mobile App,Debit Card,4,Completed
51589,57,2024-09-04,Marketplace,Debit Card,5,Completed
51590,412,2024-12-06,Online,Debit Card,2,Completed
51591,917,2024-11-18,Mobile App,Digital Wallet,2,Completed
51592,694,2024-12-27,Mobile App,PayPal,3,Completed
51593,560,2024-03-12,Store,PayPal,4,Completed
51594,318,2024-05-26,Mobile App,Debit Card,1,Completed
51595,273,2025-07-24,Mobile App,Digital Wallet,5,Completed
51596,104,2025-03-24,Online,Digital Wallet,3,Completed
51597,634,2024-08-03,Mobile App,PayPal,1,Returned
51598,875,2024-07-07,Mobile App,Debit Card,5,Completed
51599,958,2024-06-30,Mobile App,Debit Card,5,Completed
51600,611,2025-01-30,Online,Digital Wallet,2,Completed
51601,347,2025-09-29,Mobile App,Digital Wallet,2,Completed
51602,208,2025-07-11,Online,Digital Wallet,5,Completed
51603,417,2024-01-03,Mobile App,Debit Card,2,Completed
51604,497,2025-12-03,Online,Credit Card,1,Completed
51605,1219,2025-03-12,Online,Credit Card,4,Completed
51606,29,2025-12-07,Mobile App,Credit Card,4,Returned
51607,1046,2025-05-07,Store,PayPal,2,Completed
51608,274,2025-05-09,Store,Credit Card,1,Completed
51609,20,2024-07-25,Marketplace,Credit Card,5,Completed
51610,1230,2025-12-28,Online,Credit Card,3,Completed
51611,329,2025-01-04,Marketplace,Debit Card,5,Completed
51612,1084,2024-08-08,Online,Credit Card,2,Completed
51613,656,2024-04-08,Mobile App,PayPal,2,Completed
51614,693,2024-01-24,Mobile App,PayPal,5,Completed
51615,57,2025-04-03,Online,PayPal,5,Completed
51616,1017,2025-05-31,Mobile App,Digital Wallet,4,Completed
51617,805,2024-02-11,Mobile App,PayPal,1,Completed
51618,185,2024-06-10,Online,Credit Card,5,Completed
51619,81,2025-01-07,Online,Digital Wallet,4,Completed
51620,973,2025-04-16,Online,PayPal,4,Returned
51621,165,2025-11-04,Mobile App,Credit Card,4,Completed
51622,60,2024-04-08,Mobile App,Credit Card,2,Completed
51623,9,2024-12-24,Online,Debit Card,4,Completed
51624,739,2025-12-26,Online,Digital Wallet,4,Cancelled
51625,523,2025-09-19,Mobile App,Digital Wallet,4,Completed
51626,477,2024-11-22,Online,PayPal,2,Completed
51627,830,2024-06-08,Online,Debit Card,2,Completed
51628,704,2025-03-01,Online,Digital Wallet,5,Completed
51629,744,2024-07-27,Online,Debit Card,4,Completed
51630,1163,2024-12-06,Online,Credit Card,5,Completed
51631,1279,2024-04-23,Store,PayPal,5,Completed
51632,1274,2025-05-22,Mobile App,Credit Card,3,Completed
51633,1143,2024-06-24,Marketplace,Credit Card,3,Completed
51634,787,2024-06-21,Marketplace,Credit Card,2,Returned
51635,1244,2024-03-06,Mobile App,Credit Card,1,Completed
51636,1191,2024-01-10,Store,PayPal,5,Completed
51637,1048,2024-03-22,Marketplace,PayPal,1,Completed
51638,1304,2025-04-08,Online,Credit Card,5,Returned
51639,139,2024-12-28,Online,PayPal,4,Completed
51640,59,2024-12-14,Mobile App,Digital Wallet,5,Completed
51641,448,2025-09-11,Mobile App,Credit Card,1,Completed
51642,785,2025-09-24,Online,Digital Wallet,5,Returned
51643,1359,2024-05-20,Marketplace,PayPal,5,Returned
51644,831,2025-01-17,Online,PayPal,3,Completed
51645,743,2024-11-26,Online,PayPal,3,Completed
51646,1312,2024-02-22,Mobile App,PayPal,4,Completed
51647,1155,2025-09-23,Online,Debit Card,2,Completed
51648,580,2024-05-26,Marketplace,Digital Wallet,2,Completed
51649,1384,2024-12-07,Online,Credit Card,2,Completed
51650,1077,2025-05-22,Online,Debit Card,2,Completed
51651,474,2024-03-03,Online,PayPal,2,Completed
51652,99,2024-03-09,Online,Digital Wallet,2,Completed
51653,1479,2024-04-23,Online,Digital Wallet,4,Completed
51654,1337,2024-03-25,Mobile App,Credit Card,1,Completed
51655,218,2024-11-23,Online,PayPal,3,Completed
51656,523,2025-11-07,Mobile App,Digital Wallet,4,Completed
51657,346,2024-12-19,Online,Debit Card,3,Completed
51658,1212,2024-11-03,Online,Credit Card,5,Completed
51659,296,2024-01-07,Online,PayPal,2,Completed
51660,925,2024-08-21,Online,PayPal,5,Returned
51661,868,2024-04-18,Online,PayPal,1,Completed
51662,1000,2024-12-19,Online,Debit Card,4,Completed
51663,712,2025-11-24,Marketplace,Digital Wallet,5,Completed
51664,759,2024-11-17,Online,Credit Card,4,Completed
51665,828,2025-08-04,Marketplace,PayPal,1,Completed
51666,460,2024-02-29,Mobile App,Credit Card,1,Completed
51667,712,2025-03-08,Online,Credit Card,5,Completed
51668,1029,2025-03-11,Store,Credit Card,5,Completed
51669,855,2025-04-26,Marketplace,Digital Wallet,3,Completed
51670,1454,2024-02-06,Marketplace,Digital Wallet,3,Completed
51671,624,2025-12-12,Online,PayPal,4,Completed
51672,1441,2025-08-19,Mobile App,Digital Wallet,2,Cancelled
51673,1235,2025-03-10,Online,PayPal,2,Completed
51674,1401,2025-09-07,Store,Debit Card,2,Completed
51675,412,2024-12-17,Mobile App,PayPal,2,Completed
51676,1436,2025-02-11,Online,PayPal,3,Completed
51677,9,2025-12-31,Online,Digital Wallet,4,Completed
51678,342,2025-01-31,Mobile App,PayPal,2,Completed
51679,656,2025-04-14,Marketplace,Digital Wallet,2,Completed
51680,1281,2024-12-14,Marketplace,Credit Card,3,Completed
51681,1156,2025-12-14,Marketplace,PayPal,2,Cancelled
51682,1375,2024-08-23,Marketplace,Digital Wallet,5,Completed
51683,36,2024-08-16,Online,Debit Card,4,Cancelled
51684,668,2025-05-15,Online,Digital Wallet,5,Completed
51685,1210,2024-12-15,Mobile App,Digital Wallet,5,Completed
51686,879,2025-06-30,Marketplace,PayPal,2,Completed
51687,262,2024-11-19,Mobile App,Credit Card,5,Completed
51688,957,2024-01-14,Online,Credit Card,4,Cancelled
51689,67,2024-04-17,Mobile App,PayPal,5,Returned
51690,1306,2025-12-27,Mobile App,Credit Card,4,Completed
51691,286,2025-12-27,Online,Digital Wallet,2,Completed
51692,414,2024-11-13,Online,Digital Wallet,4,Completed
51693,1415,2025-12-01,Marketplace,Debit Card,4,Completed
51694,456,2024-04-17,Mobile App,Digital Wallet,4,Completed
51695,1145,2025-03-30,Mobile App,Credit Card,3,Completed
51696,967,2025-01-22,Marketplace,Digital Wallet,5,Completed
51697,1062,2025-06-28,Marketplace,Debit Card,4,Completed
51698,476,2024-03-17,Mobile App,Digital Wallet,3,Completed
51699,1090,2025-07-11,Marketplace,Credit Card,1,Completed
51700,656,2024-02-22,Mobile App,PayPal,2,Completed
51701,691,2025-10-15,Online,Credit Card,2,Completed
51702,298,2025-04-20,Online,Digital Wallet,4,Completed
51703,51,2024-12-18,Online,Digital Wallet,5,Completed
51704,360,2025-12-19,Mobile App,Credit Card,1,Completed
51705,337,2024-11-21,Mobile App,Debit Card,2,Completed
51706,632,2025-01-03,Mobile App,Digital Wallet,4,Completed
51707,856,2024-11-17,Store,Debit Card,1,Completed
51708,1115,2025-03-25,Mobile App,PayPal,2,Completed
51709,1436,2025-02-18,Online,PayPal,3,Completed
51710,126,2025-12-31,Online,Digital Wallet,3,Completed
51711,1093,2025-10-12,Mobile App,Digital Wallet,5,Completed
51712,1211,2025-03-28,Mobile App,Debit Card,3,Completed
51713,964,2025-03-16,Marketplace,PayPal,1,Completed
51714,29,2025-04-16,Online,Credit Card,4,Completed
51715,1108,2024-12-13,Online,Debit Card,3,Completed
51716,1132,2025-12-12,Marketplace,Debit Card,4,Completed
51717,804,2025-07-14,Store,Debit Card,1,Completed
51718,1230,2024-03-05,Mobile App,Debit Card,3,Completed
51719,577,2024-10-29,Store,Debit Card,1,Completed
51720,40,2024-07-14,Online,Digital Wallet,3,Completed
51721,1375,2025-11-07,Mobile App,PayPal,5,Completed
51722,107,2025-05-09,Online,Debit Card,1,Completed
51723,1086,2025-02-09,Store,Debit Card,5,Completed
51724,304,2025-07-10,Mobile App,Debit Card,3,Completed
51725,578,2024-01-05,Mobile App,PayPal,3,Completed
51726,904,2025-01-17,Store,Digital Wallet,2,Completed
51727,1056,2024-08-13,Store,PayPal,3,Completed
51728,1145,2024-01-31,Online,Digital Wallet,3,Completed
51729,1206,2025-09-22,Store,Digital Wallet,5,Completed
51730,65,2025-11-10,Mobile App,Credit Card,5,Completed
51731,105,2024-01-21,Online,Digital Wallet,5,Cancelled
51732,1403,2025-06-02,Mobile App,Credit Card,3,Completed
51733,244,2024-02-02,Marketplace,Digital Wallet,5,Cancelled
51734,1094,2025-06-05,Mobile App,PayPal,2,Completed
51735,465,2024-10-11,Store,Debit Card,1,Completed
51736,1122,2025-12-28,Online,PayPal,2,Completed
51737,93,2024-06-01,Marketplace,Credit Card,5,Completed
51738,1151,2024-12-04,Online,Digital Wallet,2,Returned
51739,842,2025-12-20,Mobile App,Debit Card,3,Returned
51740,1420,2025-05-22,Mobile App,Debit Card,5,Completed
51741,42,2024-09-20,Store,PayPal,5,Completed
51742,319,2025-12-24,Mobile App,Digital Wallet,1,Completed
51743,1474,2025-02-20,Online,Debit Card,1,Completed
51744,653,2025-06-06,Mobile App,Digital Wallet,1,Completed
51745,1271,2024-01-22,Store,PayPal,3,Completed
51746,1377,2025-12-30,Mobile App,Digital Wallet,1,Cancelled
51747,1158,2024-10-11,Online,Debit Card,1,Returned
51748,66,2024-12-06,Online,Debit Card,4,Completed
51749,1364,2024-01-09,Store,PayPal,5,Completed
51750,1431,2025-11-02,Store,Digital Wallet,4,Completed
51751,1067,2024-08-11,Store,Digital Wallet,2,Completed
51752,1371,2025-05-19,Online,Debit Card,1,Returned
51753,687,2024-09-11,Online,PayPal,5,Returned
51754,559,2025-11-05,Mobile App,PayPal,2,Completed
51755,38,2024-11-27,Marketplace,Credit Card,4,Completed
51756,99,2024-12-13,Store,Debit Card,2,Completed
51757,622,2025-03-04,Online,Credit Card,4,Completed
51758,1414,2024-11-24,Marketplace,Digital Wallet,1,Completed
51759,1015,2025-02-04,Marketplace,Credit Card,4,Completed
51760,1330,2024-04-12,Online,Digital Wallet,5,Completed
51761,1002,2025-01-29,Store,Digital Wallet,1,Completed
51762,1004,2024-09-14,Online,Credit Card,4,Completed
51763,1208,2024-06-25,Mobile App,PayPal,2,Completed
51764,939,2024-05-22,Mobile App,Credit Card,2,Completed
51765,1301,2024-02-03,Store,Debit Card,3,Returned
51766,267,2025-07-31,Marketplace,Credit Card,5,Completed
51767,1316,2025-09-28,Marketplace,Debit Card,4,Returned
51768,964,2025-12-30,Online,Credit Card,1,Completed
51769,916,2025-10-21,Marketplace,PayPal,4,Completed
51770,372,2025-04-11,Online,PayPal,4,Completed
51771,33,2025-11-14,Online,Debit Card,1,Completed
51772,1398,2025-08-26,Online,Debit Card,5,Completed
51773,1363,2025-12-21,Mobile App,PayPal,5,Completed
51774,1148,2024-12-09,Online,PayPal,3,Cancelled
51775,866,2024-05-20,Online,Digital Wallet,1,Completed
51776,1294,2024-05-18,Mobile App,Credit Card,5,Completed
51777,853,2025-09-02,Online,Credit Card,5,Completed
51778,1296,2025-12-15,Store,Credit Card,2,Completed
51779,991,2024-07-06,Mobile App,Digital Wallet,1,Completed
51780,680,2024-03-06,Online,PayPal,1,Completed
51781,424,2025-11-12,Online,Digital Wallet,3,Completed
51782,1286,2025-02-26,Mobile App,Credit Card,1,Completed
51783,1019,2025-11-15,Online,Credit Card,4,Completed
51784,1174,2025-01-06,Mobile App,Digital Wallet,5,Completed
51785,1337,2025-09-01,Mobile App,Digital Wallet,1,Completed
51786,1174,2025-02-08,Store,Digital Wallet,5,Completed
51787,1336,2025-02-07,Online,Credit Card,5,Completed
51788,947,2025-12-30,Online,PayPal,4,Completed
51789,1374,2025-10-08,Online,Debit Card,3,Completed
51790,76,2025-04-30,Online,Digital Wallet,4,Completed
51791,1176,2024-09-10,Mobile App,Credit Card,2,Completed
51792,41,2024-06-09,Mobile App,PayPal,3,Completed
51793,130,2025-08-27,Online,Credit Card,1,Completed
51794,896,2024-07-18,Mobile App,Debit Card,3,Completed
51795,841,2025-05-25,Online,PayPal,4,Completed
51796,1402,2025-05-06,Marketplace,PayPal,4,Completed
51797,533,2024-09-16,Online,Debit Card,3,Completed
51798,567,2025-08-10,Online,Digital Wallet,2,Completed
51799,237,2025-09-06,Online,Credit Card,1,Completed
51800,1155,2025-03-13,Online,PayPal,2,Returned
51801,191,2024-08-25,Online,Digital Wallet,4,Completed
51802,928,2024-04-29,Marketplace,PayPal,1,Cancelled
51803,498,2025-08-01,Online,PayPal,3,Completed
51804,149,2025-09-27,Mobile App,Digital Wallet,3,Completed
51805,123,2024-11-27,Online,PayPal,4,Completed
51806,379,2024-10-24,Marketplace,Digital Wallet,1,Completed
51807,833,2024-12-10,Online,Debit Card,5,Completed
51808,1032,2025-07-27,Mobile App,Digital Wallet,3,Completed
51809,56,2025-08-05,Mobile App,Digital Wallet,1,Completed
51810,909,2025-12-22,Online,Credit Card,5,Completed
51811,303,2025-02-18,Mobile App,Debit Card,5,Completed
51812,655,2025-03-28,Marketplace,PayPal,4,Completed
51813,747,2024-12-12,Mobile App,Digital Wallet,3,Completed
51814,1133,2024-07-06,Store,PayPal,3,Completed
51815,212,2025-05-05,Marketplace,Digital Wallet,5,Completed
51816,871,2025-03-09,Online,Digital Wallet,2,Completed
51817,7,2025-03-28,Mobile App,PayPal,1,Cancelled
51818,1287,2024-11-29,Online,PayPal,1,Completed
51819,176,2025-01-13,Mobile App,PayPal,2,Completed
51820,1394,2024-04-27,Mobile App,Digital Wallet,1,Cancelled
51821,1341,2024-12-30,Online,PayPal,5,Completed
51822,77,2025-10-28,Mobile App,PayPal,3,Completed
51823,1343,2025-02-07,Online,PayPal,1,Completed
51824,1255,2025-02-20,Online,Credit Card,1,Completed
51825,855,2024-11-19,Online,Digital Wallet,3,Completed
51826,237,2024-04-15,Online,PayPal,1,Completed
51827,517,2024-11-29,Online,Debit Card,4,Completed
51828,904,2025-04-08,Marketplace,Debit Card,2,Completed
51829,690,2025-05-22,Mobile App,PayPal,3,Completed
51830,1228,2025-01-12,Mobile App,Credit Card,2,Completed
51831,974,2025-11-17,Marketplace,Digital Wallet,3,Completed
51832,790,2024-03-31,Online,Credit Card,1,Completed
51833,986,2024-12-13,Online,Credit Card,2,Completed
51834,965,2024-03-14,Online,PayPal,5,Completed
51835,920,2025-03-15,Mobile App,PayPal,4,Returned
51836,550,2024-03-15,Mobile App,Digital Wallet,2,Completed
51837,155,2025-02-10,Marketplace,Debit Card,5,Completed
51838,209,2025-10-31,Store,Credit Card,5,Completed
51839,868,2024-08-15,Marketplace,PayPal,1,Cancelled
51840,1154,2024-04-06,Online,Credit Card,2,Completed
51841,724,2024-03-02,Online,Debit Card,5,Completed
51842,257,2024-03-07,Online,Credit Card,4,Completed
51843,1156,2025-09-18,Online,Digital Wallet,2,Completed
51844,336,2024-04-26,Mobile App,Debit Card,1,Completed
51845,405,2025-08-15,Mobile App,Debit Card,4,Completed
51846,988,2025-05-19,Marketplace,Digital Wallet,4,Completed
51847,1178,2024-12-01,Online,Debit Card,3,Completed
51848,1227,2025-06-19,Marketplace,PayPal,3,Cancelled
51849,1191,2024-04-28,Online,Credit Card,5,Completed
51850,640,2025-02-19,Store,Debit Card,4,Cancelled
51851,777,2024-04-06,Store,Debit Card,2,Completed
51852,1193,2024-10-29,Store,PayPal,1,Completed
51853,477,2025-10-14,Marketplace,Debit Card,2,Completed
51854,1080,2024-04-10,Online,Digital Wallet,2,Completed
51855,965,2024-03-28,Online,Debit Card,5,Completed
51856,822,2024-04-11,Online,Credit Card,4,Completed
51857,1026,2025-03-26,Store,Debit Card,3,Completed
51858,251,2024-04-01,Online,Debit Card,5,Completed
51859,186,2024-03-30,Online,Debit Card,3,Cancelled
51860,1332,2024-11-20,Online,Digital Wallet,5,Completed
51861,143,2024-05-05,Store,PayPal,4,Completed
51862,163,2024-09-24,Online,PayPal,1,Completed
51863,479,2024-11-18,Online,PayPal,3,Completed
51864,596,2025-10-18,Store,Debit Card,5,Completed
51865,1080,2024-10-07,Mobile App,PayPal,2,Completed
51866,510,2025-05-04,Mobile App,PayPal,5,Completed
51867,347,2025-08-01,Marketplace,PayPal,2,Completed
51868,421,2024-06-25,Mobile App,Credit Card,4,Completed
51869,1000,2025-09-18,Store,Credit Card,4,Completed
51870,430,2024-07-08,Mobile App,Debit Card,1,Completed
51871,572,2024-06-27,Marketplace,Debit Card,2,Completed
51872,310,2024-07-08,Mobile App,Digital Wallet,4,Completed
51873,1161,2024-12-03,Marketplace,Credit Card,2,Completed
51874,810,2024-07-05,Mobile App,PayPal,3,Completed
51875,147,2024-03-28,Online,Credit Card,5,Completed
51876,1386,2024-02-15,Online,PayPal,2,Returned
51877,1073,2025-04-30,Marketplace,PayPal,3,Completed
51878,229,2025-07-21,Online,Credit Card,1,Completed
51879,553,2024-07-21,Online,Digital Wallet,1,Completed
51880,1000,2024-01-16,Store,PayPal,4,Completed
51881,1096,2024-10-14,Mobile App,Debit Card,5,Cancelled
51882,481,2025-01-25,Mobile App,Digital Wallet,5,Completed
51883,1004,2024-07-13,Online,Digital Wallet,4,Completed
51884,1293,2025-10-29,Online,Debit Card,1,Completed
51885,870,2024-12-02,Mobile App,Credit Card,2,Completed
51886,1425,2025-12-19,Store,Credit Card,5,Completed
51887,916,2024-09-26,Online,PayPal,4,Completed
51888,1392,2024-09-05,Store,Credit Card,1,Completed
51889,1289,2025-07-05,Mobile App,Credit Card,2,Completed
51890,606,2024-12-25,Online,PayPal,4,Cancelled
51891,1087,2025-09-08,Online,Credit Card,2,Completed
51892,1019,2024-09-19,Mobile App,PayPal,4,Completed
51893,507,2025-02-15,Online,PayPal,4,Cancelled
51894,859,2024-10-16,Store,Debit Card,1,Completed
51895,910,2025-10-09,Store,PayPal,2,Completed
51896,1177,2025-11-07,Online,PayPal,4,Returned
51897,1031,2024-09-06,Mobile App,Digital Wallet,4,Completed
51898,659,2024-09-11,Online,Credit Card,5,Completed
51899,748,2024-06-16,Online,PayPal,4,Completed
51900,54,2025-10-05,Mobile App,Debit Card,3,Completed
51901,923,2024-02-26,Online,Credit Card,1,Completed
51902,939,2024-11-27,Online,Debit Card,2,Completed
51903,684,2024-12-15,Marketplace,Digital Wallet,1,Completed
51904,1322,2024-01-24,Store,Credit Card,1,Completed
51905,354,2024-10-19,Online,Credit Card,1,Cancelled
51906,570,2025-05-17,Store,Credit Card,4,Completed
51907,706,2024-02-06,Mobile App,PayPal,3,Completed
51908,442,2024-11-11,Mobile App,Debit Card,1,Completed
51909,1378,2024-11-03,Online,Debit Card,3,Completed
51910,539,2025-08-27,Store,Debit Card,4,Completed
51911,753,2024-06-06,Store,PayPal,4,Completed
51912,1026,2024-11-03,Mobile App,Digital Wallet,3,Completed
51913,1179,2025-02-14,Online,PayPal,3,Completed
51914,1341,2025-10-10,Marketplace,Debit Card,5,Completed
51915,493,2025-03-29,Mobile App,PayPal,2,Completed
51916,1271,2025-01-25,Marketplace,PayPal,3,Completed
51917,943,2024-10-13,Mobile App,Digital Wallet,5,Completed
51918,1047,2024-11-05,Mobile App,Debit Card,3,Returned
51919,1467,2025-12-10,Mobile App,Credit Card,5,Returned
51920,437,2025-11-05,Marketplace,Credit Card,5,Completed
51921,781,2024-12-08,Mobile App,Digital Wallet,4,Returned
51922,512,2024-12-15,Online,PayPal,2,Completed
51923,621,2024-12-13,Store,Debit Card,1,Returned
51924,1440,2025-09-13,Online,PayPal,4,Completed
51925,535,2024-02-28,Marketplace,Digital Wallet,4,Completed
51926,199,2025-01-26,Store,Credit Card,4,Returned
51927,668,2024-02-17,Marketplace,Credit Card,5,Returned
51928,1371,2024-06-30,Online,Digital Wallet,1,Completed
51929,604,2024-01-06,Online,Credit Card,4,Completed
51930,738,2025-08-13,Mobile App,Debit Card,4,Completed
51931,165,2025-12-05,Mobile App,Credit Card,4,Completed
51932,877,2025-05-09,Online,Digital Wallet,2,Completed
51933,227,2025-01-06,Store,PayPal,3,Completed
51934,1181,2024-04-14,Marketplace,PayPal,1,Completed
51935,830,2024-05-12,Online,Credit Card,2,Completed
51936,691,2025-09-25,Store,Credit Card,2,Completed
51937,1110,2024-07-16,Store,Debit Card,5,Completed
51938,125,2025-09-25,Online,PayPal,1,Completed
51939,199,2025-03-23,Mobile App,PayPal,4,Cancelled
51940,1400,2024-09-07,Mobile App,Credit Card,2,Completed
51941,260,2025-08-13,Marketplace,Digital Wallet,4,Completed
51942,1292,2024-12-01,Online,Digital Wallet,3,Completed
51943,6,2025-03-31,Online,Debit Card,4,Completed
51944,1378,2024-12-19,Online,Debit Card,3,Cancelled
51945,1009,2025-01-17,Mobile App,Debit Card,3,Completed
51946,87,2025-11-21,Marketplace,Credit Card,1,Completed
51947,305,2024-11-04,Marketplace,Debit Card,2,Completed
51948,798,2025-08-15,Online,PayPal,2,Completed
51949,574,2025-01-11,Mobile App,PayPal,5,Cancelled
51950,431,2025-12-09,Mobile App,Debit Card,2,Completed
51951,636,2025-01-23,Online,Credit Card,2,Completed
51952,995,2024-05-30,Store,Credit Card,3,Completed
51953,951,2025-05-26,Mobile App,PayPal,3,Completed
51954,1405,2024-06-27,Mobile App,Digital Wallet,1,Completed
51955,327,2024-11-15,Online,Debit Card,3,Completed
51956,154,2025-11-24,Online,PayPal,4,Completed
51957,9,2024-12-20,Online,Digital Wallet,4,Completed
51958,853,2024-11-21,Store,Digital Wallet,5,Returned
51959,1311,2024-11-06,Online,Digital Wallet,1,Completed
51960,1316,2024-12-08,Marketplace,Digital Wallet,4,Completed
51961,1304,2024-04-10,Marketplace,Debit Card,5,Completed
51962,1480,2024-09-15,Marketplace,Digital Wallet,1,Cancelled
51963,1263,2025-05-04,Online,PayPal,2,Completed
51964,876,2024-12-17,Online,PayPal,2,Completed
51965,949,2024-06-14,Marketplace,Digital Wallet,1,Completed
51966,214,2024-08-21,Mobile App,Debit Card,1,Completed
51967,1330,2024-03-02,Online,Digital Wallet,5,Completed
51968,299,2025-05-07,Online,Digital Wallet,2,Completed
51969,172,2024-01-07,Online,Digital Wallet,3,Completed
51970,1006,2024-11-18,Marketplace,PayPal,3,Completed
51971,813,2024-04-18,Mobile App,Digital Wallet,1,Completed
51972,518,2025-01-01,Online,PayPal,3,Completed
51973,322,2025-06-04,Mobile App,PayPal,5,Completed
51974,1379,2024-12-18,Online,Debit Card,2,Completed
51975,42,2025-11-05,Store,Debit Card,5,Completed
51976,634,2024-12-19,Mobile App,Digital Wallet,1,Completed
51977,1045,2024-10-29,Marketplace,Digital Wallet,3,Completed
51978,729,2025-06-02,Mobile App,Credit Card,2,Cancelled
51979,718,2024-08-16,Store,PayPal,1,Completed
51980,668,2025-09-26,Mobile App,Credit Card,5,Completed
51981,1306,2024-06-04,Mobile App,Credit Card,4,Completed
51982,952,2025-03-30,Online,Credit Card,4,Completed
51983,523,2025-05-17,Mobile App,Debit Card,4,Completed
51984,1391,2025-01-06,Marketplace,Debit Card,5,Completed
51985,643,2024-06-18,Online,Digital Wallet,1,Cancelled
51986,146,2025-11-12,Online,Digital Wallet,1,Completed
51987,42,2024-02-14,Mobile App,PayPal,5,Completed
51988,110,2024-07-16,Marketplace,PayPal,2,Returned
51989,1056,2025-11-23,Online,Credit Card,3,Completed
51990,236,2025-10-29,Mobile App,Debit Card,3,Completed
51991,1010,2024-03-01,Online,Debit Card,2,Completed
51992,880,2025-12-03,Online,Credit Card,4,Completed
51993,3,2024-07-08,Online,Digital Wallet,1,Completed
51994,1486,2025-05-03,Online,Credit Card,3,Completed
51995,873,2025-12-20,Online,Digital Wallet,1,Completed
51996,1186,2024-07-26,Mobile App,Digital Wallet,4,Completed
51997,962,2025-11-21,Mobile App,PayPal,1,Completed
51998,1262,2024-06-01,Marketplace,Debit Card,2,Completed
51999,1088,2025-05-29,Mobile App,Credit Card,2,Completed
52000,1348,2024-03-30,Online,Digital Wallet,4,Completed
52001,1248,2025-04-05,Marketplace,Credit Card,2,Completed
52002,1252,2024-03-05,Mobile App,Credit Card,2,Completed
52003,537,2025-11-29,Online,Credit Card,3,Completed
52004,191,2025-12-21,Online,Debit Card,4,Completed
52005,211,2025-12-02,Mobile App,Debit Card,2,Cancelled
52006,1277,2025-10-25,Marketplace,PayPal,3,Completed
52007,1065,2025-02-27,Online,Digital Wallet,2,Completed
52008,541,2025-09-16,Store,PayPal,1,Completed
52009,970,2025-08-14,Mobile App,Digital Wallet,5,Completed
52010,1422,2024-10-11,Marketplace,Credit Card,1,Completed
52011,743,2024-09-11,Store,Digital Wallet,3,Completed
52012,1470,2024-08-13,Online,Debit Card,1,Completed
52013,886,2025-05-17,Online,Credit Card,1,Completed
52014,327,2025-06-15,Online,PayPal,3,Completed
52015,40,2025-06-20,Online,Debit Card,3,Completed
52016,838,2025-04-16,Online,Credit Card,3,Completed
52017,1384,2025-03-07,Mobile App,Debit Card,2,Cancelled
52018,677,2025-10-22,Marketplace,PayPal,2,Completed
52019,421,2025-12-04,Online,Credit Card,4,Completed
52020,788,2024-07-23,Online,Debit Card,4,Completed
52021,1422,2024-07-08,Online,Digital Wallet,1,Completed
52022,738,2024-11-19,Mobile App,Digital Wallet,4,Completed
52023,1193,2025-11-22,Online,Digital Wallet,1,Completed
52024,1040,2025-10-27,Mobile App,PayPal,1,Completed
52025,149,2025-08-24,Store,Credit Card,3,Completed
52026,961,2024-12-03,Online,PayPal,1,Completed
52027,188,2025-12-31,Store,Credit Card,5,Completed
52028,163,2025-06-29,Marketplace,Credit Card,1,Completed
52029,343,2025-02-09,Store,Credit Card,2,Completed
52030,132,2024-08-18,Mobile App,Debit Card,1,Completed
52031,568,2025-05-22,Mobile App,Credit Card,2,Completed
52032,719,2024-08-22,Online,Credit Card,3,Completed
52033,245,2025-05-11,Marketplace,PayPal,2,Completed
52034,601,2024-07-25,Mobile App,Digital Wallet,3,Completed
52035,1060,2024-07-24,Online,PayPal,1,Completed
52036,291,2025-11-29,Online,Credit Card,5,Completed
52037,1297,2025-11-22,Store,Digital Wallet,2,Completed
52038,713,2024-01-08,Online,Credit Card,1,Completed
52039,193,2025-11-08,Mobile App,PayPal,4,Cancelled
52040,527,2024-08-20,Mobile App,Debit Card,1,Completed
52041,1193,2024-12-11,Marketplace,PayPal,1,Completed
52042,964,2024-09-17,Mobile App,Debit Card,1,Completed
52043,1159,2024-09-24,Mobile App,Credit Card,5,Completed
52044,877,2024-01-14,Online,PayPal,2,Completed
52045,920,2025-09-20,Marketplace,PayPal,4,Completed
52046,54,2025-07-10,Mobile App,PayPal,3,Completed
52047,569,2025-05-06,Mobile App,PayPal,1,Completed
52048,627,2024-06-07,Store,Debit Card,4,Completed
52049,220,2024-09-13,Mobile App,Debit Card,5,Completed
52050,242,2025-06-25,Online,Debit Card,2,Completed
52051,39,2025-10-14,Marketplace,Debit Card,3,Completed
52052,239,2024-11-12,Mobile App,Digital Wallet,4,Completed
52053,1246,2024-11-18,Mobile App,Debit Card,4,Completed
52054,542,2024-08-21,Online,Credit Card,4,Completed
52055,176,2025-03-17,Online,Credit Card,2,Completed
52056,441,2025-04-18,Online,Debit Card,1,Cancelled
52057,1151,2024-05-26,Online,PayPal,2,Completed
52058,398,2024-11-30,Online,Debit Card,5,Completed
52059,214,2025-02-18,Mobile App,Credit Card,1,Returned
52060,886,2024-03-08,Online,Digital Wallet,1,Completed
52061,15,2024-11-08,Mobile App,Credit Card,2,Completed
52062,1137,2024-04-08,Online,Digital Wallet,3,Completed
52063,130,2025-02-21,Online,PayPal,1,Completed
52064,146,2024-01-04,Online,Credit Card,1,Completed
52065,1299,2025-08-03,Marketplace,Credit Card,1,Completed
52066,1296,2024-11-03,Online,Credit Card,2,Completed
52067,174,2024-01-01,Mobile App,Debit Card,1,Completed
52068,1116,2025-10-17,Online,Credit Card,3,Completed
52069,176,2025-06-03,Online,Digital Wallet,2,Completed
52070,393,2025-03-26,Mobile App,Debit Card,5,Completed
52071,1312,2024-03-04,Store,Debit Card,4,Completed
52072,6,2024-02-01,Mobile App,Credit Card,4,Completed
52073,209,2025-05-29,Marketplace,Credit Card,5,Completed
52074,973,2024-11-04,Online,Debit Card,4,Completed
52075,778,2024-04-29,Store,Credit Card,4,Completed
52076,337,2024-10-27,Online,Digital Wallet,2,Completed
52077,793,2024-12-02,Marketplace,PayPal,1,Completed
52078,1206,2025-12-02,Mobile App,PayPal,5,Completed
52079,627,2025-06-23,Online,Debit Card,4,Completed
52080,46,2024-10-25,Store,Credit Card,4,Completed
52081,901,2025-05-01,Online,Digital Wallet,2,Completed
52082,1080,2024-07-21,Online,PayPal,2,Completed
52083,1474,2024-05-15,Mobile App,Digital Wallet,1,Completed
52084,243,2024-05-15,Mobile App,PayPal,2,Completed
52085,611,2025-06-25,Marketplace,Digital Wallet,2,Completed
52086,1119,2025-06-17,Mobile App,Digital Wallet,3,Completed
52087,162,2024-10-31,Mobile App,PayPal,4,Completed
52088,309,2024-03-06,Online,Digital Wallet,5,Completed
52089,186,2025-09-20,Online,PayPal,3,Completed
52090,64,2024-08-21,Mobile App,Credit Card,3,Completed
52091,1,2025-04-25,Online,Debit Card,4,Completed
52092,624,2025-11-23,Marketplace,Credit Card,4,Completed
52093,827,2025-07-29,Marketplace,Credit Card,1,Completed
52094,609,2024-10-21,Online,Digital Wallet,5,Completed
52095,1088,2025-09-22,Online,Debit Card,2,Completed
52096,184,2024-11-19,Online,PayPal,3,Returned
52097,1424,2024-05-28,Mobile App,Credit Card,5,Completed
52098,405,2024-09-04,Marketplace,Digital Wallet,4,Returned
52099,1470,2025-01-07,Online,Credit Card,1,Completed
52100,998,2025-10-15,Marketplace,Debit Card,4,Completed
52101,1265,2025-11-26,Online,Debit Card,4,Completed
52102,1047,2025-06-02,Marketplace,PayPal,3,Completed
52103,1267,2024-03-31,Marketplace,Credit Card,2,Completed
52104,1479,2024-12-23,Mobile App,Digital Wallet,4,Completed
52105,634,2025-12-05,Mobile App,Credit Card,1,Completed
52106,98,2024-09-05,Marketplace,Debit Card,4,Completed
52107,1485,2025-06-01,Mobile App,Digital Wallet,1,Completed
52108,1105,2025-05-31,Marketplace,Digital Wallet,2,Completed
52109,697,2025-05-08,Marketplace,Debit Card,5,Completed
52110,1394,2025-06-19,Marketplace,Credit Card,1,Completed
52111,1040,2025-04-02,Mobile App,PayPal,1,Completed
52112,1199,2024-10-21,Online,Digital Wallet,1,Completed
52113,1279,2025-11-19,Online,Credit Card,5,Completed
52114,804,2024-10-08,Store,Digital Wallet,1,Completed
52115,1436,2025-12-25,Online,Debit Card,3,Completed
52116,366,2024-04-02,Store,Credit Card,5,Completed
52117,576,2025-04-30,Online,Digital Wallet,4,Completed
52118,242,2024-02-10,Online,Credit Card,2,Completed
52119,1488,2025-04-12,Online,Digital Wallet,1,Completed
52120,1492,2024-11-23,Marketplace,PayPal,4,Completed
52121,592,2024-11-19,Online,Debit Card,2,Completed
52122,716,2024-12-11,Online,Digital Wallet,5,Completed
52123,1039,2024-06-16,Marketplace,Debit Card,4,Cancelled
52124,43,2024-11-05,Marketplace,Credit Card,4,Completed
52125,2,2024-05-11,Online,Digital Wallet,1,Completed
52126,596,2024-12-24,Marketplace,Digital Wallet,5,Completed
52127,1167,2025-08-09,Online,Digital Wallet,2,Completed
52128,901,2024-12-25,Marketplace,Digital Wallet,2,Completed
52129,1247,2025-12-23,Mobile App,Debit Card,2,Completed
52130,1474,2025-12-13,Online,Debit Card,1,Completed
52131,583,2025-05-13,Store,PayPal,5,Completed
52132,618,2024-07-24,Mobile App,PayPal,3,Completed
52133,214,2024-12-22,Marketplace,Digital Wallet,1,Completed
52134,1148,2025-04-21,Online,PayPal,3,Completed
52135,679,2024-04-27,Online,Digital Wallet,1,Completed
52136,1283,2024-11-30,Online,Digital Wallet,4,Completed
52137,512,2024-05-01,Mobile App,Digital Wallet,2,Completed
52138,262,2024-09-19,Online,Credit Card,5,Completed
52139,998,2024-12-27,Online,PayPal,4,Completed
52140,1182,2024-11-16,Online,Credit Card,2,Completed
52141,1429,2024-12-12,Marketplace,Credit Card,3,Completed
52142,517,2024-06-12,Mobile App,Digital Wallet,4,Completed
52143,68,2024-09-07,Online,Debit Card,1,Completed
52144,748,2025-06-07,Mobile App,Credit Card,4,Completed
52145,1111,2025-08-27,Store,Digital Wallet,4,Completed
52146,1391,2024-05-09,Online,Debit Card,5,Completed
52147,1305,2025-07-07,Mobile App,PayPal,5,Completed
52148,492,2025-01-03,Mobile App,PayPal,4,Completed
52149,1199,2025-09-16,Mobile App,PayPal,1,Completed
52150,1260,2025-11-29,Online,PayPal,3,Completed
52151,1059,2025-02-11,Mobile App,Credit Card,3,Cancelled
52152,1020,2025-11-04,Online,PayPal,2,Completed
52153,1493,2024-01-14,Online,Credit Card,4,Completed
52154,1400,2025-11-25,Online,PayPal,2,Completed
52155,589,2025-06-29,Online,Digital Wallet,5,Completed
52156,1286,2025-11-22,Online,PayPal,1,Completed
52157,1155,2025-04-12,Store,Digital Wallet,2,Cancelled
52158,1108,2025-01-03,Store,Digital Wallet,3,Completed
52159,1284,2025-06-04,Mobile App,PayPal,1,Completed
52160,214,2025-08-27,Online,Digital Wallet,1,Completed
52161,1327,2024-06-04,Mobile App,Digital Wallet,1,Completed
52162,1065,2024-12-05,Mobile App,PayPal,2,Completed
52163,1059,2025-06-01,Online,Credit Card,3,Completed
52164,1267,2025-12-11,Mobile App,Credit Card,2,Completed
52165,41,2025-01-14,Marketplace,PayPal,3,Completed
52166,496,2025-12-12,Online,PayPal,5,Completed
52167,1024,2025-12-17,Marketplace,PayPal,3,Completed
52168,153,2025-05-11,Marketplace,PayPal,2,Completed
52169,769,2024-08-01,Online,PayPal,1,Completed
52170,1477,2024-03-31,Mobile App,Debit Card,2,Returned
52171,504,2024-12-07,Mobile App,Debit Card,2,Completed
52172,549,2025-11-11,Online,PayPal,5,Completed
52173,609,2024-01-04,Store,Debit Card,5,Completed
52174,645,2024-01-16,Mobile App,Digital Wallet,4,Completed
52175,1210,2025-12-29,Online,Debit Card,5,Completed
52176,1176,2024-09-09,Online,Credit Card,2,Completed
52177,248,2024-10-03,Marketplace,PayPal,4,Returned
52178,1439,2024-02-27,Online,Debit Card,3,Completed
52179,1303,2025-12-14,Online,Digital Wallet,3,Completed
52180,770,2025-02-05,Store,Digital Wallet,3,Completed
52181,406,2025-03-15,Online,PayPal,4,Completed
52182,1217,2024-06-12,Store,Debit Card,4,Completed
52183,1445,2025-12-04,Online,Credit Card,1,Completed
52184,1322,2025-08-03,Marketplace,PayPal,1,Completed
52185,403,2024-12-16,Marketplace,Debit Card,5,Completed
52186,698,2024-10-01,Mobile App,PayPal,4,Completed
52187,1235,2024-11-06,Online,Digital Wallet,2,Completed
52188,1171,2024-05-22,Store,Credit Card,5,Completed
52189,227,2025-11-14,Marketplace,PayPal,3,Completed
52190,1326,2025-08-05,Mobile App,Debit Card,4,Completed
52191,138,2025-12-13,Store,Debit Card,2,Completed
52192,507,2025-01-08,Store,Credit Card,4,Completed
52193,1202,2025-03-30,Mobile App,Credit Card,2,Completed
52194,82,2024-04-21,Store,PayPal,5,Completed
52195,231,2025-06-05,Marketplace,Credit Card,3,Completed
52196,127,2025-03-25,Online,Credit Card,2,Completed
52197,1375,2024-07-30,Marketplace,PayPal,5,Completed
52198,80,2025-01-31,Marketplace,Digital Wallet,4,Cancelled
52199,247,2025-04-13,Mobile App,Credit Card,3,Completed
52200,163,2025-12-27,Marketplace,Digital Wallet,1,Completed
52201,805,2025-12-15,Online,PayPal,1,Completed
52202,383,2024-05-29,Online,Credit Card,4,Completed
52203,1256,2025-08-11,Online,Credit Card,3,Returned
52204,1203,2025-10-20,Mobile App,PayPal,4,Completed
52205,305,2025-02-18,Mobile App,Digital Wallet,2,Completed
52206,388,2025-05-19,Mobile App,Debit Card,2,Completed
52207,457,2025-10-10,Marketplace,Debit Card,3,Completed
52208,310,2024-11-29,Mobile App,Digital Wallet,4,Completed
52209,978,2025-03-03,Marketplace,Debit Card,3,Completed
52210,726,2024-12-13,Online,Credit Card,2,Completed
52211,1210,2024-12-25,Store,Digital Wallet,5,Returned
52212,99,2025-01-15,Online,Credit Card,2,Completed
52213,636,2024-08-03,Mobile App,Credit Card,2,Completed
52214,1368,2024-02-11,Marketplace,PayPal,1,Completed
52215,1362,2025-09-27,Marketplace,Debit Card,1,Completed
52216,967,2024-11-19,Mobile App,Digital Wallet,5,Completed
52217,425,2024-01-03,Online,Debit Card,4,Completed
52218,830,2025-09-21,Mobile App,Digital Wallet,2,Completed
52219,1228,2024-02-19,Marketplace,PayPal,2,Completed
52220,551,2024-02-08,Online,Debit Card,2,Completed
52221,1039,2025-11-15,Store,PayPal,4,Completed
52222,523,2025-10-23,Store,Credit Card,4,Completed
52223,1340,2024-09-18,Mobile App,Credit Card,4,Completed
52224,826,2025-09-15,Online,Digital Wallet,2,Returned
52225,864,2025-08-13,Marketplace,PayPal,4,Completed
52226,47,2025-06-19,Online,Digital Wallet,3,Cancelled
52227,1408,2024-12-18,Online,Digital Wallet,3,Completed
52228,653,2024-03-13,Mobile App,PayPal,1,Completed
52229,632,2024-05-16,Online,PayPal,4,Completed
52230,915,2024-12-06,Online,PayPal,1,Completed
52231,519,2025-04-28,Store,Credit Card,2,Completed
52232,854,2024-11-04,Online,Debit Card,1,Completed
52233,628,2024-03-02,Marketplace,Debit Card,5,Completed
52234,673,2024-09-23,Online,Digital Wallet,5,Completed
52235,730,2024-12-16,Online,Digital Wallet,4,Completed
52236,1045,2025-08-09,Mobile App,PayPal,3,Completed
52237,533,2025-12-26,Mobile App,Credit Card,3,Completed
52238,1048,2025-07-07,Marketplace,Digital Wallet,1,Completed
52239,362,2024-10-14,Mobile App,PayPal,5,Completed
52240,1143,2025-02-14,Store,PayPal,3,Returned
52241,719,2024-07-17,Store,Credit Card,3,Completed
52242,1480,2025-05-22,Online,Debit Card,1,Returned
52243,814,2025-02-06,Marketplace,Debit Card,1,Completed
52244,1407,2025-04-11,Marketplace,Credit Card,2,Completed
52245,310,2025-09-03,Store,Credit Card,4,Completed
52246,699,2024-10-02,Online,Credit Card,4,Cancelled
52247,911,2024-01-02,Online,Digital Wallet,5,Completed
52248,641,2024-07-16,Online,PayPal,2,Completed
52249,1484,2024-03-31,Online,PayPal,4,Completed
52250,920,2025-04-27,Online,Digital Wallet,4,Completed
52251,676,2024-11-09,Marketplace,Debit Card,3,Completed
52252,1356,2025-10-10,Marketplace,Credit Card,2,Completed
52253,123,2024-07-31,Online,Credit Card,4,Completed
52254,1274,2024-12-23,Mobile App,Digital Wallet,3,Completed
52255,64,2024-11-30,Mobile App,Digital Wallet,3,Completed
52256,562,2025-03-02,Online,PayPal,1,Completed
52257,681,2025-11-02,Online,Credit Card,1,Completed
52258,600,2024-03-08,Online,Debit Card,4,Completed
52259,1356,2025-03-02,Online,Debit Card,2,Completed
52260,239,2025-01-15,Online,Credit Card,4,Completed
52261,632,2025-12-05,Mobile App,PayPal,4,Cancelled
52262,1168,2024-08-03,Online,PayPal,4,Returned
52263,1187,2025-12-04,Marketplace,PayPal,1,Completed
52264,992,2025-07-11,Mobile App,Debit Card,3,Completed
52265,1137,2025-12-05,Online,Credit Card,3,Completed
52266,118,2025-12-27,Mobile App,Credit Card,5,Completed
52267,662,2025-01-04,Online,Credit Card,2,Returned
52268,1206,2024-09-18,Marketplace,Credit Card,5,Completed
52269,1155,2024-11-01,Store,Credit Card,2,Completed
52270,860,2025-01-25,Online,Digital Wallet,3,Completed
52271,1235,2025-10-20,Store,Credit Card,2,Completed
52272,679,2025-04-01,Online,Digital Wallet,1,Completed
52273,1173,2024-03-27,Online,PayPal,2,Completed
52274,1318,2025-11-17,Mobile App,Debit Card,4,Completed
52275,1339,2025-10-25,Online,Credit Card,5,Completed
52276,281,2025-01-16,Online,Debit Card,3,Completed
52277,869,2024-11-05,Online,PayPal,1,Completed
52278,876,2025-07-30,Mobile App,Digital Wallet,2,Completed
52279,594,2025-04-07,Mobile App,Digital Wallet,5,Completed
52280,1348,2024-12-30,Online,Credit Card,4,Completed
52281,153,2025-04-27,Online,Digital Wallet,2,Completed
52282,1188,2024-12-04,Marketplace,Credit Card,2,Completed
52283,1057,2025-02-14,Online,Debit Card,1,Completed
52284,732,2025-10-04,Store,Digital Wallet,4,Completed
52285,107,2024-10-20,Marketplace,Digital Wallet,1,Completed
52286,950,2024-10-25,Online,Debit Card,5,Completed
52287,1065,2024-04-17,Mobile App,PayPal,2,Completed
52288,704,2025-11-08,Mobile App,Credit Card,5,Completed
52289,55,2024-01-21,Online,PayPal,5,Completed
52290,530,2024-02-23,Online,Debit Card,4,Completed
52291,631,2024-06-07,Online,Debit Card,4,Completed
52292,832,2024-02-12,Online,Debit Card,3,Completed
52293,122,2024-02-12,Mobile App,Credit Card,5,Completed
52294,1388,2024-06-23,Mobile App,Digital Wallet,3,Completed
52295,382,2025-04-22,Mobile App,Digital Wallet,1,Completed
52296,480,2025-11-26,Online,Debit Card,2,Completed
52297,520,2024-10-27,Marketplace,Credit Card,4,Completed
52298,1338,2024-12-24,Store,Debit Card,4,Returned
52299,815,2025-10-30,Online,PayPal,3,Completed
52300,1483,2025-01-10,Online,Digital Wallet,4,Completed
52301,610,2025-11-17,Marketplace,Credit Card,4,Completed
52302,1353,2025-02-28,Marketplace,PayPal,1,Completed
52303,667,2025-02-10,Mobile App,PayPal,3,Completed
52304,1500,2024-08-28,Online,Digital Wallet,2,Completed
52305,369,2024-12-21,Online,Digital Wallet,4,Completed
52306,1372,2024-08-29,Online,Debit Card,5,Completed
52307,850,2025-06-18,Mobile App,Credit Card,2,Completed
52308,102,2025-12-09,Marketplace,PayPal,2,Completed
52309,1398,2024-04-24,Mobile App,Digital Wallet,5,Completed
52310,1169,2024-12-01,Mobile App,Digital Wallet,2,Completed
52311,1498,2025-06-07,Marketplace,Credit Card,1,Completed
52312,1253,2025-05-29,Store,Digital Wallet,5,Returned
52313,551,2024-11-05,Online,Digital Wallet,2,Completed
52314,1456,2025-12-24,Online,Debit Card,5,Completed
52315,381,2025-03-29,Online,Digital Wallet,5,Completed
52316,1478,2024-12-15,Online,Debit Card,2,Completed
52317,276,2025-11-05,Online,Credit Card,1,Completed
52318,112,2024-12-14,Marketplace,Digital Wallet,4,Completed
52319,377,2024-05-21,Online,PayPal,5,Completed
52320,516,2024-06-07,Online,Digital Wallet,1,Completed
52321,560,2024-05-31,Online,Debit Card,4,Completed
52322,983,2025-11-29,Store,PayPal,4,Completed
52323,749,2025-07-07,Mobile App,Credit Card,1,Completed
52324,661,2024-11-21,Marketplace,PayPal,2,Cancelled
52325,133,2025-01-24,Marketplace,PayPal,1,Completed
52326,1171,2024-05-30,Store,Debit Card,5,Completed
52327,205,2024-11-25,Online,Credit Card,1,Completed
52328,486,2025-01-26,Online,PayPal,4,Completed
52329,620,2025-04-06,Mobile App,Digital Wallet,3,Cancelled
52330,529,2024-12-18,Online,PayPal,4,Completed
52331,480,2024-10-05,Mobile App,Digital Wallet,2,Completed
52332,729,2025-11-06,Mobile App,Digital Wallet,2,Completed
52333,443,2024-11-12,Online,PayPal,1,Completed
52334,1050,2025-11-04,Online,PayPal,3,Completed
52335,682,2024-12-21,Mobile App,PayPal,4,Completed
52336,126,2025-06-17,Mobile App,PayPal,3,Completed
52337,146,2024-12-30,Marketplace,Credit Card,1,Completed
52338,758,2025-12-09,Mobile App,Credit Card,5,Completed
52339,475,2025-05-15,Mobile App,Credit Card,2,Completed
52340,468,2025-02-21,Marketplace,PayPal,3,Completed
52341,1410,2024-12-30,Marketplace,Credit Card,3,Completed
52342,113,2025-12-26,Online,Debit Card,3,Completed
52343,772,2025-07-11,Online,Digital Wallet,5,Completed
52344,630,2025-02-28,Mobile App,Credit Card,2,Completed
52345,522,2024-02-12,Mobile App,Debit Card,5,Completed
52346,479,2025-12-26,Store,Digital Wallet,3,Completed
52347,1301,2025-11-12,Mobile App,Credit Card,3,Completed
52348,1351,2024-07-12,Store,Digital Wallet,4,Completed
52349,1439,2024-05-27,Online,PayPal,3,Completed
52350,392,2025-05-05,Store,Debit Card,5,Completed
52351,785,2025-05-07,Online,Debit Card,5,Completed
52352,1300,2025-12-17,Mobile App,PayPal,4,Completed
52353,1491,2025-12-08,Store,Credit Card,3,Cancelled
52354,153,2024-08-01,Mobile App,Credit Card,2,Completed
52355,308,2025-09-03,Mobile App,Digital Wallet,5,Completed
52356,1342,2024-08-04,Online,Debit Card,3,Completed
52357,357,2025-05-15,Online,Debit Card,3,Completed
52358,131,2025-08-03,Online,PayPal,5,Completed
52359,856,2025-08-20,Mobile App,Digital Wallet,1,Completed
52360,108,2025-02-09,Marketplace,Digital Wallet,2,Returned
52361,95,2025-07-12,Marketplace,Digital Wallet,4,Completed
52362,376,2025-05-31,Marketplace,Credit Card,3,Completed
52363,1190,2025-11-19,Online,Digital Wallet,5,Cancelled
52364,1148,2025-09-04,Store,PayPal,3,Completed
52365,714,2025-12-30,Online,Digital Wallet,3,Completed
52366,1244,2025-03-09,Mobile App,Credit Card,1,Completed
52367,209,2024-03-04,Marketplace,Digital Wallet,5,Completed
52368,35,2025-11-23,Online,Credit Card,5,Completed
52369,74,2024-06-27,Online,PayPal,1,Completed
52370,907,2025-11-29,Store,Digital Wallet,4,Completed
52371,538,2025-07-23,Marketplace,PayPal,5,Cancelled
52372,227,2025-01-18,Mobile App,PayPal,3,Completed
52373,158,2025-11-04,Store,PayPal,3,Completed
52374,399,2025-07-29,Mobile App,Digital Wallet,4,Completed
52375,1448,2025-06-25,Online,Credit Card,4,Completed
52376,565,2025-03-28,Mobile App,Credit Card,1,Completed
52377,1050,2024-03-11,Store,Debit Card,3,Completed
52378,201,2025-08-23,Online,Credit Card,2,Completed
52379,1013,2024-08-02,Online,Credit Card,1,Completed
52380,333,2024-02-18,Marketplace,Debit Card,5,Completed
52381,937,2025-11-03,Online,PayPal,1,Completed
52382,682,2024-04-12,Online,Digital Wallet,4,Completed
52383,1478,2025-08-20,Mobile App,Debit Card,2,Completed
52384,221,2025-02-25,Online,Credit Card,3,Returned
52385,1441,2025-02-07,Online,Credit Card,2,Completed
52386,201,2025-12-20,Store,PayPal,2,Completed
52387,904,2024-06-16,Online,PayPal,2,Cancelled
52388,107,2025-03-15,Online,Digital Wallet,1,Returned
52389,1085,2025-04-16,Mobile App,Debit Card,1,Cancelled
52390,1081,2025-12-28,Online,Credit Card,3,Completed
52391,654,2024-12-13,Online,Debit Card,5,Completed
52392,402,2025-11-28,Marketplace,Debit Card,1,Completed
52393,1362,2024-06-23,Mobile App,Debit Card,1,Completed
52394,622,2025-11-05,Marketplace,PayPal,4,Completed
52395,1038,2025-08-13,Mobile App,PayPal,3,Completed
52396,608,2025-04-22,Online,Debit Card,3,Completed
52397,715,2025-07-13,Store,Credit Card,3,Completed
52398,160,2025-07-02,Online,Digital Wallet,5,Cancelled
52399,178,2024-02-23,Online,Digital Wallet,1,Completed
52400,1386,2024-12-24,Store,Debit Card,2,Completed
52401,578,2024-07-27,Store,PayPal,3,Completed
52402,902,2025-08-25,Marketplace,PayPal,2,Returned
52403,557,2024-08-22,Mobile App,Digital Wallet,5,Completed
52404,1235,2025-01-14,Online,PayPal,2,Completed
52405,438,2025-10-16,Store,Credit Card,1,Completed
52406,460,2025-03-13,Online,Digital Wallet,1,Completed
52407,1190,2024-11-06,Mobile App,Digital Wallet,5,Completed
52408,1313,2024-11-21,Marketplace,Credit Card,5,Completed
52409,1220,2024-09-24,Online,Debit Card,1,Completed
52410,754,2024-07-14,Marketplace,Digital Wallet,1,Completed
52411,771,2024-03-19,Mobile App,Credit Card,5,Completed
52412,30,2024-08-15,Marketplace,PayPal,3,Completed
52413,294,2025-04-03,Online,PayPal,3,Completed
52414,1335,2025-03-29,Online,Digital Wallet,2,Completed
52415,193,2024-12-12,Marketplace,Credit Card,4,Completed
52416,272,2024-04-29,Online,Debit Card,5,Completed
52417,949,2024-04-22,Online,Credit Card,1,Completed
52418,129,2025-05-11,Marketplace,PayPal,2,Completed
52419,172,2024-02-21,Mobile App,PayPal,3,Completed
52420,185,2025-12-07,Marketplace,Debit Card,5,Completed
52421,947,2024-10-13,Store,Debit Card,4,Completed
52422,65,2025-12-15,Online,Digital Wallet,5,Completed
52423,1306,2024-02-12,Marketplace,Credit Card,4,Cancelled
52424,834,2024-12-18,Marketplace,Credit Card,3,Completed
52425,300,2025-01-21,Online,PayPal,3,Completed
52426,1154,2024-10-27,Store,Debit Card,2,Cancelled
52427,448,2024-12-23,Mobile App,Debit Card,1,Cancelled
52428,453,2025-12-17,Online,Debit Card,5,Completed
52429,1083,2024-06-06,Online,PayPal,4,Completed
52430,692,2024-03-06,Store,Digital Wallet,2,Completed
52431,79,2024-03-04,Mobile App,PayPal,1,Completed
52432,1388,2025-01-19,Mobile App,Debit Card,3,Completed
52433,912,2025-12-12,Online,Debit Card,3,Completed
52434,975,2024-03-21,Online,Debit Card,3,Completed
52435,1019,2024-11-03,Online,PayPal,4,Returned
52436,939,2024-10-21,Mobile App,Credit Card,2,Completed
52437,1478,2024-12-20,Mobile App,Digital Wallet,2,Completed
52438,486,2025-08-03,Online,Credit Card,4,Completed
52439,999,2025-11-15,Online,PayPal,4,Completed
52440,250,2025-05-17,Online,Debit Card,2,Completed
52441,714,2025-12-14,Mobile App,Credit Card,3,Returned
52442,1320,2025-07-16,Mobile App,Digital Wallet,2,Completed
52443,814,2025-11-04,Online,Digital Wallet,1,Completed
52444,861,2024-08-30,Marketplace,Credit Card,1,Completed
52445,85,2025-11-03,Marketplace,Digital Wallet,3,Completed
52446,297,2025-02-12,Mobile App,Credit Card,3,Completed
52447,951,2025-10-23,Online,Digital Wallet,3,Completed
52448,199,2025-02-15,Marketplace,PayPal,4,Completed
52449,690,2024-01-24,Store,Digital Wallet,3,Completed
52450,522,2025-05-23,Online,PayPal,5,Completed
52451,138,2024-06-08,Mobile App,Credit Card,2,Completed
52452,1294,2025-10-18,Online,Credit Card,5,Completed
52453,681,2024-01-03,Mobile App,Credit Card,1,Completed
52454,257,2024-05-09,Online,Credit Card,4,Completed
52455,423,2025-08-06,Online,Debit Card,4,Completed
52456,262,2024-11-24,Marketplace,PayPal,5,Completed
52457,516,2025-02-27,Online,Debit Card,1,Completed
52458,1462,2025-04-29,Mobile App,Digital Wallet,4,Completed
52459,1001,2024-12-03,Mobile App,Digital Wallet,5,Cancelled
52460,134,2024-12-14,Online,Digital Wallet,4,Completed
52461,546,2024-10-27,Mobile App,Debit Card,4,Completed
52462,1311,2024-09-11,Marketplace,Credit Card,1,Completed
52463,863,2024-08-26,Online,Digital Wallet,4,Completed
52464,230,2025-06-16,Marketplace,Credit Card,1,Completed
52465,1361,2024-01-12,Online,Digital Wallet,3,Completed
52466,1021,2024-11-07,Mobile App,Digital Wallet,4,Completed
52467,363,2024-04-08,Marketplace,Debit Card,1,Returned
52468,790,2024-12-04,Online,Credit Card,1,Completed
52469,1459,2025-07-06,Store,Debit Card,5,Completed
52470,1163,2025-04-04,Online,Credit Card,5,Returned
52471,1313,2025-12-31,Online,Credit Card,5,Completed
52472,129,2025-03-26,Mobile App,Digital Wallet,2,Completed
52473,603,2024-04-10,Online,Debit Card,5,Completed
52474,984,2024-12-11,Marketplace,Digital Wallet,3,Completed
52475,165,2025-12-16,Mobile App,Credit Card,4,Completed
52476,1040,2025-03-22,Marketplace,Debit Card,1,Completed
52477,400,2025-12-11,Mobile App,Credit Card,4,Completed
52478,375,2025-03-29,Marketplace,Debit Card,1,Completed
52479,1334,2025-06-07,Online,Debit Card,2,Completed
52480,825,2025-05-28,Mobile App,Debit Card,5,Completed
52481,665,2024-08-07,Online,Digital Wallet,1,Completed
52482,944,2025-01-14,Online,Debit Card,3,Completed
52483,1325,2025-10-21,Online,Debit Card,2,Completed
52484,1029,2024-03-01,Online,Credit Card,5,Completed
52485,1235,2025-09-09,Marketplace,Debit Card,2,Completed
52486,1474,2025-06-26,Mobile App,Digital Wallet,1,Completed
52487,738,2024-05-16,Mobile App,Credit Card,4,Completed
52488,1264,2024-12-25,Online,Debit Card,4,Cancelled
52489,116,2025-04-05,Mobile App,Digital Wallet,1,Completed
52490,93,2025-03-24,Mobile App,Debit Card,5,Completed
52491,483,2024-09-04,Store,Digital Wallet,3,Completed
52492,434,2024-01-22,Store,Digital Wallet,4,Completed
52493,24,2025-04-21,Store,PayPal,4,Completed
52494,1047,2025-03-15,Mobile App,Debit Card,3,Completed
52495,803,2025-05-14,Store,Digital Wallet,3,Completed
52496,1496,2025-11-22,Store,Debit Card,2,Completed
52497,123,2025-09-18,Store,Digital Wallet,4,Completed
52498,734,2025-11-24,Store,Credit Card,2,Completed
52499,435,2024-07-04,Online,PayPal,4,Completed
52500,175,2025-04-02,Mobile App,Debit Card,5,Returned
52501,86,2025-05-08,Marketplace,Digital Wallet,2,Completed
52502,131,2024-05-28,Online,Digital Wallet,5,Completed
52503,296,2024-03-17,Online,Digital Wallet,2,Completed
52504,1082,2025-08-03,Online,Credit Card,1,Completed
52505,877,2024-12-27,Mobile App,Debit Card,2,Returned
52506,761,2024-11-12,Online,Credit Card,4,Completed
52507,739,2025-10-21,Mobile App,PayPal,4,Completed
52508,1161,2024-01-28,Mobile App,PayPal,2,Completed
52509,1131,2024-09-12,Store,Debit Card,4,Completed
52510,27,2024-07-31,Online,Debit Card,3,Completed
52511,656,2025-07-19,Marketplace,Credit Card,2,Completed
52512,683,2025-05-07,Store,PayPal,5,Completed
52513,833,2025-11-04,Online,Digital Wallet,5,Completed
52514,811,2025-02-04,Mobile App,PayPal,1,Completed
52515,739,2024-12-26,Online,Debit Card,4,Completed
52516,479,2025-02-17,Online,Credit Card,3,Completed
52517,994,2025-06-02,Online,PayPal,2,Completed
52518,1142,2024-12-20,Online,PayPal,4,Completed
52519,1015,2024-11-07,Mobile App,Digital Wallet,4,Completed
52520,306,2024-12-02,Mobile App,PayPal,4,Completed
52521,515,2024-01-07,Mobile App,Credit Card,2,Completed
52522,624,2024-11-09,Store,Digital Wallet,4,Completed
52523,1403,2024-12-25,Online,Digital Wallet,3,Completed
52524,1415,2025-10-29,Mobile App,Debit Card,4,Completed
52525,960,2025-12-31,Online,Credit Card,1,Completed
52526,774,2025-11-18,Online,Credit Card,1,Completed
52527,1464,2025-04-12,Online,Digital Wallet,4,Completed
52528,534,2025-04-20,Online,Debit Card,1,Completed
52529,757,2024-04-08,Mobile App,Digital Wallet,1,Completed
52530,23,2025-12-18,Online,Debit Card,5,Completed
52531,1106,2024-07-06,Mobile App,Debit Card,3,Completed
52532,343,2024-06-08,Mobile App,PayPal,2,Completed
52533,1051,2025-11-18,Mobile App,Debit Card,1,Completed
52534,460,2025-12-17,Mobile App,Debit Card,1,Completed
52535,1079,2025-12-30,Mobile App,Debit Card,1,Completed
52536,700,2025-12-06,Marketplace,Debit Card,4,Cancelled
52537,1091,2025-12-30,Online,PayPal,4,Completed
52538,280,2024-07-14,Online,PayPal,2,Completed
52539,67,2025-10-16,Mobile App,Debit Card,5,Completed
52540,1394,2024-02-11,Marketplace,Debit Card,1,Completed
52541,781,2024-08-08,Online,Debit Card,4,Completed
52542,895,2025-11-14,Online,Credit Card,2,Completed
52543,690,2024-04-25,Store,Digital Wallet,3,Returned
52544,551,2024-08-05,Online,Credit Card,2,Completed
52545,412,2024-03-21,Online,Digital Wallet,2,Completed
52546,945,2024-12-04,Online,PayPal,1,Completed
52547,1162,2024-06-21,Marketplace,Digital Wallet,1,Completed
52548,1130,2024-11-20,Store,Credit Card,3,Completed
52549,331,2024-09-17,Online,Digital Wallet,2,Completed
52550,366,2024-10-19,Mobile App,Digital Wallet,5,Completed
52551,1170,2025-12-17,Marketplace,Digital Wallet,1,Completed
52552,1123,2024-06-18,Marketplace,Digital Wallet,1,Completed
52553,1406,2024-11-21,Online,PayPal,4,Completed
52554,418,2024-09-01,Mobile App,Digital Wallet,4,Completed
52555,382,2024-12-10,Mobile App,Digital Wallet,1,Completed
52556,289,2024-07-21,Online,Debit Card,4,Completed
52557,627,2025-12-23,Online,PayPal,4,Completed
52558,1407,2025-09-01,Mobile App,Debit Card,2,Completed
52559,1371,2025-09-14,Store,Digital Wallet,1,Completed
52560,389,2025-10-28,Online,Credit Card,4,Completed
52561,642,2024-10-18,Mobile App,Digital Wallet,3,Completed
52562,10,2024-07-30,Mobile App,Debit Card,5,Completed
52563,721,2024-05-02,Mobile App,Digital Wallet,4,Returned
52564,779,2025-01-26,Store,Debit Card,1,Completed
52565,95,2025-07-14,Marketplace,Credit Card,4,Completed
52566,989,2024-03-13,Online,Digital Wallet,5,Completed
52567,1283,2024-02-06,Online,Credit Card,4,Completed
52568,1265,2025-11-22,Online,Credit Card,4,Cancelled
52569,897,2024-09-08,Mobile App,PayPal,2,Completed
52570,694,2025-04-15,Online,Digital Wallet,3,Completed
52571,1141,2025-10-13,Mobile App,Credit Card,5,Completed
52572,1445,2025-07-16,Store,Digital Wallet,1,Completed
52573,931,2024-12-13,Online,Debit Card,5,Completed
52574,1332,2024-01-07,Mobile App,PayPal,5,Completed
52575,1401,2024-12-04,Online,Digital Wallet,2,Completed
52576,656,2024-10-28,Online,Digital Wallet,2,Returned
52577,264,2025-06-30,Online,Digital Wallet,4,Completed
52578,981,2025-09-26,Store,Credit Card,4,Completed
52579,109,2024-04-06,Online,Debit Card,2,Completed
52580,99,2025-07-04,Online,Debit Card,2,Completed
52581,293,2025-04-08,Mobile App,Debit Card,1,Completed
52582,182,2024-09-18,Store,Credit Card,2,Completed
52583,190,2024-11-04,Online,PayPal,2,Completed
52584,33,2025-08-27,Mobile App,Debit Card,1,Completed
52585,797,2025-02-03,Online,Credit Card,3,Completed
52586,1088,2024-11-12,Store,Credit Card,2,Completed
52587,292,2024-11-12,Mobile App,Credit Card,1,Completed
52588,225,2024-01-30,Online,Digital Wallet,1,Completed
52589,1342,2024-11-08,Marketplace,PayPal,3,Completed
52590,787,2025-12-10,Mobile App,PayPal,2,Completed
52591,37,2024-04-17,Mobile App,PayPal,5,Completed
52592,943,2025-03-07,Online,Debit Card,5,Completed
52593,298,2025-11-12,Mobile App,Debit Card,4,Completed
52594,1162,2025-11-08,Online,PayPal,1,Completed
52595,1225,2025-09-17,Mobile App,Digital Wallet,2,Completed
52596,396,2025-06-18,Online,Debit Card,5,Completed
52597,1453,2025-04-13,Mobile App,PayPal,4,Returned
52598,1414,2024-05-21,Marketplace,Digital Wallet,1,Completed
52599,544,2025-07-01,Marketplace,Digital Wallet,4,Completed
52600,434,2024-11-14,Online,PayPal,4,Completed
52601,466,2024-08-26,Mobile App,Credit Card,1,Completed
52602,87,2025-08-31,Store,Digital Wallet,1,Completed
52603,968,2025-12-12,Mobile App,PayPal,5,Completed
52604,334,2024-11-22,Online,Credit Card,3,Completed
52605,767,2025-05-23,Online,Debit Card,2,Completed
52606,435,2024-11-24,Online,Debit Card,4,Completed
52607,289,2025-03-06,Mobile App,PayPal,4,Returned
52608,1331,2025-05-13,Mobile App,PayPal,3,Completed
52609,368,2024-10-10,Mobile App,PayPal,1,Completed
52610,957,2024-09-03,Mobile App,PayPal,4,Completed
52611,367,2025-05-24,Mobile App,Digital Wallet,3,Cancelled
52612,827,2024-06-28,Online,Debit Card,1,Completed
52613,147,2025-12-30,Mobile App,Digital Wallet,5,Completed
52614,109,2024-04-14,Marketplace,PayPal,2,Completed
52615,632,2025-01-18,Mobile App,PayPal,4,Completed
52616,949,2024-05-07,Mobile App,Credit Card,1,Completed
52617,1093,2024-09-17,Mobile App,PayPal,5,Completed
52618,1300,2024-09-03,Mobile App,PayPal,4,Completed
52619,1230,2025-05-24,Mobile App,Digital Wallet,3,Returned
52620,613,2025-06-21,Mobile App,Credit Card,1,Completed
52621,596,2024-12-05,Mobile App,Digital Wallet,5,Completed
52622,169,2025-12-01,Online,Credit Card,2,Completed
52623,1207,2025-06-12,Online,Debit Card,3,Completed
52624,976,2025-01-15,Online,Credit Card,3,Completed
52625,951,2024-09-02,Mobile App,PayPal,3,Completed
52626,1116,2025-11-10,Marketplace,Debit Card,3,Completed
52627,569,2024-12-15,Mobile App,Debit Card,1,Completed
52628,749,2025-05-28,Mobile App,Debit Card,1,Completed
52629,676,2025-04-23,Online,Credit Card,3,Completed
52630,961,2024-11-29,Store,Credit Card,1,Completed
52631,1486,2025-12-26,Online,Credit Card,3,Completed
52632,71,2024-07-10,Online,Debit Card,1,Completed
52633,333,2025-07-14,Online,Digital Wallet,5,Returned
52634,452,2024-09-02,Online,PayPal,2,Completed
52635,966,2024-01-05,Marketplace,Debit Card,5,Completed
52636,482,2025-06-25,Mobile App,Credit Card,2,Completed
52637,372,2024-12-26,Mobile App,Credit Card,4,Completed
52638,489,2024-12-22,Mobile App,PayPal,3,Completed
52639,876,2025-01-22,Marketplace,PayPal,2,Completed
52640,200,2024-09-03,Online,Debit Card,3,Completed
52641,1012,2025-02-18,Mobile App,Digital Wallet,3,Cancelled
52642,781,2024-10-01,Marketplace,Debit Card,4,Completed
52643,263,2024-08-18,Online,PayPal,3,Completed
52644,1484,2025-07-18,Online,Credit Card,4,Completed
52645,501,2025-06-02,Store,PayPal,2,Completed
52646,963,2025-04-04,Marketplace,Digital Wallet,2,Completed
52647,1484,2025-08-01,Online,Debit Card,4,Completed
52648,959,2024-11-17,Marketplace,Credit Card,5,Completed
52649,1251,2025-01-03,Marketplace,Credit Card,1,Completed
52650,1199,2025-05-19,Store,Digital Wallet,1,Completed
52651,354,2024-01-30,Marketplace,Debit Card,1,Completed
52652,943,2025-01-12,Store,Debit Card,5,Completed
52653,1119,2024-07-09,Store,Digital Wallet,3,Completed
52654,1357,2025-04-30,Store,Digital Wallet,1,Completed
52655,1007,2024-08-12,Mobile App,PayPal,4,Completed
52656,17,2024-03-22,Marketplace,Debit Card,1,Completed
52657,1322,2024-10-22,Online,PayPal,1,Completed
52658,1272,2025-03-29,Store,Credit Card,4,Completed
52659,1070,2025-01-19,Online,Digital Wallet,5,Completed
52660,1493,2025-11-21,Marketplace,Digital Wallet,4,Completed
52661,1230,2025-04-20,Mobile App,Credit Card,3,Completed
52662,459,2025-08-02,Mobile App,PayPal,1,Completed
52663,167,2024-08-03,Online,Credit Card,5,Completed
52664,1463,2024-12-20,Marketplace,Digital Wallet,4,Completed
52665,21,2025-03-03,Mobile App,Credit Card,1,Completed
52666,1119,2024-06-11,Mobile App,PayPal,3,Completed
52667,856,2025-12-11,Store,Debit Card,1,Completed
52668,816,2025-03-10,Online,Credit Card,1,Completed
52669,1173,2025-09-04,Store,Digital Wallet,2,Completed
52670,605,2024-10-12,Store,PayPal,1,Completed
52671,697,2024-11-04,Online,Digital Wallet,5,Completed
52672,631,2025-06-05,Online,Digital Wallet,4,Returned
52673,3,2024-03-30,Online,PayPal,1,Completed
52674,701,2024-06-02,Marketplace,Digital Wallet,5,Completed
52675,156,2025-06-17,Store,Digital Wallet,4,Returned
52676,176,2024-02-20,Mobile App,Credit Card,2,Completed
52677,1149,2025-01-06,Mobile App,Digital Wallet,1,Completed
52678,801,2024-05-10,Store,Debit Card,5,Completed
52679,1176,2024-04-20,Marketplace,Debit Card,2,Completed
52680,434,2025-11-02,Online,Credit Card,4,Completed
52681,968,2024-06-01,Store,PayPal,5,Completed
52682,722,2025-03-18,Marketplace,Digital Wallet,2,Completed
52683,879,2025-07-17,Mobile App,Debit Card,2,Completed
52684,1319,2025-12-14,Store,Digital Wallet,1,Completed
52685,517,2024-07-23,Marketplace,Debit Card,4,Completed
52686,529,2025-04-21,Online,Digital Wallet,4,Completed
52687,1500,2024-02-04,Online,PayPal,2,Completed
52688,1182,2025-08-24,Store,Digital Wallet,2,Completed
52689,400,2025-11-06,Mobile App,Credit Card,4,Completed
52690,106,2025-06-04,Marketplace,Credit Card,2,Completed
52691,1216,2025-11-26,Mobile App,Debit Card,1,Completed
52692,24,2024-06-20,Online,Debit Card,4,Completed
52693,1255,2025-12-08,Mobile App,Debit Card,1,Completed
52694,711,2025-07-09,Online,Credit Card,2,Completed
52695,1195,2025-12-07,Online,Credit Card,4,Completed
52696,258,2025-12-14,Mobile App,Credit Card,2,Completed
52697,418,2025-12-16,Mobile App,Digital Wallet,4,Completed
52698,1219,2024-11-27,Online,PayPal,4,Completed
52699,963,2024-07-02,Online,PayPal,2,Completed
52700,889,2025-03-06,Store,PayPal,3,Completed
52701,1428,2025-09-18,Marketplace,Credit Card,5,Completed
52702,923,2024-09-27,Marketplace,Credit Card,1,Completed
52703,482,2024-06-11,Marketplace,PayPal,2,Completed
52704,922,2025-09-04,Online,Debit Card,4,Completed
52705,581,2025-09-23,Mobile App,Credit Card,4,Completed
52706,1098,2025-12-19,Store,Debit Card,1,Completed
52707,916,2024-12-21,Mobile App,Credit Card,4,Completed
52708,201,2024-11-29,Marketplace,Credit Card,2,Completed
52709,1076,2025-03-21,Marketplace,PayPal,4,Completed
52710,1287,2024-08-11,Mobile App,Credit Card,1,Completed
52711,1274,2025-10-27,Marketplace,Digital Wallet,3,Completed
52712,190,2024-07-07,Online,PayPal,2,Completed
52713,1351,2025-12-21,Mobile App,Credit Card,4,Completed
52714,1379,2024-02-19,Online,Digital Wallet,2,Completed
52715,711,2025-07-24,Store,PayPal,2,Completed
52716,88,2025-11-22,Mobile App,Credit Card,4,Completed
52717,370,2025-03-05,Mobile App,Digital Wallet,1,Completed
52718,533,2024-01-06,Store,Debit Card,3,Completed
52719,633,2025-01-16,Online,Credit Card,1,Completed
52720,396,2025-12-03,Mobile App,Debit Card,5,Completed
52721,775,2025-01-28,Mobile App,Credit Card,5,Completed
52722,1052,2024-02-17,Online,Debit Card,4,Completed
52723,1003,2025-11-20,Online,PayPal,4,Completed
52724,32,2025-10-29,Mobile App,Credit Card,5,Completed
52725,1457,2025-01-20,Online,Digital Wallet,3,Completed
52726,752,2025-12-07,Mobile App,Credit Card,2,Completed
52727,1421,2024-12-30,Marketplace,Digital Wallet,5,Completed
52728,1257,2024-06-14,Marketplace,Debit Card,2,Completed
52729,192,2025-12-11,Online,Credit Card,3,Completed
52730,793,2024-04-01,Mobile App,PayPal,1,Completed
52731,549,2025-12-28,Mobile App,Digital Wallet,5,Completed
52732,205,2024-09-19,Marketplace,Debit Card,1,Completed
52733,954,2024-05-28,Mobile App,PayPal,3,Completed
52734,617,2024-12-02,Online,Credit Card,1,Completed
52735,1187,2024-03-28,Store,Debit Card,1,Completed
52736,1484,2024-07-31,Marketplace,Credit Card,4,Completed
52737,810,2024-06-13,Mobile App,Debit Card,3,Completed
52738,1482,2024-11-24,Online,PayPal,3,Completed
52739,1447,2025-11-22,Marketplace,PayPal,3,Completed
52740,1234,2025-04-08,Mobile App,Credit Card,4,Completed
52741,287,2025-12-04,Mobile App,PayPal,2,Completed
52742,1176,2024-08-27,Mobile App,Debit Card,2,Completed
52743,142,2025-05-26,Store,Digital Wallet,1,Completed
52744,1359,2025-05-07,Online,PayPal,5,Completed
52745,387,2024-02-23,Online,PayPal,3,Completed
52746,127,2025-03-12,Online,Digital Wallet,2,Completed
52747,152,2024-12-04,Marketplace,Digital Wallet,3,Completed
52748,1221,2024-01-15,Mobile App,Debit Card,4,Completed
52749,1185,2025-08-13,Store,Debit Card,5,Completed
52750,1483,2024-07-19,Online,Debit Card,4,Completed
52751,332,2025-12-23,Online,PayPal,2,Completed
52752,206,2024-12-22,Online,PayPal,5,Completed
52753,91,2024-11-11,Online,Credit Card,4,Completed
52754,235,2025-10-23,Mobile App,Credit Card,2,Completed
52755,1277,2025-12-09,Mobile App,Digital Wallet,3,Completed
52756,957,2025-04-12,Mobile App,Debit Card,4,Completed
52757,704,2025-03-05,Mobile App,Digital Wallet,5,Completed
52758,284,2024-11-14,Mobile App,Digital Wallet,3,Completed
52759,252,2024-03-24,Mobile App,Debit Card,4,Completed
52760,1148,2025-12-04,Mobile App,PayPal,3,Completed
52761,660,2025-12-11,Online,Digital Wallet,5,Completed
52762,840,2025-12-11,Online,Debit Card,2,Completed
52763,1171,2025-04-15,Marketplace,Debit Card,5,Completed
52764,901,2024-11-25,Marketplace,Credit Card,2,Cancelled
52765,1470,2024-10-30,Marketplace,PayPal,1,Completed
52766,1307,2025-03-17,Mobile App,Debit Card,4,Completed
52767,1497,2025-07-19,Online,PayPal,5,Completed
52768,262,2024-11-23,Marketplace,Debit Card,5,Completed
52769,549,2025-06-12,Mobile App,Credit Card,5,Completed
52770,260,2024-06-29,Marketplace,Digital Wallet,4,Completed
52771,707,2025-11-08,Online,Digital Wallet,2,Completed
52772,339,2025-04-08,Online,PayPal,4,Completed
52773,1350,2025-07-17,Mobile App,Digital Wallet,2,Completed
52774,77,2024-07-07,Marketplace,PayPal,3,Completed
52775,778,2024-06-21,Marketplace,Credit Card,4,Completed
52776,672,2025-03-12,Mobile App,Debit Card,1,Returned
52777,677,2024-12-06,Mobile App,PayPal,2,Completed
52778,1155,2025-12-18,Mobile App,Credit Card,2,Completed
52779,247,2024-11-23,Marketplace,Credit Card,3,Cancelled
52780,21,2024-10-02,Marketplace,Debit Card,1,Completed
52781,60,2025-07-12,Mobile App,Digital Wallet,2,Completed
52782,1274,2025-08-27,Mobile App,Digital Wallet,3,Completed
52783,83,2025-07-12,Online,Digital Wallet,3,Completed
52784,210,2025-06-22,Online,PayPal,3,Completed
52785,369,2025-01-16,Mobile App,Debit Card,4,Completed
52786,564,2025-02-21,Online,PayPal,4,Returned
52787,821,2025-08-01,Mobile App,Debit Card,3,Completed
52788,1114,2024-03-06,Online,Credit Card,4,Completed
52789,98,2024-07-09,Marketplace,Credit Card,4,Completed
52790,1329,2024-12-24,Online,PayPal,4,Returned
52791,1165,2025-11-28,Online,Digital Wallet,2,Completed
52792,331,2025-02-19,Marketplace,Credit Card,2,Completed
52793,410,2024-07-15,Online,PayPal,3,Completed
52794,1428,2024-05-15,Online,Debit Card,5,Completed
52795,974,2024-12-24,Mobile App,PayPal,3,Completed
52796,596,2024-11-30,Online,PayPal,5,Cancelled
52797,439,2025-12-11,Store,Credit Card,1,Completed
52798,696,2025-11-05,Online,Debit Card,2,Completed
52799,379,2025-05-01,Online,PayPal,1,Completed
52800,877,2024-06-01,Online,Digital Wallet,2,Completed
52801,1273,2024-11-02,Mobile App,Credit Card,5,Completed
52802,586,2024-12-30,Online,Debit Card,5,Completed
52803,1453,2024-05-16,Mobile App,PayPal,4,Returned
52804,1300,2025-02-19,Mobile App,Credit Card,4,Completed
52805,539,2024-08-22,Mobile App,Digital Wallet,4,Completed
52806,69,2024-09-26,Online,Credit Card,5,Completed
52807,864,2024-12-09,Mobile App,Digital Wallet,4,Completed
52808,873,2025-12-29,Mobile App,Digital Wallet,1,Completed
52809,586,2025-10-21,Mobile App,Debit Card,5,Completed
52810,695,2025-11-16,Mobile App,PayPal,3,Completed
52811,659,2025-03-12,Mobile App,Credit Card,5,Returned
52812,209,2025-02-22,Store,Digital Wallet,5,Completed
52813,461,2025-10-28,Marketplace,PayPal,4,Returned
52814,72,2025-08-04,Online,Credit Card,2,Completed
52815,956,2025-07-28,Marketplace,Digital Wallet,3,Completed
52816,848,2024-12-19,Marketplace,PayPal,1,Returned
52817,1176,2024-04-29,Online,Debit Card,2,Completed
52818,602,2024-11-11,Mobile App,PayPal,1,Cancelled
52819,773,2024-06-26,Mobile App,Credit Card,4,Completed
52820,389,2024-05-13,Online,Debit Card,4,Completed
52821,140,2024-05-24,Mobile App,Credit Card,3,Completed
52822,1496,2025-05-14,Marketplace,PayPal,2,Cancelled
52823,420,2025-05-02,Mobile App,Debit Card,3,Completed
52824,83,2024-03-02,Mobile App,PayPal,3,Completed
52825,1318,2024-11-25,Online,Credit Card,4,Completed
52826,444,2025-12-15,Mobile App,Credit Card,5,Completed
52827,1465,2024-09-03,Mobile App,Debit Card,3,Returned
52828,15,2025-12-04,Online,Digital Wallet,2,Completed
52829,1085,2024-08-03,Store,Debit Card,1,Returned
52830,869,2025-05-09,Marketplace,Credit Card,1,Completed
52831,175,2025-07-08,Online,Debit Card,5,Completed
52832,566,2024-10-03,Online,Credit Card,4,Completed
52833,85,2025-11-10,Online,Credit Card,3,Completed
52834,720,2025-03-26,Online,PayPal,1,Completed
52835,300,2025-01-03,Online,Digital Wallet,3,Completed
52836,119,2024-12-29,Mobile App,Credit Card,4,Cancelled
52837,1022,2024-05-03,Online,Debit Card,5,Completed
52838,959,2025-10-27,Online,Digital Wallet,5,Completed
52839,1202,2024-03-10,Mobile App,Digital Wallet,2,Completed
52840,1081,2025-11-16,Mobile App,PayPal,3,Completed
52841,958,2025-02-23,Online,PayPal,5,Completed
52842,1219,2025-07-29,Marketplace,Digital Wallet,4,Completed
52843,1030,2025-08-29,Online,Credit Card,5,Completed
52844,1250,2024-01-11,Online,Debit Card,2,Completed
52845,505,2024-05-09,Mobile App,Debit Card,1,Completed
52846,1256,2025-10-13,Online,PayPal,3,Cancelled
52847,1324,2025-10-31,Store,Debit Card,3,Completed
52848,34,2025-10-29,Mobile App,Debit Card,1,Completed
52849,1024,2024-07-16,Online,PayPal,3,Completed
52850,1203,2024-10-03,Mobile App,Credit Card,4,Completed
52851,903,2024-12-21,Mobile App,PayPal,2,Completed
52852,1405,2024-01-06,Mobile App,Credit Card,1,Completed
52853,556,2024-12-25,Online,Credit Card,5,Completed
52854,1483,2024-10-10,Marketplace,Digital Wallet,4,Completed
52855,1159,2025-04-12,Online,Digital Wallet,5,Completed
52856,977,2024-01-10,Store,Digital Wallet,5,Completed
52857,1368,2024-02-16,Online,Debit Card,1,Completed
52858,574,2025-06-03,Mobile App,PayPal,5,Completed
52859,602,2024-11-18,Online,Debit Card,1,Completed
52860,1114,2024-04-21,Online,Debit Card,4,Completed
52861,952,2025-04-12,Online,PayPal,4,Completed
52862,878,2025-05-20,Online,Debit Card,3,Returned
52863,714,2024-04-13,Online,PayPal,3,Completed
52864,1217,2024-11-02,Online,Digital Wallet,4,Completed
52865,338,2025-09-21,Online,Debit Card,1,Returned
52866,923,2024-07-23,Mobile App,Credit Card,1,Cancelled
52867,1033,2025-12-31,Online,Digital Wallet,4,Completed
52868,249,2024-10-22,Online,Debit Card,2,Completed
52869,1027,2024-12-19,Online,Credit Card,1,Completed
52870,467,2025-03-23,Online,Debit Card,3,Completed
52871,307,2025-11-09,Marketplace,Digital Wallet,1,Completed
52872,1446,2025-02-05,Online,PayPal,5,Completed
52873,1062,2025-06-30,Marketplace,Digital Wallet,4,Completed
52874,1050,2025-10-07,Marketplace,Credit Card,3,Completed
52875,281,2024-11-10,Marketplace,Debit Card,3,Completed
52876,1154,2024-08-01,Marketplace,Debit Card,2,Completed
52877,18,2025-11-21,Online,Credit Card,1,Completed
52878,774,2024-11-21,Online,Digital Wallet,1,Completed
52879,428,2025-09-25,Mobile App,Debit Card,5,Completed
52880,117,2024-08-24,Marketplace,Debit Card,1,Returned
52881,475,2024-07-24,Mobile App,Debit Card,2,Completed
52882,910,2025-11-08,Online,Digital Wallet,2,Completed
52883,303,2024-03-30,Online,Credit Card,5,Completed
52884,934,2025-02-18,Marketplace,Credit Card,3,Completed
52885,1433,2025-08-15,Store,Credit Card,3,Completed
52886,302,2024-02-12,Marketplace,Credit Card,2,Returned
52887,901,2025-06-15,Online,PayPal,2,Completed
52888,311,2024-12-13,Online,PayPal,4,Completed
52889,1373,2025-10-17,Online,Credit Card,4,Completed
52890,1407,2025-02-03,Online,Digital Wallet,2,Completed
52891,1379,2024-01-21,Marketplace,Digital Wallet,2,Completed
52892,367,2024-08-04,Online,Credit Card,3,Completed
52893,1247,2025-01-08,Mobile App,PayPal,2,Completed
52894,102,2024-10-16,Marketplace,Digital Wallet,2,Completed
52895,359,2024-03-02,Marketplace,Credit Card,1,Completed
52896,49,2025-03-23,Online,Credit Card,3,Completed
52897,639,2024-08-18,Online,PayPal,5,Completed
52898,630,2024-12-20,Mobile App,PayPal,2,Completed
52899,167,2025-05-27,Mobile App,PayPal,5,Completed
52900,1097,2025-11-10,Marketplace,PayPal,5,Completed
52901,281,2024-01-19,Mobile App,PayPal,3,Completed
52902,84,2024-10-08,Mobile App,Digital Wallet,5,Completed
52903,1243,2025-08-01,Online,PayPal,2,Completed
52904,1354,2024-06-11,Online,Credit Card,3,Completed
52905,379,2024-09-30,Mobile App,Digital Wallet,1,Completed
52906,372,2025-08-22,Mobile App,PayPal,4,Completed
52907,1376,2024-06-03,Online,Credit Card,1,Completed
52908,229,2025-06-12,Online,Debit Card,1,Completed
52909,706,2025-03-23,Marketplace,Debit Card,3,Completed
52910,981,2024-12-10,Online,Debit Card,4,Returned
52911,670,2025-12-01,Marketplace,Credit Card,2,Completed
52912,910,2024-06-30,Store,Debit Card,2,Completed
52913,536,2024-05-23,Mobile App,Credit Card,3,Completed
52914,248,2025-05-31,Online,Credit Card,4,Completed
52915,1345,2024-10-13,Online,Credit Card,1,Completed
52916,507,2025-04-28,Marketplace,PayPal,4,Completed
52917,1144,2025-03-15,Online,PayPal,2,Completed
52918,1191,2024-08-24,Marketplace,Debit Card,5,Completed
52919,804,2024-08-10,Online,Debit Card,1,Completed
52920,95,2025-09-24,Marketplace,Debit Card,4,Completed
52921,274,2025-02-27,Online,Debit Card,1,Returned
52922,918,2024-12-23,Marketplace,PayPal,1,Completed
52923,1206,2025-12-13,Mobile App,Debit Card,5,Completed
52924,453,2024-02-09,Mobile App,Debit Card,5,Completed
52925,971,2025-05-27,Online,PayPal,2,Completed
52926,212,2025-01-28,Mobile App,Digital Wallet,5,Completed
52927,615,2024-01-03,Online,PayPal,3,Completed
52928,1249,2025-01-27,Marketplace,Digital Wallet,4,Completed
52929,928,2025-01-04,Online,PayPal,1,Completed
52930,136,2025-04-15,Online,Debit Card,4,Completed
52931,1149,2024-01-27,Store,Debit Card,1,Completed
52932,816,2025-02-17,Mobile App,Credit Card,1,Completed
52933,1380,2025-06-18,Mobile App,Credit Card,2,Completed
52934,344,2025-03-30,Online,PayPal,4,Returned
52935,291,2024-04-23,Marketplace,Credit Card,5,Completed
52936,1166,2025-04-27,Online,Credit Card,4,Completed
52937,631,2024-05-13,Online,Debit Card,4,Completed
52938,689,2025-11-01,Online,Credit Card,5,Completed
52939,1468,2025-03-07,Mobile App,PayPal,2,Completed
52940,1494,2025-11-10,Marketplace,Credit Card,1,Completed
52941,1025,2025-04-08,Mobile App,Credit Card,5,Completed
52942,1185,2024-03-01,Mobile App,Debit Card,5,Completed
52943,1455,2025-04-23,Mobile App,Credit Card,1,Completed
52944,77,2024-12-10,Mobile App,Digital Wallet,3,Completed
52945,948,2025-05-20,Store,Credit Card,4,Completed
52946,1338,2025-12-11,Mobile App,PayPal,4,Completed
52947,69,2025-12-14,Mobile App,Digital Wallet,5,Completed
52948,343,2024-04-05,Online,PayPal,2,Completed
52949,935,2024-06-30,Online,Digital Wallet,3,Completed
52950,948,2024-10-07,Online,Debit Card,4,Completed
52951,920,2024-06-08,Online,Digital Wallet,4,Completed
52952,1313,2025-08-15,Mobile App,Debit Card,5,Completed
52953,519,2025-11-14,Marketplace,Debit Card,2,Completed
52954,253,2025-11-21,Online,PayPal,2,Completed
52955,402,2024-04-07,Marketplace,Digital Wallet,1,Completed
52956,215,2024-08-04,Online,Debit Card,4,Completed
52957,733,2024-11-27,Mobile App,PayPal,5,Completed
52958,574,2024-01-02,Online,Digital Wallet,5,Completed
52959,1031,2024-04-02,Online,Debit Card,4,Completed
52960,1149,2025-12-07,Marketplace,Digital Wallet,1,Completed
52961,668,2024-11-04,Online,PayPal,5,Completed
52962,1189,2025-05-16,Store,PayPal,4,Returned
52963,42,2024-04-15,Mobile App,PayPal,5,Returned
52964,1250,2024-07-25,Online,Debit Card,2,Completed
52965,4,2025-12-05,Store,Credit Card,1,Completed
52966,1273,2024-05-12,Online,Debit Card,5,Completed
52967,305,2024-09-12,Online,Debit Card,2,Completed
52968,307,2025-04-03,Online,PayPal,1,Completed
52969,567,2024-03-13,Online,Credit Card,2,Completed
52970,113,2024-09-19,Online,Credit Card,3,Completed
52971,1264,2025-12-21,Mobile App,Digital Wallet,4,Completed
52972,361,2024-09-20,Mobile App,Credit Card,4,Completed
52973,217,2024-06-12,Marketplace,Digital Wallet,3,Completed
52974,1130,2024-05-04,Mobile App,Digital Wallet,3,Cancelled
52975,328,2024-10-09,Store,Digital Wallet,1,Completed
52976,374,2024-01-27,Online,Debit Card,4,Completed
52977,491,2024-07-16,Mobile App,Credit Card,4,Completed
52978,139,2024-01-20,Mobile App,Digital Wallet,4,Completed
52979,180,2025-10-20,Online,PayPal,5,Completed
52980,1311,2025-10-30,Online,Debit Card,1,Completed
52981,890,2025-11-03,Marketplace,Digital Wallet,4,Completed
52982,108,2024-08-26,Online,Digital Wallet,2,Completed
52983,785,2024-11-10,Online,Digital Wallet,5,Completed
52984,197,2025-04-27,Mobile App,Credit Card,2,Completed
52985,1258,2025-08-21,Marketplace,Debit Card,1,Completed
52986,868,2025-07-29,Online,Debit Card,1,Completed
52987,766,2024-12-28,Store,Digital Wallet,4,Completed
52988,986,2025-02-16,Store,Digital Wallet,2,Completed
52989,1024,2025-05-08,Online,Credit Card,3,Completed
52990,1292,2024-12-18,Marketplace,PayPal,3,Completed
52991,242,2024-07-05,Online,Digital Wallet,2,Returned
52992,490,2024-08-07,Marketplace,Digital Wallet,2,Returned
52993,618,2025-12-31,Store,Credit Card,3,Completed
52994,720,2024-02-13,Mobile App,Digital Wallet,1,Completed
52995,767,2024-12-09,Online,Debit Card,2,Completed
52996,1126,2024-06-26,Mobile App,PayPal,2,Completed
52997,1002,2025-09-17,Online,Digital Wallet,1,Completed
52998,814,2025-07-06,Marketplace,Credit Card,1,Completed
52999,79,2025-07-10,Online,Credit Card,1,Completed
53000,781,2024-09-23,Online,PayPal,4,Completed
53001,1144,2024-05-28,Mobile App,Credit Card,2,Cancelled
53002,772,2025-09-06,Online,Debit Card,5,Cancelled
53003,1203,2024-03-25,Online,Credit Card,4,Completed
53004,38,2024-10-04,Mobile App,Digital Wallet,4,Completed
53005,1150,2024-12-24,Online,Credit Card,4,Completed
53006,687,2025-06-12,Online,PayPal,5,Completed
53007,540,2025-02-13,Store,Credit Card,2,Completed
53008,1107,2025-01-30,Online,Debit Card,4,Completed
53009,848,2024-04-23,Online,PayPal,1,Completed
53010,734,2025-04-20,Online,PayPal,2,Completed
53011,322,2025-09-07,Online,Digital Wallet,5,Completed
53012,163,2025-03-03,Online,Debit Card,1,Completed
53013,178,2024-11-07,Mobile App,Debit Card,1,Completed
53014,472,2025-08-25,Mobile App,Digital Wallet,1,Completed
53015,1374,2024-01-08,Store,Digital Wallet,3,Completed
53016,504,2024-03-08,Mobile App,PayPal,2,Returned
53017,1378,2025-10-21,Mobile App,PayPal,3,Completed
53018,3,2024-09-06,Mobile App,Digital Wallet,1,Completed
53019,1121,2025-01-12,Online,Credit Card,5,Completed
53020,413,2024-04-02,Mobile App,PayPal,5,Completed
53021,97,2025-10-09,Online,Credit Card,4,Completed
53022,29,2024-04-27,Online,PayPal,4,Completed
53023,1333,2025-12-05,Marketplace,Digital Wallet,5,Completed
53024,1482,2024-04-26,Online,Digital Wallet,3,Completed
53025,1017,2025-07-18,Online,Digital Wallet,4,Completed
53026,1391,2024-10-06,Marketplace,Digital Wallet,5,Completed
53027,38,2025-05-13,Mobile App,PayPal,4,Completed
53028,1282,2025-07-20,Online,Digital Wallet,1,Completed
53029,337,2025-11-12,Mobile App,Credit Card,2,Completed
53030,500,2025-08-29,Mobile App,PayPal,1,Completed
53031,495,2024-12-28,Marketplace,PayPal,3,Completed
53032,1360,2024-07-07,Online,Credit Card,1,Completed
53033,661,2024-03-16,Mobile App,Credit Card,2,Completed
53034,940,2025-12-25,Online,PayPal,4,Completed
53035,1037,2024-09-21,Online,Digital Wallet,5,Completed
53036,203,2024-06-04,Store,Debit Card,5,Completed
53037,1000,2025-11-10,Online,Digital Wallet,4,Completed
53038,1414,2025-05-01,Store,PayPal,1,Completed
53039,339,2024-05-09,Mobile App,PayPal,4,Completed
53040,610,2024-10-31,Online,Digital Wallet,4,Completed
53041,1224,2025-12-18,Marketplace,Digital Wallet,4,Completed
53042,54,2024-10-27,Online,Credit Card,3,Completed
53043,224,2025-04-15,Online,PayPal,5,Completed
53044,174,2025-11-20,Mobile App,Digital Wallet,1,Completed
53045,463,2024-11-18,Mobile App,Digital Wallet,2,Completed
53046,745,2024-06-15,Online,Debit Card,5,Completed
53047,592,2024-08-28,Mobile App,PayPal,2,Completed
53048,1414,2025-11-24,Online,Digital Wallet,1,Completed
53049,696,2025-06-17,Online,Credit Card,2,Completed
53050,641,2024-02-25,Marketplace,Debit Card,2,Completed
53051,611,2025-08-07,Mobile App,PayPal,2,Completed
53052,635,2025-09-09,Online,Credit Card,5,Completed
53053,382,2024-08-15,Mobile App,Debit Card,1,Completed
53054,84,2025-04-27,Marketplace,Credit Card,5,Completed
53055,612,2024-03-31,Online,Debit Card,4,Completed
53056,738,2024-11-08,Mobile App,PayPal,4,Completed
53057,26,2024-12-10,Mobile App,PayPal,3,Completed
53058,278,2025-02-12,Online,Debit Card,3,Completed
53059,1386,2024-04-03,Online,Digital Wallet,2,Completed
53060,1027,2024-02-11,Store,Digital Wallet,1,Returned
53061,545,2024-05-23,Mobile App,Debit Card,1,Completed
53062,427,2025-05-23,Online,PayPal,2,Completed
53063,148,2024-05-15,Online,Credit Card,1,Completed
53064,265,2025-05-30,Online,Credit Card,2,Completed
53065,1483,2025-11-18,Mobile App,Credit Card,4,Completed
53066,1409,2024-05-09,Mobile App,Credit Card,5,Completed
53067,1443,2024-06-08,Online,Digital Wallet,2,Completed
53068,430,2025-11-05,Online,PayPal,1,Completed
53069,872,2025-01-28,Mobile App,Debit Card,3,Completed
53070,1455,2024-06-18,Marketplace,PayPal,1,Completed
53071,178,2025-10-31,Online,Digital Wallet,1,Completed
53072,704,2025-11-27,Marketplace,PayPal,5,Completed
53073,11,2024-03-09,Mobile App,PayPal,4,Completed
53074,724,2024-12-09,Store,Digital Wallet,5,Completed
53075,991,2025-12-08,Online,Credit Card,1,Completed
53076,28,2025-11-11,Online,Debit Card,2,Completed
53077,1072,2025-04-15,Online,Digital Wallet,4,Returned
53078,1120,2025-07-01,Marketplace,Debit Card,4,Completed
53079,187,2024-03-23,Marketplace,Digital Wallet,2,Cancelled
53080,843,2025-04-08,Mobile App,Digital Wallet,4,Completed
53081,1148,2025-11-18,Mobile App,Digital Wallet,3,Completed
53082,94,2024-04-18,Store,PayPal,2,Completed
53083,453,2024-07-12,Mobile App,PayPal,5,Completed
53084,1154,2024-06-13,Marketplace,PayPal,2,Completed
53085,279,2024-02-11,Mobile App,PayPal,5,Completed
53086,1038,2025-12-21,Online,Digital Wallet,3,Completed
53087,106,2025-12-06,Online,PayPal,2,Completed
53088,1419,2025-05-14,Mobile App,Digital Wallet,1,Completed
53089,1338,2024-12-14,Mobile App,PayPal,4,Completed
53090,250,2025-07-12,Marketplace,Debit Card,2,Completed
53091,52,2025-07-16,Mobile App,PayPal,3,Completed
53092,1437,2024-11-02,Mobile App,Debit Card,1,Completed
53093,686,2024-01-09,Online,Digital Wallet,4,Completed
53094,174,2024-06-02,Online,Credit Card,1,Completed
53095,235,2025-07-21,Mobile App,Credit Card,2,Completed
53096,1330,2024-06-15,Online,Digital Wallet,5,Completed
53097,268,2024-10-14,Online,PayPal,2,Completed
53098,1138,2025-08-06,Mobile App,Credit Card,2,Completed
53099,894,2025-11-27,Online,Debit Card,5,Completed
53100,159,2025-11-10,Online,Debit Card,2,Completed
53101,355,2025-04-18,Marketplace,PayPal,5,Completed
53102,200,2024-10-24,Online,PayPal,3,Completed
53103,1441,2025-12-11,Online,Digital Wallet,2,Completed
53104,731,2025-12-30,Online,Digital Wallet,5,Completed
53105,1178,2024-04-05,Marketplace,Credit Card,3,Completed
53106,524,2024-12-27,Online,PayPal,5,Completed
53107,1272,2024-12-08,Online,Debit Card,4,Completed
53108,176,2025-05-07,Online,Digital Wallet,2,Completed
53109,187,2025-05-24,Store,PayPal,2,Completed
53110,1200,2024-11-25,Online,Credit Card,5,Completed
53111,228,2025-03-19,Online,Debit Card,3,Completed
53112,420,2025-11-17,Mobile App,Debit Card,3,Completed
53113,857,2024-12-12,Marketplace,Credit Card,2,Completed
53114,365,2025-01-23,Mobile App,Digital Wallet,5,Completed
53115,86,2024-07-28,Mobile App,Digital Wallet,2,Returned
53116,153,2024-07-08,Online,Digital Wallet,2,Completed
53117,566,2024-09-21,Online,Credit Card,4,Completed
53118,926,2025-01-16,Online,Credit Card,4,Completed
53119,1274,2024-10-08,Mobile App,Credit Card,3,Completed
53120,770,2024-03-31,Store,PayPal,3,Completed
53121,1159,2025-11-19,Online,Debit Card,5,Completed
53122,419,2024-12-08,Online,Credit Card,2,Completed
53123,912,2024-06-23,Marketplace,Debit Card,3,Returned
53124,111,2025-04-20,Mobile App,Credit Card,1,Completed
53125,582,2024-05-13,Online,Credit Card,3,Completed
53126,55,2025-03-08,Marketplace,Debit Card,5,Completed
53127,738,2025-12-27,Marketplace,Credit Card,4,Completed
53128,1242,2025-10-18,Online,PayPal,5,Completed
53129,239,2024-09-18,Mobile App,Debit Card,4,Cancelled
53130,723,2025-06-12,Online,Debit Card,1,Returned
53131,767,2024-08-22,Online,Debit Card,2,Completed
53132,47,2024-07-08,Store,Credit Card,3,Returned
53133,1264,2025-10-11,Online,Debit Card,4,Completed
53134,1366,2025-10-01,Mobile App,PayPal,1,Completed
53135,581,2024-12-29,Online,PayPal,4,Completed
53136,927,2025-08-14,Mobile App,Digital Wallet,2,Completed
53137,1295,2024-05-29,Online,Credit Card,3,Completed
53138,767,2024-05-09,Online,Digital Wallet,2,Completed
53139,1368,2025-12-23,Online,Digital Wallet,1,Completed
53140,1054,2025-10-16,Marketplace,Digital Wallet,2,Completed
53141,1,2025-07-24,Mobile App,Credit Card,4,Completed
53142,42,2025-09-10,Mobile App,PayPal,5,Completed
53143,111,2024-04-26,Online,Debit Card,1,Returned
53144,113,2024-08-10,Store,Digital Wallet,3,Completed
53145,1458,2025-03-05,Online,Credit Card,3,Completed
53146,1351,2024-02-11,Online,Debit Card,4,Returned
53147,850,2025-01-28,Mobile App,PayPal,2,Returned
53148,1263,2025-07-13,Online,Digital Wallet,2,Cancelled
53149,1328,2025-09-14,Online,Digital Wallet,1,Completed
53150,479,2025-04-30,Store,PayPal,3,Completed
53151,138,2025-07-06,Mobile App,Debit Card,2,Completed
53152,1318,2024-10-01,Marketplace,PayPal,4,Completed
53153,271,2025-02-15,Marketplace,Debit Card,5,Completed
53154,1050,2024-11-01,Online,Debit Card,3,Completed
53155,161,2024-12-29,Mobile App,Credit Card,4,Completed
53156,84,2024-08-30,Mobile App,Debit Card,5,Completed
53157,932,2025-11-06,Store,Debit Card,5,Completed
53158,1069,2024-04-16,Mobile App,Credit Card,5,Completed
53159,1401,2024-02-16,Online,Digital Wallet,2,Returned
53160,996,2024-01-08,Mobile App,Debit Card,2,Returned
53161,788,2025-12-05,Online,Debit Card,4,Completed
53162,1240,2025-11-18,Marketplace,Debit Card,3,Completed
53163,198,2024-04-03,Mobile App,Digital Wallet,1,Completed
53164,903,2024-04-29,Store,Digital Wallet,2,Completed
53165,199,2025-10-04,Mobile App,Credit Card,4,Completed
53166,911,2025-04-18,Online,Digital Wallet,5,Completed
53167,139,2025-12-29,Online,Credit Card,4,Completed
53168,190,2025-05-09,Online,Credit Card,2,Completed
53169,1109,2024-09-22,Online,Debit Card,4,Completed
53170,1394,2025-08-03,Online,Debit Card,1,Completed
53171,57,2024-03-06,Store,Credit Card,5,Completed
53172,731,2025-07-20,Mobile App,PayPal,5,Completed
53173,328,2024-03-09,Marketplace,Debit Card,1,Completed
53174,482,2025-10-27,Store,Digital Wallet,2,Completed
53175,13,2024-07-16,Online,PayPal,4,Completed
53176,522,2024-11-23,Marketplace,Debit Card,5,Completed
53177,482,2024-05-31,Online,Digital Wallet,2,Completed
53178,876,2024-04-20,Mobile App,Debit Card,2,Completed
53179,1058,2025-08-22,Mobile App,Debit Card,2,Completed
53180,96,2024-03-05,Marketplace,Credit Card,3,Completed
53181,1360,2025-07-12,Online,PayPal,1,Returned
53182,1350,2025-08-30,Online,Digital Wallet,2,Completed
53183,1480,2024-10-05,Online,Debit Card,1,Completed
53184,1312,2025-07-19,Online,Digital Wallet,4,Completed
53185,1044,2025-01-19,Mobile App,Credit Card,3,Completed
53186,390,2024-08-11,Mobile App,Credit Card,3,Completed
53187,836,2024-10-25,Mobile App,PayPal,2,Completed
53188,1459,2024-12-24,Online,Credit Card,5,Completed
53189,1312,2024-12-13,Store,Digital Wallet,4,Completed
53190,1094,2025-11-04,Mobile App,Credit Card,2,Completed
53191,1226,2025-12-15,Mobile App,Digital Wallet,1,Returned
53192,1377,2024-07-23,Marketplace,PayPal,1,Completed
53193,1067,2024-06-04,Store,Debit Card,2,Returned
53194,690,2025-04-25,Mobile App,PayPal,3,Completed
53195,1126,2025-12-06,Mobile App,PayPal,2,Returned
53196,478,2025-01-15,Online,Digital Wallet,3,Completed
53197,1381,2024-07-25,Mobile App,Credit Card,5,Completed
53198,1483,2024-04-20,Online,Debit Card,4,Completed
53199,1436,2024-12-10,Mobile App,Digital Wallet,3,Completed
53200,1036,2025-04-13,Marketplace,PayPal,5,Completed
53201,1210,2025-12-13,Online,Digital Wallet,5,Completed
53202,800,2025-12-04,Online,Debit Card,4,Completed
53203,86,2025-08-03,Mobile App,Debit Card,2,Completed
53204,388,2024-10-14,Marketplace,Credit Card,2,Completed
53205,297,2024-12-02,Online,Digital Wallet,3,Completed
53206,1184,2024-12-05,Online,Credit Card,4,Completed
53207,607,2024-10-18,Mobile App,Credit Card,2,Completed
53208,1245,2025-08-08,Marketplace,PayPal,1,Completed
53209,176,2024-11-21,Mobile App,Credit Card,2,Completed
53210,346,2025-12-07,Marketplace,Debit Card,3,Completed
53211,1411,2025-12-25,Online,Debit Card,5,Completed
53212,1345,2025-05-12,Online,Debit Card,1,Completed
53213,224,2024-05-06,Online,PayPal,5,Completed
53214,1166,2025-07-07,Store,Credit Card,4,Completed
53215,551,2025-09-24,Marketplace,Credit Card,2,Completed
53216,1,2024-12-02,Mobile App,PayPal,4,Cancelled
53217,1280,2025-08-07,Mobile App,Credit Card,3,Completed
53218,211,2024-04-20,Marketplace,Debit Card,2,Completed
53219,57,2025-02-20,Online,Debit Card,5,Completed
53220,1014,2024-07-14,Online,Debit Card,4,Completed
53221,1306,2024-11-18,Online,Digital Wallet,4,Completed
53222,292,2025-09-23,Online,Credit Card,1,Completed
53223,1329,2024-06-18,Mobile App,Digital Wallet,4,Completed
53224,238,2025-08-11,Store,Credit Card,5,Completed
53225,1108,2024-09-25,Mobile App,Credit Card,3,Completed
53226,700,2025-11-10,Online,Digital Wallet,4,Completed
53227,1045,2025-10-29,Online,Debit Card,3,Returned
53228,1196,2025-12-16,Mobile App,PayPal,3,Returned
53229,617,2025-12-22,Mobile App,Debit Card,1,Completed
53230,178,2024-08-03,Online,Digital Wallet,1,Completed
53231,1175,2024-12-09,Store,PayPal,1,Completed
53232,1037,2024-12-10,Mobile App,Debit Card,5,Completed
53233,579,2025-01-25,Store,Credit Card,3,Completed
53234,939,2024-12-03,Mobile App,Credit Card,2,Completed
53235,1261,2025-04-13,Online,Digital Wallet,5,Completed
53236,917,2024-04-28,Mobile App,Digital Wallet,2,Completed
53237,581,2024-07-24,Store,PayPal,4,Completed
53238,442,2024-02-27,Store,Digital Wallet,1,Completed
53239,1359,2025-11-10,Online,Credit Card,5,Completed
53240,760,2024-11-09,Marketplace,Debit Card,4,Completed
53241,858,2025-04-13,Mobile App,Digital Wallet,3,Returned
53242,1431,2025-03-18,Mobile App,Digital Wallet,4,Completed
53243,1193,2025-12-23,Store,Digital Wallet,1,Completed
53244,1322,2025-05-04,Online,Debit Card,1,Completed
53245,1372,2024-12-02,Mobile App,Digital Wallet,5,Completed
53246,88,2024-07-17,Mobile App,Digital Wallet,4,Completed
53247,797,2024-03-17,Mobile App,Credit Card,3,Completed
53248,859,2024-01-14,Mobile App,Credit Card,1,Completed
53249,137,2024-08-23,Online,PayPal,4,Completed
53250,128,2025-09-06,Online,PayPal,2,Completed
53251,843,2025-04-16,Marketplace,Debit Card,4,Cancelled
53252,1296,2024-12-03,Marketplace,Debit Card,2,Completed
53253,830,2024-07-07,Online,Debit Card,2,Completed
53254,635,2025-12-05,Marketplace,Credit Card,5,Completed
53255,31,2025-11-20,Online,Digital Wallet,2,Completed
53256,463,2024-10-11,Mobile App,Digital Wallet,2,Returned
53257,836,2025-11-19,Online,Debit Card,2,Completed
53258,580,2025-03-27,Store,Credit Card,2,Completed
53259,1077,2025-08-21,Marketplace,PayPal,2,Completed
53260,818,2025-06-27,Online,Credit Card,4,Completed
53261,1012,2024-10-02,Mobile App,Credit Card,3,Completed
53262,546,2024-02-15,Online,Digital Wallet,4,Completed
53263,102,2025-07-02,Marketplace,PayPal,2,Completed
53264,1055,2024-12-09,Marketplace,PayPal,1,Completed
53265,1411,2024-02-11,Marketplace,Digital Wallet,5,Completed
53266,588,2025-07-13,Mobile App,PayPal,3,Completed
53267,710,2025-01-28,Mobile App,PayPal,2,Completed
53268,843,2024-10-10,Store,Credit Card,4,Completed
53269,874,2024-01-29,Online,Credit Card,3,Completed
53270,208,2025-12-08,Marketplace,Debit Card,5,Completed
53271,1006,2024-07-06,Online,Digital Wallet,3,Returned
53272,239,2025-12-05,Store,Credit Card,4,Completed
53273,135,2025-08-02,Online,PayPal,2,Completed
53274,1323,2024-11-08,Store,PayPal,2,Completed
53275,958,2025-11-16,Mobile App,Debit Card,5,Completed
53276,629,2024-07-26,Online,Debit Card,4,Cancelled
53277,479,2024-12-31,Online,Debit Card,3,Completed
53278,888,2024-11-16,Store,Digital Wallet,4,Completed
53279,764,2024-12-27,Online,Debit Card,1,Completed
53280,111,2024-07-13,Online,Credit Card,1,Completed
53281,724,2025-12-18,Online,Debit Card,5,Completed
53282,245,2025-03-15,Mobile App,Digital Wallet,2,Completed
53283,706,2024-01-20,Mobile App,Credit Card,3,Completed
53284,854,2024-11-05,Online,Credit Card,1,Completed
53285,564,2025-04-28,Online,Debit Card,4,Completed
53286,322,2025-10-01,Online,Debit Card,5,Returned
53287,1444,2025-08-29,Store,Credit Card,3,Completed
53288,394,2025-05-31,Mobile App,Digital Wallet,2,Returned
53289,437,2025-08-04,Mobile App,Debit Card,5,Completed
53290,417,2025-06-26,Online,PayPal,2,Completed
53291,1269,2024-11-02,Store,PayPal,4,Completed
53292,1054,2025-08-01,Marketplace,Debit Card,2,Completed
53293,708,2024-07-24,Online,PayPal,5,Completed
53294,496,2024-02-17,Online,Debit Card,5,Cancelled
53295,1447,2025-09-15,Store,PayPal,3,Completed
53296,1141,2024-05-13,Online,Digital Wallet,5,Completed
53297,1291,2024-01-24,Online,Digital Wallet,3,Completed
53298,203,2024-09-07,Mobile App,Credit Card,5,Completed
53299,268,2025-12-28,Mobile App,PayPal,2,Completed
53300,1299,2025-12-03,Mobile App,PayPal,1,Completed
53301,403,2024-01-07,Marketplace,Debit Card,5,Returned
53302,877,2025-05-14,Store,Debit Card,2,Completed
53303,372,2025-12-15,Mobile App,Debit Card,4,Completed
53304,473,2024-03-17,Mobile App,Debit Card,2,Completed
53305,959,2025-06-27,Online,Digital Wallet,5,Completed
53306,284,2025-03-11,Online,Credit Card,3,Completed
53307,436,2025-06-21,Marketplace,Credit Card,2,Returned
53308,1398,2025-03-01,Online,Credit Card,5,Completed
53309,1486,2024-12-22,Online,Credit Card,3,Completed
53310,1361,2025-12-17,Online,Debit Card,3,Completed
53311,1160,2024-04-06,Store,Digital Wallet,1,Returned
53312,1221,2025-04-23,Online,Digital Wallet,4,Completed
53313,1353,2024-11-11,Online,Credit Card,1,Returned
53314,1293,2025-11-16,Store,Credit Card,1,Completed
53315,888,2025-04-17,Marketplace,Digital Wallet,4,Completed
53316,424,2025-12-21,Online,Digital Wallet,3,Completed
53317,671,2024-11-18,Mobile App,Credit Card,5,Completed
53318,478,2024-07-12,Marketplace,PayPal,3,Returned
53319,183,2024-07-13,Mobile App,Digital Wallet,3,Completed
53320,966,2025-11-05,Mobile App,Debit Card,5,Completed
53321,289,2024-11-23,Online,Credit Card,4,Completed
53322,557,2025-11-13,Online,Credit Card,5,Completed
53323,943,2024-01-27,Online,Credit Card,5,Completed
53324,214,2025-05-22,Online,Digital Wallet,1,Completed
53325,1383,2025-08-28,Online,Digital Wallet,3,Completed
53326,419,2024-03-25,Mobile App,PayPal,2,Completed
53327,1046,2024-06-01,Online,Credit Card,2,Completed
53328,294,2024-06-26,Mobile App,Digital Wallet,3,Completed
53329,919,2024-05-24,Marketplace,Digital Wallet,1,Completed
53330,304,2025-11-05,Mobile App,Credit Card,3,Completed
53331,1039,2024-03-28,Mobile App,Debit Card,4,Completed
53332,239,2025-11-17,Mobile App,Digital Wallet,4,Completed
53333,629,2024-07-31,Online,PayPal,4,Completed
53334,1065,2024-07-25,Online,Debit Card,2,Completed
53335,1172,2025-03-31,Store,Debit Card,4,Completed
53336,270,2024-09-24,Online,Credit Card,1,Returned
53337,894,2024-12-31,Online,PayPal,5,Completed
53338,441,2025-03-29,Store,Debit Card,1,Completed
53339,1311,2024-11-04,Online,Debit Card,1,Completed
53340,776,2024-02-18,Marketplace,Debit Card,4,Completed
53341,750,2025-12-29,Online,PayPal,3,Completed
53342,1173,2024-12-04,Online,Digital Wallet,2,Completed
53343,227,2025-05-12,Store,PayPal,3,Completed
53344,356,2024-10-05,Store,PayPal,3,Completed
53345,1100,2024-02-14,Mobile App,PayPal,5,Completed
53346,1161,2025-07-03,Online,Digital Wallet,2,Completed
53347,1051,2024-07-06,Marketplace,Credit Card,1,Completed
53348,440,2025-05-17,Online,Digital Wallet,2,Completed
53349,230,2025-05-02,Online,PayPal,1,Completed
53350,1356,2025-07-05,Mobile App,Credit Card,2,Returned
53351,294,2025-01-30,Store,PayPal,3,Completed
53352,502,2024-08-12,Online,Digital Wallet,4,Completed
53353,449,2025-12-13,Marketplace,Credit Card,4,Completed
53354,1234,2025-05-19,Online,Debit Card,4,Completed
53355,170,2024-12-17,Marketplace,PayPal,5,Completed
53356,994,2025-11-20,Store,Digital Wallet,2,Completed
53357,1423,2025-09-22,Store,Digital Wallet,3,Completed
53358,476,2025-01-09,Marketplace,PayPal,3,Completed
53359,113,2025-12-24,Marketplace,Credit Card,3,Completed
53360,1301,2025-11-01,Online,Digital Wallet,3,Completed
53361,2,2025-05-07,Mobile App,Digital Wallet,1,Completed
53362,1149,2024-12-05,Store,Credit Card,1,Cancelled
53363,390,2024-11-23,Mobile App,Debit Card,3,Returned
53364,258,2024-11-26,Online,Debit Card,2,Completed
53365,851,2025-09-01,Online,Credit Card,5,Completed
53366,83,2025-06-28,Store,Debit Card,3,Returned
53367,44,2025-01-08,Mobile App,Debit Card,4,Completed
53368,331,2024-05-28,Mobile App,Digital Wallet,2,Completed
53369,1145,2024-06-24,Marketplace,Credit Card,3,Completed
53370,1374,2024-09-03,Online,PayPal,3,Completed
53371,286,2025-01-27,Marketplace,Debit Card,2,Completed
53372,27,2024-06-05,Marketplace,Digital Wallet,3,Returned
53373,1364,2024-03-16,Mobile App,Digital Wallet,5,Returned
53374,826,2025-07-12,Online,PayPal,2,Completed
53375,690,2025-06-26,Online,Debit Card,3,Completed
53376,156,2024-01-18,Mobile App,Debit Card,4,Completed
53377,926,2025-03-07,Marketplace,Credit Card,4,Completed
53378,58,2025-07-08,Store,Debit Card,3,Completed
53379,308,2025-07-22,Marketplace,PayPal,5,Completed
53380,668,2025-12-08,Online,PayPal,5,Completed
53381,932,2025-12-16,Mobile App,PayPal,5,Cancelled
53382,351,2024-02-11,Online,Digital Wallet,5,Completed
53383,95,2024-10-21,Online,PayPal,4,Completed
53384,1478,2024-02-20,Online,Debit Card,2,Completed
53385,1168,2025-09-18,Online,Digital Wallet,4,Completed
53386,885,2025-02-02,Marketplace,PayPal,5,Completed
53387,818,2024-12-22,Store,PayPal,4,Completed
53388,1332,2024-05-02,Online,Digital Wallet,5,Completed
53389,817,2024-04-29,Store,PayPal,1,Returned
53390,1100,2024-02-14,Mobile App,Digital Wallet,5,Completed
53391,133,2024-10-07,Marketplace,Credit Card,1,Completed
53392,355,2024-12-10,Mobile App,PayPal,5,Completed
53393,90,2025-09-19,Online,Debit Card,1,Completed
53394,161,2024-05-06,Store,Debit Card,4,Completed
53395,1364,2024-08-12,Marketplace,Digital Wallet,5,Completed
53396,560,2024-12-02,Mobile App,Digital Wallet,4,Completed
53397,517,2025-08-07,Mobile App,Credit Card,4,Completed
53398,1434,2025-03-24,Mobile App,Digital Wallet,2,Completed
53399,1166,2025-12-11,Marketplace,Digital Wallet,4,Completed
53400,681,2024-12-21,Marketplace,Credit Card,1,Completed
53401,1358,2024-10-26,Online,Digital Wallet,3,Completed
53402,922,2025-04-02,Online,Debit Card,4,Completed
53403,1494,2025-05-30,Mobile App,Debit Card,1,Cancelled
53404,1474,2025-06-07,Online,Debit Card,1,Completed
53405,380,2024-08-18,Online,PayPal,1,Completed
53406,36,2024-11-17,Mobile App,PayPal,4,Completed
53407,414,2024-03-19,Online,Credit Card,4,Completed
53408,557,2024-02-27,Online,Credit Card,5,Completed
53409,1323,2025-04-10,Online,Credit Card,2,Completed
53410,937,2025-03-31,Mobile App,PayPal,1,Completed
53411,151,2025-07-06,Mobile App,PayPal,4,Completed
53412,959,2024-05-07,Online,Credit Card,5,Completed
53413,974,2024-08-24,Store,Digital Wallet,3,Completed
53414,1338,2024-11-17,Online,Digital Wallet,4,Cancelled
53415,241,2025-12-15,Mobile App,Credit Card,1,Completed
53416,1402,2024-03-26,Online,PayPal,4,Returned
53417,189,2024-06-19,Mobile App,PayPal,2,Completed
53418,668,2025-09-26,Online,Debit Card,5,Returned
53419,143,2024-12-05,Mobile App,Credit Card,4,Returned
53420,747,2025-04-03,Online,Credit Card,3,Returned
53421,831,2024-12-19,Mobile App,Digital Wallet,3,Completed
53422,684,2024-06-24,Online,PayPal,1,Completed
53423,280,2025-08-17,Mobile App,Credit Card,2,Cancelled
53424,1044,2024-07-26,Mobile App,Credit Card,3,Completed
53425,849,2025-04-08,Online,Digital Wallet,1,Completed
53426,1463,2024-02-26,Mobile App,PayPal,4,Returned
53427,749,2025-04-15,Online,Debit Card,1,Completed
53428,766,2025-01-30,Online,Debit Card,4,Completed
53429,598,2025-03-16,Mobile App,PayPal,3,Completed
53430,46,2025-07-24,Store,Debit Card,4,Completed
53431,490,2024-07-10,Online,Digital Wallet,2,Completed
53432,163,2024-08-05,Online,Digital Wallet,1,Completed
53433,822,2024-10-04,Marketplace,Debit Card,4,Completed
53434,175,2024-12-28,Mobile App,Digital Wallet,5,Completed
53435,1110,2024-12-22,Mobile App,Debit Card,5,Completed
53436,963,2024-01-13,Online,Digital Wallet,2,Completed
53437,1471,2025-11-12,Online,Digital Wallet,5,Returned
53438,801,2024-06-03,Online,PayPal,5,Completed
53439,864,2024-06-14,Online,Digital Wallet,4,Completed
53440,281,2025-11-21,Online,Digital Wallet,3,Completed
53441,242,2024-08-22,Online,Digital Wallet,2,Completed
53442,156,2025-11-03,Mobile App,Digital Wallet,4,Completed
53443,747,2025-12-04,Online,Digital Wallet,3,Completed
53444,562,2024-07-05,Online,Debit Card,1,Returned
53445,673,2025-01-20,Marketplace,Digital Wallet,5,Completed
53446,1438,2024-11-19,Mobile App,PayPal,4,Cancelled
53447,771,2025-10-03,Marketplace,Debit Card,5,Completed
53448,596,2024-11-27,Store,Digital Wallet,5,Completed
53449,570,2025-12-22,Online,Digital Wallet,4,Completed
53450,743,2025-05-05,Online,Debit Card,3,Completed
53451,1351,2024-03-06,Mobile App,PayPal,4,Completed
53452,1464,2024-08-25,Marketplace,Digital Wallet,4,Completed
53453,1489,2024-03-06,Marketplace,PayPal,2,Completed
53454,1346,2024-02-16,Store,Digital Wallet,2,Completed
53455,185,2025-01-02,Marketplace,Credit Card,5,Completed
53456,107,2025-07-02,Online,Digital Wallet,1,Completed
53457,224,2025-01-28,Online,Debit Card,5,Completed
53458,549,2025-07-11,Store,Digital Wallet,5,Completed
53459,300,2025-12-28,Mobile App,Credit Card,3,Completed
53460,210,2024-01-08,Online,Debit Card,3,Completed
53461,792,2024-02-07,Marketplace,Digital Wallet,3,Completed
53462,1018,2025-03-02,Online,Credit Card,3,Completed
53463,641,2024-03-03,Online,Debit Card,2,Completed
53464,509,2024-02-04,Online,Debit Card,2,Completed
53465,871,2024-10-27,Mobile App,Credit Card,2,Completed
53466,529,2025-08-10,Marketplace,Credit Card,4,Completed
53467,1282,2024-02-11,Mobile App,Debit Card,1,Cancelled
53468,1411,2024-07-07,Marketplace,Digital Wallet,5,Returned
53469,608,2024-01-27,Online,Digital Wallet,3,Completed
53470,505,2025-10-01,Online,Debit Card,1,Returned
53471,721,2025-12-21,Store,Debit Card,4,Completed
53472,1283,2025-03-05,Mobile App,Credit Card,4,Completed
53473,1376,2024-11-04,Mobile App,Digital Wallet,1,Completed
53474,317,2024-03-24,Online,Debit Card,4,Completed
53475,1464,2024-10-05,Online,PayPal,4,Completed
53476,563,2025-01-29,Marketplace,Digital Wallet,3,Completed
53477,1067,2025-10-04,Marketplace,PayPal,2,Completed
53478,955,2024-10-16,Online,Credit Card,4,Completed
53479,1300,2024-11-11,Mobile App,PayPal,4,Completed
53480,323,2025-10-17,Mobile App,Digital Wallet,1,Completed
53481,1487,2025-11-20,Online,PayPal,4,Completed
53482,1085,2024-03-04,Online,Digital Wallet,1,Completed
53483,1137,2024-12-08,Mobile App,Credit Card,3,Completed
53484,860,2024-05-22,Online,Digital Wallet,3,Completed
53485,1026,2024-04-07,Online,Digital Wallet,3,Completed
53486,838,2025-02-24,Store,Credit Card,3,Completed
53487,495,2024-08-03,Marketplace,PayPal,3,Completed
53488,755,2025-02-22,Mobile App,Credit Card,3,Completed
53489,77,2024-10-18,Online,Debit Card,3,Completed
53490,965,2025-05-10,Online,PayPal,5,Completed
53491,389,2024-02-10,Mobile App,Credit Card,4,Completed
53492,1078,2024-08-13,Mobile App,Digital Wallet,2,Completed
53493,601,2024-12-12,Mobile App,Credit Card,3,Completed
53494,1077,2024-07-16,Mobile App,Digital Wallet,2,Completed
53495,720,2024-11-25,Online,Credit Card,1,Completed
53496,975,2025-02-23,Online,Digital Wallet,3,Completed
53497,694,2025-10-06,Online,Debit Card,3,Completed
53498,1088,2025-06-17,Online,Credit Card,2,Returned
53499,134,2025-06-13,Mobile App,PayPal,4,Completed
53500,1124,2025-12-07,Online,Digital Wallet,5,Completed
53501,1251,2025-07-19,Online,Credit Card,1,Completed
53502,244,2025-01-06,Online,Debit Card,5,Returned
53503,1393,2024-11-10,Marketplace,PayPal,1,Completed
53504,406,2024-12-25,Online,Credit Card,4,Cancelled
53505,1315,2025-02-16,Mobile App,PayPal,4,Completed
53506,60,2024-07-22,Marketplace,Debit Card,2,Completed
53507,580,2024-02-26,Marketplace,Credit Card,2,Completed
53508,526,2025-11-27,Online,Digital Wallet,3,Completed
53509,885,2024-12-12,Online,Digital Wallet,5,Completed
53510,142,2024-11-25,Mobile App,Credit Card,1,Completed
53511,835,2024-12-06,Mobile App,Debit Card,4,Completed
53512,500,2025-12-29,Mobile App,Credit Card,1,Completed
53513,1450,2024-11-20,Marketplace,Debit Card,5,Completed
53514,968,2024-05-06,Marketplace,Digital Wallet,5,Completed
53515,1353,2024-05-13,Online,Credit Card,1,Completed
53516,799,2025-04-27,Online,Digital Wallet,3,Completed
53517,477,2025-12-13,Mobile App,PayPal,2,Completed
53518,598,2025-01-20,Online,PayPal,3,Completed
53519,1202,2025-09-23,Store,Debit Card,2,Completed
53520,580,2025-06-08,Online,PayPal,2,Completed
53521,1423,2025-10-02,Marketplace,Credit Card,3,Completed
53522,1244,2025-12-18,Marketplace,Debit Card,1,Completed
53523,1066,2025-06-06,Marketplace,PayPal,4,Completed
53524,1396,2025-07-16,Mobile App,Debit Card,2,Completed
53525,191,2024-12-03,Marketplace,Debit Card,4,Completed
53526,1480,2025-01-11,Mobile App,Debit Card,1,Completed
53527,66,2025-05-15,Mobile App,Debit Card,4,Completed
53528,1439,2025-03-31,Online,Debit Card,3,Completed
53529,1385,2024-12-21,Online,Digital Wallet,5,Returned
53530,1474,2024-10-11,Store,Debit Card,1,Completed
53531,741,2024-08-20,Mobile App,Debit Card,2,Completed
53532,1410,2024-01-13,Mobile App,Credit Card,3,Completed
53533,1197,2025-12-02,Store,PayPal,1,Completed
53534,160,2024-10-18,Online,PayPal,5,Completed
53535,107,2025-09-22,Online,Debit Card,1,Completed
53536,1475,2025-11-15,Marketplace,Debit Card,3,Completed
53537,471,2024-11-30,Online,Debit Card,2,Completed
53538,841,2025-05-14,Online,Debit Card,4,Completed
53539,1074,2025-05-05,Marketplace,Credit Card,4,Cancelled
53540,919,2024-02-11,Marketplace,Debit Card,1,Cancelled
53541,680,2025-11-21,Online,Credit Card,1,Completed
53542,511,2024-06-01,Online,Debit Card,2,Completed
53543,1262,2024-11-11,Marketplace,PayPal,2,Cancelled
53544,1430,2025-11-07,Online,PayPal,4,Completed
53545,554,2024-12-28,Online,Debit Card,5,Completed
53546,616,2025-11-10,Marketplace,Debit Card,1,Completed
53547,1127,2024-07-05,Online,Debit Card,5,Completed
53548,959,2024-04-22,Online,Debit Card,5,Completed
53549,611,2024-01-13,Mobile App,Debit Card,2,Completed
53550,1335,2025-10-07,Mobile App,Digital Wallet,2,Completed
53551,1340,2024-01-07,Mobile App,Digital Wallet,4,Completed
53552,607,2024-07-24,Online,PayPal,2,Completed
53553,907,2024-11-26,Store,Debit Card,4,Completed
53554,56,2025-07-31,Mobile App,Debit Card,1,Completed
53555,1219,2024-06-25,Mobile App,Debit Card,4,Completed
53556,824,2024-05-02,Online,Digital Wallet,5,Completed
53557,1296,2025-12-11,Mobile App,PayPal,2,Completed
53558,431,2025-08-02,Marketplace,Credit Card,2,Completed
53559,78,2025-05-27,Online,Digital Wallet,2,Completed
53560,476,2025-07-17,Online,Credit Card,3,Completed
53561,500,2025-06-03,Marketplace,Digital Wallet,1,Completed
53562,667,2025-04-03,Online,Debit Card,3,Completed
53563,562,2024-09-14,Mobile App,Debit Card,1,Completed
53564,296,2025-06-21,Mobile App,Digital Wallet,2,Completed
53565,791,2025-12-08,Mobile App,Digital Wallet,3,Completed
53566,1474,2024-08-16,Online,PayPal,1,Cancelled
53567,1097,2024-03-25,Mobile App,Credit Card,5,Returned
53568,515,2024-03-11,Mobile App,Digital Wallet,2,Completed
53569,459,2025-12-14,Store,PayPal,1,Completed
53570,1111,2024-12-23,Online,PayPal,4,Completed
53571,46,2024-09-06,Online,Debit Card,4,Returned
53572,822,2025-12-05,Marketplace,Debit Card,4,Completed
53573,1333,2025-03-21,Online,PayPal,5,Returned
53574,274,2024-09-17,Online,Credit Card,1,Completed
53575,1343,2024-01-12,Online,Digital Wallet,1,Completed
53576,1051,2024-01-23,Online,Credit Card,1,Completed
53577,914,2025-02-08,Mobile App,Digital Wallet,5,Cancelled
53578,813,2025-12-24,Online,Debit Card,1,Completed
53579,715,2024-05-07,Mobile App,Digital Wallet,3,Completed
53580,1247,2025-07-23,Online,Credit Card,2,Completed
53581,642,2024-03-24,Online,Credit Card,3,Completed
53582,472,2025-04-20,Online,PayPal,1,Completed
53583,128,2024-12-31,Online,PayPal,2,Completed
53584,1289,2024-11-04,Online,Debit Card,2,Completed
53585,338,2024-01-15,Marketplace,Credit Card,1,Completed
53586,1122,2025-04-15,Store,Debit Card,2,Completed
53587,152,2024-02-06,Mobile App,Credit Card,3,Completed
53588,920,2025-07-23,Marketplace,PayPal,4,Completed
53589,591,2025-01-28,Mobile App,Credit Card,2,Completed
53590,1015,2025-08-16,Online,Credit Card,4,Completed
53591,706,2024-08-25,Online,PayPal,3,Completed
53592,1268,2025-08-05,Mobile App,Debit Card,2,Completed
53593,1349,2025-02-21,Online,Digital Wallet,4,Completed
53594,776,2025-06-17,Online,Credit Card,4,Completed
53595,104,2024-11-25,Store,Digital Wallet,3,Completed
53596,1361,2025-07-05,Online,Credit Card,3,Completed
53597,1267,2025-12-25,Store,PayPal,2,Returned
53598,1478,2024-02-18,Mobile App,Digital Wallet,2,Completed
53599,951,2024-06-22,Online,Credit Card,3,Completed
53600,688,2025-07-05,Online,Digital Wallet,1,Completed
53601,528,2025-08-28,Marketplace,PayPal,1,Completed
53602,380,2025-11-25,Online,Debit Card,1,Completed
53603,328,2024-12-17,Online,Digital Wallet,1,Completed
53604,1396,2024-12-15,Mobile App,PayPal,2,Completed
53605,488,2024-04-17,Store,PayPal,2,Completed
53606,454,2025-07-27,Store,Debit Card,3,Completed
53607,684,2024-03-04,Marketplace,Credit Card,1,Completed
53608,57,2025-01-28,Online,Credit Card,5,Completed
53609,1120,2025-03-26,Mobile App,PayPal,4,Returned
53610,34,2024-07-28,Store,Debit Card,1,Completed
53611,352,2025-02-09,Store,PayPal,4,Completed
53612,1284,2024-12-06,Store,Credit Card,1,Returned
53613,267,2024-01-10,Online,PayPal,5,Completed
53614,380,2024-10-16,Online,Credit Card,1,Completed
53615,868,2025-11-28,Online,Credit Card,1,Completed
53616,1207,2025-08-09,Marketplace,PayPal,3,Completed
53617,1465,2024-06-04,Online,Debit Card,3,Completed
53618,1113,2024-08-30,Mobile App,Credit Card,4,Completed
53619,866,2025-05-02,Store,Debit Card,1,Completed
53620,904,2024-01-11,Store,PayPal,2,Completed
53621,148,2025-12-04,Store,Debit Card,1,Completed
53622,997,2024-05-10,Mobile App,Digital Wallet,4,Completed
53623,276,2025-09-03,Mobile App,Debit Card,1,Completed
53624,1023,2024-12-26,Marketplace,Debit Card,5,Completed
53625,1256,2025-11-14,Marketplace,Debit Card,3,Completed
53626,1022,2025-11-02,Online,Debit Card,5,Completed
53627,799,2025-05-26,Online,PayPal,3,Completed
53628,1175,2025-12-04,Mobile App,Credit Card,1,Completed
53629,780,2025-05-12,Mobile App,PayPal,2,Completed
53630,1391,2024-08-14,Mobile App,Digital Wallet,5,Completed
53631,1216,2024-04-12,Online,PayPal,1,Completed
53632,1327,2024-09-09,Online,PayPal,1,Completed
53633,1126,2025-02-24,Online,Digital Wallet,2,Completed
53634,1086,2024-10-12,Marketplace,Credit Card,5,Completed
53635,986,2024-07-12,Mobile App,Digital Wallet,2,Completed
53636,783,2024-12-01,Marketplace,Credit Card,4,Completed
53637,1281,2024-08-09,Mobile App,PayPal,3,Completed
53638,73,2025-07-15,Store,Credit Card,5,Completed
53639,1307,2024-09-10,Mobile App,Debit Card,4,Completed
53640,1032,2025-11-22,Online,Debit Card,3,Completed
53641,1024,2025-12-29,Online,PayPal,3,Completed
53642,1390,2025-04-28,Mobile App,Credit Card,2,Completed
53643,886,2025-07-06,Online,PayPal,1,Completed
53644,187,2025-10-12,Mobile App,Credit Card,2,Completed
53645,1321,2025-11-20,Online,PayPal,4,Completed
53646,474,2024-11-28,Mobile App,Debit Card,2,Completed
53647,1399,2025-01-03,Online,PayPal,5,Completed
53648,747,2025-12-01,Mobile App,Digital Wallet,3,Completed
53649,1444,2025-01-28,Mobile App,Credit Card,3,Returned
53650,1370,2025-10-24,Online,PayPal,1,Completed
53651,317,2024-12-21,Online,PayPal,4,Completed
53652,1082,2024-09-02,Online,PayPal,1,Completed
53653,113,2025-08-14,Marketplace,Debit Card,3,Completed
53654,624,2025-05-27,Mobile App,Debit Card,4,Completed
53655,495,2024-08-04,Mobile App,Credit Card,3,Cancelled
53656,1346,2025-01-24,Marketplace,Debit Card,2,Completed
53657,834,2024-10-12,Online,Digital Wallet,3,Completed
53658,150,2025-05-12,Marketplace,Digital Wallet,1,Completed
53659,1278,2025-03-17,Mobile App,Digital Wallet,3,Cancelled
53660,76,2024-04-15,Store,Digital Wallet,4,Returned
53661,327,2024-06-22,Mobile App,Credit Card,3,Completed
53662,810,2024-11-06,Online,Debit Card,3,Completed
53663,1292,2025-01-27,Mobile App,Credit Card,3,Completed
53664,958,2024-02-20,Mobile App,Digital Wallet,5,Completed
53665,1189,2024-10-08,Marketplace,PayPal,4,Completed
53666,1286,2025-07-21,Mobile App,Debit Card,1,Completed
53667,990,2024-07-03,Mobile App,Digital Wallet,1,Completed
53668,1404,2025-11-20,Online,Credit Card,4,Completed
53669,504,2024-08-27,Online,Debit Card,2,Completed
53670,14,2025-12-05,Mobile App,Credit Card,2,Completed
53671,209,2024-11-30,Mobile App,Credit Card,5,Completed
53672,382,2024-01-11,Marketplace,PayPal,1,Returned
53673,384,2024-09-26,Online,PayPal,3,Completed
53674,1418,2024-01-17,Mobile App,Debit Card,4,Completed
53675,28,2025-07-25,Marketplace,Digital Wallet,2,Completed
53676,934,2025-11-26,Marketplace,Credit Card,3,Completed
53677,231,2025-02-08,Store,Digital Wallet,3,Completed
53678,484,2025-09-15,Marketplace,Debit Card,2,Completed
53679,143,2025-08-05,Mobile App,PayPal,4,Cancelled
53680,727,2025-03-28,Marketplace,Credit Card,5,Completed
53681,1500,2025-01-19,Online,Debit Card,2,Completed
53682,1217,2024-08-04,Store,Credit Card,4,Completed
53683,577,2024-11-04,Marketplace,Credit Card,1,Completed
53684,182,2024-04-06,Marketplace,Debit Card,2,Cancelled
53685,1207,2025-12-16,Online,PayPal,3,Completed
53686,1379,2024-08-15,Online,PayPal,2,Completed
53687,547,2025-12-17,Online,PayPal,5,Completed
53688,743,2025-09-24,Online,Credit Card,3,Completed
53689,300,2024-05-26,Online,Debit Card,3,Cancelled
53690,706,2024-05-15,Store,PayPal,3,Completed
53691,922,2024-08-17,Online,Digital Wallet,4,Completed
53692,1401,2024-06-09,Online,Digital Wallet,2,Returned
53693,53,2025-06-04,Marketplace,Debit Card,3,Completed
53694,1097,2024-04-11,Online,PayPal,5,Completed
53695,971,2025-12-29,Marketplace,PayPal,2,Completed
53696,1198,2025-07-23,Mobile App,Digital Wallet,4,Completed
53697,233,2024-07-22,Mobile App,Digital Wallet,3,Completed
53698,854,2024-03-08,Mobile App,Debit Card,1,Completed
53699,361,2025-11-19,Store,Credit Card,4,Completed
53700,1486,2024-05-12,Marketplace,PayPal,3,Completed
53701,523,2024-12-16,Mobile App,Credit Card,4,Completed
53702,1205,2024-12-23,Online,Credit Card,5,Completed
53703,1060,2024-09-09,Marketplace,Debit Card,1,Completed
53704,811,2025-09-19,Store,Credit Card,1,Completed
53705,334,2024-10-21,Mobile App,Credit Card,3,Completed
53706,78,2024-06-09,Online,PayPal,2,Completed
53707,1266,2025-05-16,Store,Digital Wallet,1,Completed
53708,1371,2024-12-12,Online,PayPal,1,Completed
53709,1352,2025-09-11,Mobile App,Credit Card,5,Completed
53710,1083,2024-04-01,Online,Debit Card,4,Completed
53711,108,2025-03-14,Marketplace,Debit Card,2,Completed
53712,1143,2025-02-28,Store,PayPal,3,Completed
53713,1118,2024-05-12,Mobile App,Debit Card,2,Completed
53714,1015,2024-01-11,Online,PayPal,4,Returned
53715,986,2024-04-19,Online,Credit Card,2,Completed
53716,783,2025-07-22,Online,PayPal,4,Completed
53717,527,2025-10-11,Mobile App,Credit Card,1,Completed
53718,430,2024-06-18,Online,Digital Wallet,1,Completed
53719,311,2024-02-17,Online,Digital Wallet,4,Completed
53720,1284,2025-05-29,Mobile App,Credit Card,1,Returned
53721,1027,2024-09-05,Marketplace,Credit Card,1,Completed
53722,5,2024-08-10,Marketplace,PayPal,4,Completed
53723,144,2024-12-27,Online,PayPal,3,Completed
53724,1137,2024-12-04,Online,Credit Card,3,Cancelled
53725,406,2025-12-18,Online,Debit Card,4,Completed
53726,1467,2024-07-07,Store,Credit Card,5,Completed
53727,596,2024-11-14,Online,Debit Card,5,Completed
53728,1488,2025-10-07,Online,Credit Card,1,Completed
53729,415,2025-10-16,Store,Credit Card,5,Completed
53730,1070,2025-07-25,Store,PayPal,5,Returned
53731,817,2024-12-29,Store,Digital Wallet,1,Completed
53732,653,2024-05-04,Online,Credit Card,1,Completed
53733,1229,2024-07-27,Online,Credit Card,5,Completed
53734,593,2024-06-20,Online,Digital Wallet,3,Completed
53735,928,2024-12-20,Marketplace,PayPal,1,Completed
53736,197,2025-03-03,Marketplace,Digital Wallet,2,Completed
53737,780,2024-12-27,Online,Credit Card,2,Completed
53738,723,2024-01-31,Marketplace,Digital Wallet,1,Completed
53739,683,2025-09-17,Mobile App,Credit Card,5,Cancelled
53740,263,2025-04-28,Marketplace,Debit Card,3,Cancelled
53741,320,2025-11-30,Online,PayPal,4,Completed
53742,250,2024-11-21,Marketplace,Debit Card,2,Cancelled
53743,1106,2024-01-25,Online,PayPal,3,Completed
53744,1364,2025-12-30,Store,Debit Card,5,Completed
53745,332,2025-07-23,Online,Digital Wallet,2,Completed
53746,16,2024-11-23,Online,Debit Card,1,Completed
53747,448,2024-10-25,Online,PayPal,1,Completed
53748,211,2025-05-11,Mobile App,PayPal,2,Completed
53749,301,2025-09-15,Online,Digital Wallet,3,Completed
53750,1136,2024-01-14,Mobile App,Debit Card,2,Completed
53751,728,2024-01-30,Store,PayPal,4,Completed
53752,3,2025-02-27,Online,PayPal,1,Completed
53753,274,2025-08-09,Mobile App,Debit Card,1,Completed
53754,1224,2024-04-09,Online,Digital Wallet,4,Completed
53755,876,2025-02-18,Online,Credit Card,2,Completed
53756,763,2024-03-15,Marketplace,Digital Wallet,3,Completed
53757,1122,2024-03-09,Marketplace,Credit Card,2,Completed
53758,165,2025-06-22,Mobile App,Credit Card,4,Completed
53759,923,2024-09-21,Online,Digital Wallet,1,Completed
53760,1104,2024-04-29,Online,Credit Card,5,Cancelled
53761,72,2025-04-02,Marketplace,PayPal,2,Completed
53762,488,2025-03-08,Online,PayPal,2,Completed
53763,249,2024-03-12,Mobile App,Credit Card,2,Completed
53764,203,2024-12-25,Marketplace,PayPal,5,Completed
53765,372,2024-06-10,Mobile App,Debit Card,4,Cancelled
53766,824,2024-09-30,Store,Credit Card,5,Completed
53767,1214,2025-05-05,Online,PayPal,2,Completed
53768,923,2025-12-19,Online,Credit Card,1,Completed
53769,1049,2024-03-24,Online,Credit Card,5,Completed
53770,101,2025-01-17,Marketplace,Digital Wallet,5,Completed
53771,116,2025-10-05,Mobile App,Credit Card,1,Completed
53772,1004,2024-09-19,Online,Credit Card,4,Completed
53773,1364,2024-05-19,Online,PayPal,5,Completed
53774,852,2024-12-17,Online,PayPal,3,Completed
53775,1060,2025-01-14,Store,Debit Card,1,Completed
53776,1263,2024-12-05,Online,Debit Card,2,Completed
53777,1453,2025-07-15,Store,Digital Wallet,4,Completed
53778,968,2025-01-18,Online,Debit Card,5,Cancelled
53779,458,2024-12-19,Mobile App,Digital Wallet,4,Completed
53780,145,2025-09-17,Online,PayPal,4,Completed
53781,637,2024-01-07,Online,Debit Card,4,Completed
53782,918,2025-12-30,Mobile App,PayPal,1,Completed
53783,151,2024-10-31,Online,PayPal,4,Completed
53784,338,2025-10-26,Store,Credit Card,1,Completed
53785,274,2025-12-11,Store,Digital Wallet,1,Completed
53786,303,2024-04-13,Online,Digital Wallet,5,Completed
53787,1404,2024-08-29,Mobile App,Digital Wallet,4,Completed
53788,654,2024-10-08,Marketplace,Digital Wallet,5,Completed
53789,1000,2025-08-18,Online,Digital Wallet,4,Completed
53790,1181,2024-08-24,Mobile App,Digital Wallet,1,Completed
53791,413,2025-09-23,Online,Digital Wallet,5,Completed
53792,383,2025-03-02,Mobile App,Debit Card,4,Returned
53793,1129,2025-09-15,Online,Digital Wallet,3,Completed
53794,1062,2024-08-01,Mobile App,Credit Card,4,Completed
53795,995,2024-08-07,Store,Digital Wallet,3,Completed
53796,882,2024-12-13,Mobile App,Credit Card,3,Completed
53797,1391,2024-11-22,Marketplace,PayPal,5,Completed
53798,616,2024-09-06,Online,PayPal,1,Completed
53799,476,2024-09-27,Store,Credit Card,3,Completed
53800,384,2024-04-26,Online,Credit Card,3,Completed
53801,1428,2025-07-17,Mobile App,PayPal,5,Completed
53802,1080,2024-12-28,Online,Credit Card,2,Completed
53803,1145,2025-05-21,Marketplace,Credit Card,3,Completed
53804,198,2024-08-20,Online,Digital Wallet,1,Completed
53805,216,2024-01-07,Online,Credit Card,3,Completed
53806,76,2024-10-10,Store,Credit Card,4,Completed
53807,142,2025-11-16,Marketplace,Credit Card,1,Completed
53808,158,2024-12-12,Online,Debit Card,3,Completed
53809,317,2024-06-09,Marketplace,Digital Wallet,4,Completed
53810,408,2025-12-19,Online,Credit Card,4,Completed
53811,1453,2025-04-09,Store,Digital Wallet,4,Completed
53812,402,2024-01-05,Marketplace,PayPal,1,Completed
53813,1197,2024-06-17,Mobile App,Debit Card,1,Completed
53814,48,2025-10-27,Mobile App,PayPal,1,Completed
53815,26,2024-05-20,Online,PayPal,3,Completed
53816,1116,2024-01-21,Mobile App,PayPal,3,Completed
53817,825,2025-08-19,Mobile App,Debit Card,5,Completed
53818,1270,2025-04-30,Marketplace,Debit Card,1,Completed
53819,654,2025-06-26,Online,Credit Card,5,Completed
53820,550,2025-12-21,Marketplace,Debit Card,2,Completed
53821,326,2024-07-07,Online,Credit Card,3,Completed
53822,1340,2025-05-10,Mobile App,Digital Wallet,4,Completed
53823,1142,2024-10-25,Mobile App,PayPal,4,Completed
53824,251,2024-02-10,Online,Debit Card,5,Completed
53825,979,2024-10-01,Online,Credit Card,5,Cancelled
53826,534,2024-12-14,Online,PayPal,1,Completed
53827,1131,2025-07-15,Store,Debit Card,4,Completed
53828,1483,2025-01-04,Mobile App,Credit Card,4,Completed
53829,178,2024-02-13,Marketplace,Credit Card,1,Completed
53830,433,2025-11-13,Online,PayPal,4,Completed
53831,166,2025-02-08,Mobile App,PayPal,3,Completed
53832,940,2025-08-19,Marketplace,Credit Card,4,Completed
53833,123,2025-01-14,Marketplace,PayPal,4,Completed
53834,127,2025-09-23,Online,PayPal,2,Completed
53835,654,2025-11-30,Online,Digital Wallet,5,Completed
53836,826,2025-12-26,Online,PayPal,2,Completed
53837,1266,2024-04-15,Mobile App,Debit Card,1,Completed
53838,346,2024-11-10,Mobile App,Credit Card,3,Returned
53839,1261,2025-12-08,Online,Credit Card,5,Completed
53840,240,2025-12-29,Marketplace,PayPal,5,Cancelled
53841,984,2025-03-03,Mobile App,Digital Wallet,3,Completed
53842,858,2024-07-12,Mobile App,PayPal,3,Completed
53843,1327,2024-12-21,Mobile App,Debit Card,1,Returned
53844,455,2024-10-08,Marketplace,PayPal,3,Completed
53845,1167,2024-08-03,Mobile App,Credit Card,2,Completed
53846,529,2025-06-08,Online,Credit Card,4,Completed
53847,18,2025-09-20,Mobile App,PayPal,1,Returned
53848,224,2024-12-11,Online,Digital Wallet,5,Completed
53849,1168,2025-10-22,Mobile App,Debit Card,4,Cancelled
53850,1078,2024-09-06,Mobile App,Credit Card,2,Completed
53851,772,2025-05-27,Online,Debit Card,5,Completed
53852,732,2024-04-16,Mobile App,PayPal,4,Completed
53853,1245,2024-11-08,Mobile App,Debit Card,1,Completed
53854,706,2024-11-11,Mobile App,Credit Card,3,Completed
53855,1012,2025-12-07,Online,PayPal,3,Completed
53856,1198,2025-03-22,Marketplace,Digital Wallet,4,Completed
53857,907,2024-08-25,Mobile App,Debit Card,4,Completed
53858,697,2025-10-02,Online,PayPal,5,Cancelled
53859,293,2024-01-24,Store,PayPal,1,Completed
53860,435,2024-10-07,Online,Debit Card,4,Completed
53861,1475,2024-01-07,Marketplace,PayPal,3,Completed
53862,26,2025-02-23,Online,Credit Card,3,Completed
53863,486,2025-06-15,Online,Digital Wallet,4,Completed
53864,1000,2025-02-07,Store,PayPal,4,Completed
53865,854,2025-11-16,Online,Digital Wallet,1,Completed
53866,40,2025-12-16,Online,Credit Card,3,Completed
53867,607,2025-06-22,Marketplace,Credit Card,2,Completed
53868,51,2025-03-25,Mobile App,Digital Wallet,5,Completed
53869,936,2025-05-29,Mobile App,Credit Card,5,Completed
53870,17,2024-04-14,Marketplace,Digital Wallet,1,Completed
53871,910,2024-03-20,Store,PayPal,2,Completed
53872,662,2024-11-02,Marketplace,Digital Wallet,2,Completed
53873,35,2025-11-26,Marketplace,Digital Wallet,5,Completed
53874,172,2025-05-07,Mobile App,PayPal,3,Completed
53875,21,2024-04-21,Online,Credit Card,1,Completed
53876,135,2025-04-17,Marketplace,Digital Wallet,2,Completed
53877,1290,2025-11-12,Online,Digital Wallet,3,Completed
53878,1216,2025-06-06,Online,Debit Card,1,Completed
53879,1216,2025-10-13,Online,Digital Wallet,1,Completed
53880,394,2025-02-24,Mobile App,PayPal,2,Completed
53881,1313,2025-10-11,Marketplace,Digital Wallet,5,Completed
53882,1080,2024-02-29,Marketplace,Digital Wallet,2,Completed
53883,630,2024-09-07,Marketplace,Credit Card,2,Completed
53884,1290,2025-08-09,Online,Credit Card,3,Completed
53885,947,2024-08-29,Store,Digital Wallet,4,Completed
53886,107,2024-01-23,Online,Credit Card,1,Completed
53887,70,2025-06-02,Store,Digital Wallet,3,Returned
53888,1113,2024-11-22,Online,Digital Wallet,4,Completed
53889,741,2025-05-09,Online,Credit Card,2,Completed
53890,902,2025-09-18,Online,Digital Wallet,2,Completed
53891,1233,2024-03-25,Mobile App,Debit Card,4,Completed
53892,1176,2024-07-12,Mobile App,Debit Card,2,Completed
53893,185,2024-07-22,Mobile App,PayPal,5,Completed
53894,139,2024-12-01,Online,Debit Card,4,Completed
53895,1499,2024-09-22,Store,Digital Wallet,1,Completed
53896,441,2025-09-16,Online,Digital Wallet,1,Completed
53897,170,2025-04-17,Store,Debit Card,5,Completed
53898,766,2024-03-05,Store,PayPal,4,Completed
53899,911,2024-10-10,Online,Digital Wallet,5,Completed
53900,465,2024-01-09,Online,Credit Card,1,Completed
53901,228,2025-01-09,Mobile App,Digital Wallet,3,Returned
53902,1418,2025-12-12,Marketplace,Credit Card,4,Completed
53903,546,2025-09-21,Online,PayPal,4,Completed
53904,1232,2025-12-22,Online,Credit Card,3,Completed
53905,1369,2024-12-06,Online,PayPal,1,Completed
53906,55,2024-03-15,Store,PayPal,5,Completed
53907,624,2024-11-17,Marketplace,PayPal,4,Completed
53908,429,2024-07-22,Store,PayPal,3,Completed
53909,205,2025-01-27,Marketplace,PayPal,1,Completed
53910,1293,2025-06-27,Online,Credit Card,1,Completed
53911,1038,2024-04-29,Mobile App,Digital Wallet,3,Completed
53912,1321,2024-01-19,Mobile App,Debit Card,4,Completed
53913,649,2025-06-20,Online,Credit Card,2,Completed
53914,191,2025-11-07,Store,Credit Card,4,Completed
53915,975,2024-07-03,Online,Debit Card,3,Completed
53916,964,2024-05-30,Marketplace,PayPal,1,Completed
53917,592,2025-04-29,Mobile App,Digital Wallet,2,Completed
53918,136,2024-09-26,Online,Debit Card,4,Completed
53919,325,2024-08-30,Mobile App,PayPal,1,Cancelled
53920,755,2025-07-29,Mobile App,Credit Card,3,Completed
53921,673,2025-11-13,Mobile App,Digital Wallet,5,Completed
53922,964,2025-08-17,Store,Credit Card,1,Completed
53923,170,2024-11-26,Online,Digital Wallet,5,Completed
53924,964,2024-01-30,Mobile App,Credit Card,1,Completed
53925,116,2025-12-29,Mobile App,Digital Wallet,1,Returned
53926,1019,2024-01-01,Mobile App,Credit Card,4,Completed
53927,307,2025-02-27,Online,Digital Wallet,1,Completed
53928,1394,2025-10-21,Mobile App,Debit Card,1,Completed
53929,54,2024-09-11,Online,PayPal,3,Completed
53930,963,2024-02-10,Online,Digital Wallet,2,Completed
53931,1434,2024-11-29,Mobile App,PayPal,2,Completed
53932,1493,2024-04-10,Online,Debit Card,4,Completed
53933,25,2024-04-06,Online,Debit Card,4,Completed
53934,1057,2024-12-03,Online,Credit Card,1,Completed
53935,1175,2024-12-21,Online,Debit Card,1,Completed
53936,795,2024-11-27,Online,PayPal,5,Completed
53937,980,2024-12-13,Mobile App,Debit Card,4,Completed
53938,1093,2024-06-08,Marketplace,Credit Card,5,Completed
53939,1078,2024-05-27,Mobile App,Debit Card,2,Completed
53940,250,2025-12-10,Online,Debit Card,2,Completed
53941,1449,2025-05-29,Mobile App,Credit Card,4,Completed
53942,198,2024-05-06,Online,Credit Card,1,Cancelled
53943,950,2025-10-12,Online,Debit Card,5,Completed
53944,77,2025-11-20,Online,PayPal,3,Completed
53945,64,2024-04-29,Mobile App,Debit Card,3,Completed
53946,590,2025-09-16,Mobile App,Debit Card,1,Returned
53947,64,2025-04-12,Online,PayPal,3,Completed
53948,544,2025-12-20,Store,PayPal,4,Completed
53949,354,2024-12-17,Mobile App,Debit Card,1,Completed
53950,1408,2025-06-03,Online,Credit Card,3,Completed
53951,1034,2025-11-24,Online,Debit Card,1,Completed
53952,1430,2025-02-17,Mobile App,Debit Card,4,Completed
53953,1388,2024-01-03,Online,Credit Card,3,Completed
53954,701,2024-01-25,Online,Credit Card,5,Completed
53955,1363,2024-03-05,Online,PayPal,5,Completed
53956,1027,2025-07-29,Online,Debit Card,1,Completed
53957,593,2025-07-28,Online,Digital Wallet,3,Completed
53958,80,2025-03-08,Store,PayPal,4,Completed
53959,209,2025-08-21,Online,Digital Wallet,5,Completed
53960,1083,2024-04-04,Mobile App,Debit Card,4,Completed
53961,54,2025-06-05,Online,Digital Wallet,3,Completed
53962,1194,2025-02-11,Online,Credit Card,1,Completed
53963,416,2024-01-09,Mobile App,Credit Card,4,Returned
53964,252,2025-05-04,Online,Credit Card,4,Completed
53965,879,2024-04-19,Mobile App,Debit Card,2,Completed
53966,831,2024-12-26,Mobile App,Credit Card,3,Completed
53967,115,2024-05-01,Mobile App,Credit Card,1,Completed
53968,545,2025-12-29,Store,PayPal,1,Completed
53969,367,2025-12-28,Online,Credit Card,3,Completed
53970,445,2024-01-24,Mobile App,Debit Card,3,Completed
53971,594,2024-03-01,Online,Digital Wallet,5,Completed
53972,1296,2024-02-23,Mobile App,Digital Wallet,2,Completed
53973,820,2025-11-24,Online,Debit Card,5,Completed
53974,576,2024-07-31,Online,PayPal,4,Completed
53975,1218,2025-12-04,Online,Debit Card,3,Completed
53976,1342,2024-03-29,Mobile App,Debit Card,3,Returned
53977,774,2025-12-20,Mobile App,PayPal,1,Completed
53978,968,2024-12-22,Mobile App,Debit Card,5,Completed
53979,1077,2025-03-20,Mobile App,Credit Card,2,Completed
53980,1466,2024-10-07,Mobile App,Debit Card,4,Completed
53981,1121,2024-08-09,Mobile App,Credit Card,5,Completed
53982,53,2025-11-03,Marketplace,Credit Card,3,Completed
53983,840,2024-10-08,Mobile App,PayPal,2,Completed
53984,1171,2025-10-10,Store,Digital Wallet,5,Completed
53985,498,2025-11-17,Store,Digital Wallet,3,Completed
53986,446,2024-09-03,Online,Credit Card,2,Completed
53987,1027,2024-12-17,Mobile App,Debit Card,1,Completed
53988,1417,2024-09-18,Online,Digital Wallet,5,Completed
53989,912,2025-11-13,Mobile App,Credit Card,3,Completed
53990,788,2025-11-01,Mobile App,Debit Card,4,Completed
53991,1387,2024-06-17,Store,PayPal,3,Completed
53992,904,2024-04-25,Online,PayPal,2,Returned
53993,1284,2024-01-14,Online,Credit Card,1,Returned
53994,597,2024-06-24,Online,Debit Card,2,Completed
53995,1253,2024-07-12,Marketplace,Digital Wallet,5,Returned
53996,283,2024-05-13,Mobile App,PayPal,3,Completed
53997,890,2025-09-15,Marketplace,Debit Card,4,Completed
53998,1479,2025-09-28,Mobile App,Digital Wallet,4,Completed
53999,1256,2025-07-03,Online,Debit Card,3,Completed
54000,363,2024-11-07,Online,PayPal,1,Completed
54001,854,2024-07-05,Store,Credit Card,1,Completed
54002,729,2024-05-31,Mobile App,Credit Card,2,Completed
54003,233,2024-09-11,Mobile App,Digital Wallet,3,Completed
54004,50,2025-12-26,Marketplace,Digital Wallet,2,Completed
54005,1002,2025-05-09,Online,Debit Card,1,Completed
54006,25,2024-04-01,Mobile App,Credit Card,4,Completed
54007,8,2025-06-26,Online,Credit Card,4,Returned
54008,114,2025-02-07,Online,Debit Card,5,Completed
54009,284,2025-12-26,Mobile App,PayPal,3,Returned
54010,1260,2024-01-24,Marketplace,Debit Card,3,Completed
54011,905,2024-01-12,Online,Debit Card,2,Returned
54012,420,2025-05-26,Online,Credit Card,3,Completed
54013,1186,2025-08-05,Online,PayPal,4,Completed
54014,204,2025-03-09,Mobile App,Digital Wallet,1,Completed
54015,470,2024-11-08,Store,Credit Card,4,Completed
54016,801,2024-05-22,Marketplace,Credit Card,5,Completed
54017,1042,2025-07-30,Marketplace,Digital Wallet,4,Completed
54018,703,2024-06-08,Marketplace,Credit Card,1,Completed
54019,441,2024-07-18,Online,Debit Card,1,Completed
54020,161,2025-12-05,Online,PayPal,4,Completed
54021,1406,2025-12-11,Mobile App,Credit Card,4,Completed
54022,676,2025-01-04,Online,Credit Card,3,Completed
54023,125,2024-11-22,Mobile App,Credit Card,1,Completed
54024,934,2024-03-19,Online,Digital Wallet,3,Cancelled
54025,695,2024-11-27,Marketplace,Credit Card,3,Completed
54026,802,2024-09-19,Online,Credit Card,3,Completed
54027,719,2025-10-26,Store,Debit Card,3,Completed
54028,1405,2024-08-23,Online,Digital Wallet,1,Completed
54029,1220,2024-03-09,Online,Debit Card,1,Completed
54030,327,2024-12-08,Online,PayPal,3,Completed
54031,176,2025-11-21,Online,Debit Card,2,Completed
54032,1474,2024-11-27,Store,Credit Card,1,Completed
54033,854,2025-08-09,Mobile App,Debit Card,1,Completed
54034,921,2024-08-27,Mobile App,Debit Card,5,Completed
54035,185,2024-11-11,Online,Credit Card,5,Completed
54036,302,2025-09-03,Online,Debit Card,2,Completed
54037,23,2025-06-09,Mobile App,Credit Card,5,Completed
54038,153,2024-05-28,Mobile App,Credit Card,2,Returned
54039,181,2025-09-14,Marketplace,Debit Card,4,Completed
54040,210,2024-12-28,Online,PayPal,3,Completed
54041,266,2024-05-02,Online,Debit Card,1,Completed
54042,730,2024-04-28,Mobile App,PayPal,4,Completed
54043,116,2025-02-06,Marketplace,PayPal,1,Completed
54044,127,2025-05-14,Store,Credit Card,2,Completed
54045,855,2025-12-09,Online,PayPal,3,Completed
54046,329,2024-04-06,Store,PayPal,5,Completed
54047,750,2025-08-09,Marketplace,Credit Card,3,Completed
54048,1000,2025-02-02,Online,PayPal,4,Returned
54049,1366,2024-12-29,Marketplace,Credit Card,1,Completed
54050,223,2025-12-06,Marketplace,PayPal,3,Completed
54051,435,2024-07-10,Online,Credit Card,4,Completed
54052,165,2025-10-10,Marketplace,Credit Card,4,Returned
54053,1329,2024-06-07,Store,PayPal,4,Completed
54054,789,2025-03-10,Store,Debit Card,2,Completed
54055,1442,2025-05-17,Online,Debit Card,5,Completed
54056,1248,2025-01-01,Mobile App,PayPal,2,Completed
54057,58,2024-11-06,Mobile App,Debit Card,3,Completed
54058,73,2025-10-31,Store,Digital Wallet,5,Completed
54059,1080,2024-01-10,Marketplace,Debit Card,2,Completed
54060,1307,2025-12-02,Mobile App,Debit Card,4,Returned
54061,727,2025-12-12,Online,Debit Card,5,Completed
54062,160,2024-04-28,Mobile App,Credit Card,5,Completed
54063,991,2024-04-10,Mobile App,PayPal,1,Cancelled
54064,1405,2024-07-25,Online,Digital Wallet,1,Completed
54065,878,2025-07-19,Mobile App,Debit Card,3,Completed
54066,1389,2024-11-10,Mobile App,PayPal,1,Completed
54067,39,2024-11-10,Mobile App,PayPal,3,Completed
54068,428,2024-03-23,Online,Digital Wallet,5,Completed
54069,306,2025-09-30,Online,Digital Wallet,4,Completed
54070,47,2025-07-10,Online,PayPal,3,Completed
54071,343,2024-12-04,Marketplace,Digital Wallet,2,Cancelled
54072,497,2025-01-31,Online,Digital Wallet,1,Completed
54073,15,2025-06-05,Online,Debit Card,2,Completed
54074,512,2024-12-13,Online,PayPal,2,Returned
54075,1032,2024-05-30,Online,Credit Card,3,Completed
54076,543,2025-03-13,Online,Credit Card,3,Completed
54077,638,2024-10-19,Store,Debit Card,1,Completed
54078,957,2025-12-24,Marketplace,Debit Card,4,Completed
54079,1163,2025-09-10,Marketplace,Credit Card,5,Completed
54080,595,2024-09-29,Online,Credit Card,4,Completed
54081,345,2024-08-13,Marketplace,Digital Wallet,5,Completed
54082,1254,2025-07-31,Mobile App,Debit Card,3,Completed
54083,1239,2025-08-29,Online,Debit Card,2,Completed
54084,1104,2025-01-22,Mobile App,PayPal,5,Completed
54085,449,2024-10-16,Store,Debit Card,4,Completed
54086,1213,2025-02-21,Mobile App,Digital Wallet,3,Completed
54087,487,2025-12-19,Marketplace,PayPal,2,Completed
54088,1284,2025-07-22,Online,Credit Card,1,Completed
54089,289,2025-06-13,Store,PayPal,4,Completed
54090,552,2024-04-22,Online,Debit Card,2,Returned
54091,686,2025-12-27,Marketplace,PayPal,4,Completed
54092,1047,2025-12-20,Online,Debit Card,3,Completed
54093,948,2024-07-30,Online,Credit Card,4,Completed
54094,1449,2024-05-12,Online,Digital Wallet,4,Completed
54095,129,2025-12-07,Mobile App,Debit Card,2,Completed
54096,6,2024-04-05,Online,PayPal,4,Completed
54097,914,2024-01-11,Mobile App,Debit Card,5,Completed
54098,6,2024-09-01,Online,PayPal,4,Completed
54099,773,2025-12-23,Store,Debit Card,4,Completed
54100,1221,2025-12-29,Store,Digital Wallet,4,Completed
54101,840,2024-09-29,Online,Debit Card,2,Completed
54102,1044,2024-08-25,Mobile App,Digital Wallet,3,Completed
54103,1469,2025-09-21,Online,Debit Card,5,Completed
54104,114,2025-01-28,Online,Credit Card,5,Completed
54105,404,2024-12-05,Online,PayPal,4,Completed
54106,1232,2025-06-01,Online,Digital Wallet,3,Completed
54107,1442,2025-03-13,Mobile App,Credit Card,5,Completed
54108,130,2025-03-07,Mobile App,Credit Card,1,Completed
54109,207,2024-06-24,Store,PayPal,3,Completed
54110,945,2024-08-26,Store,PayPal,1,Returned
54111,1249,2024-02-16,Online,Digital Wallet,4,Completed
54112,1316,2025-12-12,Online,PayPal,4,Completed
54113,351,2024-11-07,Marketplace,Digital Wallet,5,Completed
54114,1345,2024-03-12,Online,Debit Card,1,Completed
54115,1332,2025-08-27,Mobile App,Debit Card,5,Completed
54116,792,2025-02-09,Online,Debit Card,3,Completed
54117,1179,2024-03-11,Mobile App,Digital Wallet,3,Returned
54118,349,2024-06-14,Online,Digital Wallet,1,Completed
54119,544,2025-08-08,Mobile App,PayPal,4,Completed
54120,1302,2025-08-22,Mobile App,Credit Card,4,Completed
54121,440,2025-10-22,Online,Credit Card,2,Completed
54122,875,2025-04-11,Online,Digital Wallet,5,Completed
54123,1315,2024-08-28,Online,PayPal,4,Completed
54124,448,2024-06-21,Online,Credit Card,1,Completed
54125,759,2024-05-31,Mobile App,PayPal,4,Completed
54126,1013,2024-08-03,Marketplace,PayPal,1,Completed
54127,347,2025-05-27,Online,Debit Card,2,Completed
54128,1091,2025-12-22,Online,Digital Wallet,4,Cancelled
54129,1390,2025-08-14,Online,Debit Card,2,Returned
54130,865,2024-05-30,Marketplace,Credit Card,5,Completed
54131,567,2025-08-17,Marketplace,Digital Wallet,2,Completed
54132,985,2024-11-01,Mobile App,PayPal,4,Completed
54133,1268,2024-10-29,Mobile App,PayPal,2,Completed
54134,675,2024-03-17,Online,Credit Card,5,Completed
54135,619,2025-08-13,Mobile App,Debit Card,3,Completed
54136,1024,2024-10-29,Online,Credit Card,3,Completed
54137,480,2025-05-16,Mobile App,Debit Card,2,Completed
54138,472,2025-05-21,Mobile App,Digital Wallet,1,Completed
54139,743,2024-12-15,Store,PayPal,3,Completed
54140,515,2024-07-18,Online,Debit Card,2,Completed
54141,571,2024-10-09,Online,Digital Wallet,1,Completed
54142,907,2024-01-23,Store,PayPal,4,Completed
54143,1427,2024-01-26,Marketplace,Credit Card,1,Cancelled
54144,1037,2025-02-06,Mobile App,PayPal,5,Completed
54145,666,2024-12-10,Online,Debit Card,2,Completed
54146,374,2025-04-06,Marketplace,Debit Card,4,Completed
54147,1370,2025-07-21,Marketplace,Debit Card,1,Completed
54148,1367,2024-03-26,Marketplace,Credit Card,4,Completed
54149,1314,2025-04-15,Mobile App,Debit Card,2,Completed
54150,901,2024-11-27,Mobile App,PayPal,2,Completed
54151,235,2025-11-16,Online,Debit Card,2,Completed
54152,513,2024-08-17,Online,PayPal,2,Completed
54153,777,2025-10-26,Store,PayPal,2,Completed
54154,196,2024-06-02,Online,Debit Card,1,Completed
54155,35,2024-01-12,Online,Credit Card,5,Completed
54156,45,2024-11-04,Marketplace,Credit Card,3,Completed
54157,93,2024-12-12,Online,Digital Wallet,5,Completed
54158,991,2024-05-26,Online,Debit Card,1,Completed
54159,406,2024-04-28,Mobile App,Digital Wallet,4,Completed
54160,537,2025-03-19,Online,Digital Wallet,3,Completed
54161,258,2025-07-23,Marketplace,Debit Card,2,Completed
54162,1397,2025-02-01,Online,Debit Card,2,Completed
54163,473,2025-03-21,Online,Digital Wallet,2,Completed
54164,382,2024-06-08,Store,Debit Card,1,Returned
54165,1342,2025-08-03,Online,Credit Card,3,Completed
54166,101,2024-08-14,Online,Digital Wallet,5,Completed
54167,4,2025-04-06,Marketplace,Credit Card,1,Returned
54168,99,2024-06-09,Mobile App,Debit Card,2,Completed
54169,518,2025-08-23,Online,Debit Card,3,Completed
54170,70,2024-12-02,Online,PayPal,3,Returned
54171,880,2025-05-13,Online,Credit Card,4,Completed
54172,1391,2025-03-13,Online,Digital Wallet,5,Completed
54173,551,2025-06-12,Mobile App,Credit Card,2,Completed
54174,1130,2025-08-04,Online,Digital Wallet,3,Completed
54175,266,2024-01-21,Mobile App,Debit Card,1,Cancelled
54176,776,2025-05-13,Online,Credit Card,4,Completed
54177,1457,2025-02-04,Mobile App,Credit Card,3,Completed
54178,290,2025-06-29,Online,Credit Card,3,Completed
54179,833,2025-04-30,Online,Debit Card,5,Completed
54180,681,2025-01-12,Store,Debit Card,1,Completed
54181,572,2024-03-30,Online,PayPal,2,Completed
54182,1288,2025-01-28,Mobile App,Digital Wallet,1,Completed
54183,215,2025-02-22,Online,Debit Card,4,Completed
54184,391,2025-10-22,Marketplace,PayPal,4,Cancelled
54185,1357,2024-08-24,Mobile App,Debit Card,1,Completed
54186,368,2024-06-02,Store,Debit Card,1,Completed
54187,1206,2025-02-01,Mobile App,Debit Card,5,Completed
54188,1056,2025-11-21,Online,Credit Card,3,Completed
54189,111,2025-01-16,Store,Digital Wallet,1,Completed
54190,887,2024-08-21,Store,Credit Card,1,Completed
54191,440,2025-12-03,Online,Digital Wallet,2,Returned
54192,229,2024-01-23,Online,PayPal,1,Completed
54193,59,2025-08-26,Online,Credit Card,5,Completed
54194,1198,2024-08-13,Mobile App,Digital Wallet,4,Completed
54195,713,2025-11-06,Online,Digital Wallet,1,Returned
54196,1077,2025-12-15,Mobile App,Debit Card,2,Completed
54197,1427,2025-10-24,Mobile App,PayPal,1,Completed
54198,951,2025-10-21,Mobile App,Credit Card,3,Completed
54199,1206,2025-12-03,Mobile App,Credit Card,5,Completed
54200,454,2025-12-23,Store,PayPal,3,Completed
54201,851,2025-06-19,Marketplace,Digital Wallet,5,Completed
54202,1108,2024-10-31,Mobile App,Digital Wallet,3,Completed
54203,168,2025-10-22,Online,Debit Card,2,Returned
54204,1217,2025-11-12,Online,PayPal,4,Completed
54205,1214,2024-09-13,Online,Debit Card,2,Completed
54206,812,2025-06-04,Marketplace,Credit Card,4,Completed
54207,30,2025-11-25,Online,Debit Card,3,Completed
54208,9,2024-10-08,Mobile App,PayPal,4,Completed
54209,1416,2025-11-27,Marketplace,Digital Wallet,5,Completed
54210,327,2024-09-30,Online,Digital Wallet,3,Completed
54211,256,2024-05-10,Store,Credit Card,2,Completed
54212,1116,2024-02-08,Marketplace,PayPal,3,Completed
54213,360,2025-12-22,Online,Credit Card,1,Completed
54214,1048,2025-10-23,Store,PayPal,1,Returned
54215,1103,2024-03-13,Marketplace,Debit Card,4,Completed
54216,1000,2024-01-07,Marketplace,Credit Card,4,Completed
54217,1416,2025-11-06,Mobile App,Credit Card,5,Completed
54218,718,2024-06-02,Mobile App,PayPal,1,Completed
54219,1229,2024-04-05,Online,PayPal,5,Completed
54220,1476,2025-11-21,Mobile App,Debit Card,5,Completed
54221,897,2024-04-27,Online,Digital Wallet,2,Completed
54222,1226,2024-10-10,Store,Digital Wallet,1,Completed
54223,193,2024-10-02,Mobile App,PayPal,4,Cancelled
54224,1014,2025-04-18,Online,Debit Card,4,Completed
54225,1422,2025-06-26,Marketplace,PayPal,1,Completed
54226,60,2025-03-23,Mobile App,PayPal,2,Completed
54227,1464,2024-03-22,Marketplace,PayPal,4,Completed
54228,299,2024-11-09,Mobile App,Debit Card,2,Completed
54229,783,2025-09-29,Store,Credit Card,4,Completed
54230,399,2025-05-10,Online,Digital Wallet,4,Completed
54231,948,2025-04-30,Online,Debit Card,4,Completed
54232,447,2024-05-29,Online,Digital Wallet,3,Returned
54233,612,2024-06-13,Marketplace,Credit Card,4,Completed
54234,159,2025-07-04,Mobile App,Debit Card,2,Completed
54235,613,2025-04-20,Online,Credit Card,1,Completed
54236,809,2025-05-14,Marketplace,PayPal,5,Completed
54237,1401,2025-12-02,Online,PayPal,2,Cancelled
54238,853,2024-08-19,Marketplace,Debit Card,5,Completed
54239,1126,2025-01-28,Marketplace,Credit Card,2,Completed
54240,232,2024-11-07,Mobile App,Debit Card,4,Completed
54241,727,2025-12-26,Mobile App,Debit Card,5,Completed
54242,194,2024-08-30,Mobile App,PayPal,2,Completed
54243,293,2025-07-17,Online,Credit Card,1,Completed
54244,1294,2025-04-29,Mobile App,Digital Wallet,5,Completed
54245,634,2024-09-07,Mobile App,PayPal,1,Completed
54246,356,2025-07-29,Online,Digital Wallet,3,Completed
54247,161,2024-04-01,Online,Credit Card,4,Completed
54248,682,2024-08-13,Marketplace,Debit Card,4,Completed
54249,689,2025-03-21,Online,Credit Card,5,Completed
54250,1012,2024-12-27,Mobile App,Digital Wallet,3,Completed
54251,903,2025-11-13,Marketplace,Debit Card,2,Completed
54252,125,2024-10-22,Marketplace,PayPal,1,Completed
54253,451,2025-12-13,Online,PayPal,1,Completed
54254,117,2025-03-25,Store,Debit Card,1,Completed
54255,528,2024-10-11,Online,Debit Card,1,Completed
54256,733,2024-12-02,Marketplace,PayPal,5,Completed
54257,408,2024-12-23,Mobile App,Debit Card,4,Completed
54258,221,2025-01-19,Mobile App,PayPal,3,Cancelled
54259,182,2024-03-06,Marketplace,PayPal,2,Completed
54260,756,2025-01-11,Mobile App,Credit Card,4,Completed
54261,440,2024-01-28,Online,Credit Card,2,Completed
54262,657,2024-09-07,Marketplace,Digital Wallet,2,Cancelled
54263,1110,2025-01-22,Marketplace,Digital Wallet,5,Completed
54264,554,2025-06-10,Marketplace,Digital Wallet,5,Completed
54265,332,2024-07-03,Mobile App,Credit Card,2,Completed
54266,1342,2025-09-27,Store,Debit Card,3,Completed
54267,1220,2024-07-28,Online,Debit Card,1,Completed
54268,749,2025-05-02,Online,Debit Card,1,Completed
54269,1372,2024-04-21,Marketplace,Digital Wallet,5,Completed
54270,1106,2024-02-04,Mobile App,Digital Wallet,3,Completed
54271,814,2025-12-02,Online,PayPal,1,Completed
54272,205,2024-07-02,Marketplace,Debit Card,1,Returned
54273,1004,2024-11-08,Online,Debit Card,4,Completed
54274,87,2025-06-28,Online,Credit Card,1,Completed
54275,485,2024-01-02,Mobile App,Debit Card,3,Completed
54276,335,2024-10-23,Online,Digital Wallet,1,Completed
54277,400,2024-10-13,Online,PayPal,4,Completed
54278,504,2024-06-07,Online,Digital Wallet,2,Completed
54279,388,2024-11-10,Mobile App,Digital Wallet,2,Completed
54280,1481,2025-05-12,Online,Digital Wallet,4,Completed
54281,628,2024-05-15,Online,Credit Card,5,Completed
54282,162,2025-01-27,Store,Digital Wallet,4,Completed
54283,758,2024-12-25,Marketplace,Credit Card,5,Completed
54284,751,2024-11-20,Marketplace,Credit Card,5,Completed
54285,715,2025-03-26,Store,Digital Wallet,3,Completed
54286,992,2025-08-15,Mobile App,Digital Wallet,3,Completed
54287,1435,2025-08-27,Online,Debit Card,1,Completed
54288,1004,2025-01-26,Mobile App,Debit Card,4,Completed
54289,160,2025-03-19,Store,PayPal,5,Completed
54290,1405,2025-11-05,Online,Credit Card,1,Completed
54291,802,2025-11-15,Store,Digital Wallet,3,Completed
54292,764,2025-12-19,Online,Credit Card,1,Completed
54293,717,2024-04-20,Mobile App,Credit Card,5,Completed
54294,974,2025-04-24,Mobile App,Credit Card,3,Completed
54295,1013,2025-04-19,Online,Digital Wallet,1,Completed
54296,223,2024-06-18,Online,Digital Wallet,3,Completed
54297,468,2024-09-20,Marketplace,Digital Wallet,3,Completed
54298,808,2024-01-25,Marketplace,Digital Wallet,4,Returned
54299,135,2025-11-04,Store,Credit Card,2,Completed
54300,1345,2024-03-28,Online,Credit Card,1,Cancelled
54301,312,2024-10-09,Online,PayPal,5,Completed
54302,601,2024-07-13,Online,Debit Card,3,Returned
54303,559,2024-02-23,Mobile App,Digital Wallet,2,Completed
54304,221,2024-10-14,Mobile App,Credit Card,3,Completed
54305,194,2024-12-02,Mobile App,Credit Card,2,Completed
54306,594,2024-10-05,Mobile App,Credit Card,5,Returned
54307,434,2024-01-04,Store,PayPal,4,Completed
54308,1479,2024-11-10,Online,Credit Card,4,Completed
54309,211,2025-05-17,Online,PayPal,2,Completed
54310,823,2024-03-09,Store,Digital Wallet,1,Returned
54311,68,2024-02-18,Mobile App,PayPal,1,Completed
54312,384,2024-09-16,Online,Digital Wallet,3,Cancelled
54313,1233,2025-08-19,Mobile App,Digital Wallet,4,Completed
54314,1071,2024-06-24,Online,Credit Card,1,Completed
54315,64,2024-07-09,Online,Debit Card,3,Completed
54316,614,2025-08-20,Online,Digital Wallet,5,Completed
54317,855,2025-05-16,Marketplace,PayPal,3,Completed
54318,465,2024-07-25,Online,Debit Card,1,Completed
54319,1467,2025-12-18,Online,PayPal,5,Returned
54320,1292,2025-05-08,Online,Credit Card,3,Completed
54321,349,2025-02-18,Online,PayPal,1,Completed
54322,509,2025-09-06,Mobile App,PayPal,2,Completed
54323,1008,2025-05-18,Mobile App,Digital Wallet,4,Completed
54324,1061,2025-06-14,Online,Digital Wallet,2,Completed
54325,712,2024-01-05,Marketplace,Digital Wallet,5,Completed
54326,1420,2024-05-09,Marketplace,Debit Card,5,Completed
54327,880,2025-01-25,Mobile App,PayPal,4,Completed
54328,1336,2024-11-21,Mobile App,PayPal,5,Completed
54329,1280,2025-07-18,Marketplace,PayPal,3,Completed
54330,575,2024-10-24,Mobile App,Digital Wallet,3,Completed
54331,1045,2024-12-12,Online,Debit Card,3,Completed
54332,122,2024-09-19,Online,PayPal,5,Completed
54333,1318,2025-10-04,Marketplace,PayPal,4,Returned
54334,1256,2025-06-07,Online,Credit Card,3,Returned
54335,822,2025-03-21,Online,PayPal,4,Completed
54336,374,2025-05-18,Store,Debit Card,4,Completed
54337,766,2024-10-25,Online,PayPal,4,Completed
54338,1330,2025-01-24,Online,Credit Card,5,Completed
54339,940,2025-01-27,Mobile App,Credit Card,4,Completed
54340,641,2025-07-28,Mobile App,Debit Card,2,Completed
54341,527,2025-04-21,Mobile App,Credit Card,1,Completed
54342,773,2024-06-27,Marketplace,Digital Wallet,4,Completed
54343,1233,2025-12-28,Online,Debit Card,4,Completed
54344,905,2025-04-14,Online,Digital Wallet,2,Returned
54345,48,2025-12-23,Marketplace,PayPal,1,Completed
54346,1377,2024-04-21,Marketplace,Digital Wallet,1,Completed
54347,404,2025-10-27,Mobile App,Credit Card,4,Completed
54348,928,2024-10-03,Mobile App,Debit Card,1,Completed
54349,912,2025-06-30,Online,Debit Card,3,Completed
54350,1245,2024-01-01,Online,Digital Wallet,1,Completed
54351,694,2025-12-14,Store,Debit Card,3,Completed
54352,1438,2024-11-30,Mobile App,Debit Card,4,Completed
54353,1088,2025-06-28,Mobile App,Digital Wallet,2,Completed
54354,851,2024-04-12,Mobile App,Digital Wallet,5,Completed
54355,431,2025-04-11,Online,Credit Card,2,Completed
54356,1324,2025-06-09,Online,Digital Wallet,3,Completed
54357,533,2025-07-31,Mobile App,Debit Card,3,Completed
54358,123,2024-04-04,Online,Debit Card,4,Completed
54359,1243,2024-09-18,Mobile App,Digital Wallet,2,Completed
54360,920,2024-09-12,Online,Digital Wallet,4,Completed
54361,1156,2024-08-17,Online,Digital Wallet,2,Completed
54362,815,2024-04-06,Mobile App,Digital Wallet,3,Completed
54363,334,2025-09-25,Store,Debit Card,3,Completed
54364,771,2024-08-30,Marketplace,PayPal,5,Completed
54365,513,2025-04-21,Online,Credit Card,2,Completed
54366,1133,2024-09-17,Online,PayPal,3,Completed
54367,967,2025-04-21,Marketplace,Digital Wallet,5,Completed
54368,170,2024-01-29,Online,Debit Card,5,Returned
54369,1083,2024-06-16,Marketplace,Debit Card,4,Completed
54370,273,2024-09-08,Online,PayPal,5,Completed
54371,1072,2024-01-02,Online,PayPal,4,Completed
54372,230,2025-08-16,Online,Debit Card,1,Completed
54373,1312,2025-03-03,Online,PayPal,4,Completed
54374,340,2024-12-20,Marketplace,Digital Wallet,4,Completed
54375,172,2025-09-05,Marketplace,Credit Card,3,Completed
54376,261,2024-10-23,Online,PayPal,1,Completed
54377,339,2025-06-18,Marketplace,Debit Card,4,Completed
54378,145,2025-08-05,Marketplace,Credit Card,4,Completed
54379,1008,2025-06-01,Mobile App,Credit Card,4,Completed
54380,893,2025-02-17,Marketplace,Digital Wallet,5,Returned
54381,555,2024-05-07,Mobile App,Credit Card,4,Completed
54382,474,2024-08-31,Marketplace,PayPal,2,Completed
54383,973,2025-09-29,Mobile App,Credit Card,4,Completed
54384,991,2025-01-14,Store,Debit Card,1,Completed
54385,1423,2025-01-13,Online,Debit Card,3,Completed
54386,1251,2024-12-19,Online,Digital Wallet,1,Completed
54387,1270,2024-07-07,Mobile App,Digital Wallet,1,Completed
54388,136,2024-05-04,Store,Credit Card,4,Cancelled
54389,1350,2024-10-14,Marketplace,Debit Card,2,Completed
54390,1171,2025-11-23,Mobile App,Credit Card,5,Completed
54391,103,2025-01-26,Store,Digital Wallet,3,Completed
54392,221,2024-12-14,Online,Digital Wallet,3,Completed
54393,1384,2024-01-14,Mobile App,Digital Wallet,2,Completed
54394,274,2025-08-09,Store,PayPal,1,Completed
54395,1139,2025-09-20,Mobile App,Digital Wallet,1,Returned
54396,1382,2024-05-30,Mobile App,PayPal,5,Completed
54397,316,2025-06-24,Store,Debit Card,2,Completed
54398,131,2024-12-24,Mobile App,Credit Card,5,Completed
54399,1111,2025-02-20,Mobile App,Debit Card,4,Completed
54400,1232,2025-09-17,Mobile App,Digital Wallet,3,Completed
54401,1289,2024-07-08,Online,Debit Card,2,Completed
54402,812,2025-05-09,Mobile App,Credit Card,4,Completed
54403,64,2024-03-02,Online,Debit Card,3,Completed
54404,998,2025-01-10,Marketplace,PayPal,4,Completed
54405,574,2024-03-24,Mobile App,Digital Wallet,5,Completed
54406,931,2025-04-18,Marketplace,Digital Wallet,5,Completed
54407,1163,2024-12-11,Online,Digital Wallet,5,Completed
54408,536,2025-04-10,Online,PayPal,3,Completed
54409,1491,2024-08-02,Online,Credit Card,3,Completed
54410,687,2024-11-24,Mobile App,PayPal,5,Completed
54411,1273,2025-11-08,Store,Debit Card,5,Completed
54412,1050,2024-05-02,Mobile App,Debit Card,3,Completed
54413,1140,2025-08-24,Mobile App,Debit Card,1,Completed
54414,1444,2024-03-28,Online,PayPal,3,Completed
54415,1314,2024-04-04,Online,PayPal,2,Completed
54416,806,2024-12-09,Marketplace,Digital Wallet,3,Completed
54417,847,2025-12-29,Online,Credit Card,2,Completed
54418,1192,2024-09-27,Online,PayPal,5,Completed
54419,706,2025-05-18,Marketplace,Credit Card,3,Completed
54420,373,2025-11-14,Marketplace,Credit Card,4,Completed
54421,879,2025-10-14,Online,Digital Wallet,2,Completed
54422,963,2025-10-04,Marketplace,Debit Card,2,Completed
54423,804,2024-11-29,Online,Credit Card,1,Completed
54424,959,2024-02-11,Online,Digital Wallet,5,Completed
54425,291,2025-11-04,Store,Credit Card,5,Completed
54426,512,2024-07-02,Mobile App,Debit Card,2,Cancelled
54427,1108,2024-12-13,Mobile App,Credit Card,3,Completed
54428,237,2025-03-20,Online,Debit Card,1,Completed
54429,167,2024-12-24,Store,PayPal,5,Completed
54430,390,2024-03-09,Online,Debit Card,3,Completed
54431,683,2025-06-19,Marketplace,Digital Wallet,5,Completed
54432,1269,2024-03-21,Mobile App,Digital Wallet,4,Completed
54433,1422,2024-08-25,Mobile App,Credit Card,1,Completed
54434,500,2025-01-06,Online,Digital Wallet,1,Completed
54435,522,2025-05-07,Online,Debit Card,5,Completed
54436,1146,2024-02-08,Online,Digital Wallet,5,Completed
54437,50,2024-11-28,Mobile App,Credit Card,2,Completed
54438,652,2024-05-14,Online,Credit Card,2,Completed
54439,851,2025-11-09,Online,Debit Card,5,Completed
54440,1410,2025-04-22,Online,PayPal,3,Completed
54441,153,2024-09-19,Online,Credit Card,2,Completed
54442,254,2025-04-08,Online,Debit Card,1,Completed
54443,904,2025-07-18,Online,Credit Card,2,Completed
54444,826,2024-10-01,Online,Credit Card,2,Completed
54445,103,2024-12-23,Online,Debit Card,3,Completed
54446,1168,2025-09-08,Marketplace,PayPal,4,Completed
54447,644,2025-08-16,Marketplace,Digital Wallet,2,Completed
54448,1440,2025-08-21,Marketplace,PayPal,4,Completed
54449,40,2024-09-21,Marketplace,PayPal,3,Completed
54450,749,2025-08-28,Online,Debit Card,1,Completed
54451,403,2024-01-19,Mobile App,PayPal,5,Completed
54452,971,2025-09-11,Online,Debit Card,2,Completed
54453,743,2025-03-30,Marketplace,Credit Card,3,Returned
54454,1024,2025-11-10,Online,Credit Card,3,Completed
54455,687,2025-03-07,Online,PayPal,5,Completed
54456,178,2025-11-20,Mobile App,PayPal,1,Completed
54457,507,2024-10-27,Online,Credit Card,4,Completed
54458,989,2024-05-23,Mobile App,Debit Card,5,Completed
54459,914,2024-11-29,Store,Debit Card,5,Completed
54460,310,2025-01-19,Marketplace,Digital Wallet,4,Returned
54461,1344,2025-09-17,Marketplace,Digital Wallet,4,Completed
54462,1289,2024-01-11,Online,Credit Card,2,Completed
54463,992,2024-10-23,Mobile App,Digital Wallet,3,Completed
54464,147,2024-01-27,Online,Credit Card,5,Cancelled
54465,883,2025-06-16,Store,Debit Card,1,Completed
54466,1434,2025-08-17,Mobile App,Credit Card,2,Completed
54467,272,2025-01-07,Marketplace,Credit Card,5,Completed
54468,203,2024-11-17,Marketplace,Credit Card,5,Completed
54469,867,2025-12-02,Store,Debit Card,2,Completed
54470,1422,2025-05-04,Marketplace,PayPal,1,Completed
54471,1041,2024-11-14,Mobile App,PayPal,5,Cancelled
54472,1081,2024-10-05,Online,Digital Wallet,3,Completed
54473,358,2024-02-27,Marketplace,Debit Card,5,Completed
54474,1218,2024-11-06,Online,Debit Card,3,Completed
54475,582,2024-05-05,Mobile App,Credit Card,3,Completed
54476,374,2024-01-13,Marketplace,Debit Card,4,Completed
54477,1129,2025-04-29,Marketplace,Digital Wallet,3,Completed
54478,1210,2024-11-11,Store,Debit Card,5,Completed
54479,49,2025-11-30,Mobile App,Debit Card,3,Returned
54480,178,2024-11-10,Marketplace,Digital Wallet,1,Completed
54481,1223,2024-05-25,Store,PayPal,2,Completed
54482,547,2024-10-04,Marketplace,PayPal,5,Completed
54483,205,2025-12-23,Store,Debit Card,1,Completed
54484,1179,2025-01-01,Marketplace,PayPal,3,Completed
54485,1498,2024-09-19,Online,Digital Wallet,1,Completed
54486,993,2025-10-28,Mobile App,Digital Wallet,4,Cancelled
54487,1282,2024-08-17,Mobile App,Digital Wallet,1,Completed
54488,1097,2025-06-26,Mobile App,Debit Card,5,Completed
54489,440,2025-12-11,Marketplace,PayPal,2,Cancelled
54490,511,2025-06-29,Store,Credit Card,2,Completed
54491,1316,2024-09-17,Online,Digital Wallet,4,Returned
54492,368,2025-02-10,Store,PayPal,1,Completed
54493,1069,2025-03-23,Online,Digital Wallet,5,Completed
54494,1478,2025-04-22,Online,Debit Card,2,Completed
54495,1285,2025-05-10,Marketplace,PayPal,2,Completed
54496,1156,2024-08-17,Online,PayPal,2,Completed
54497,872,2025-08-08,Store,Digital Wallet,3,Completed
54498,719,2024-09-29,Online,Digital Wallet,3,Completed
54499,337,2024-09-15,Store,Digital Wallet,2,Completed
54500,329,2025-12-28,Online,Credit Card,5,Completed
54501,1411,2025-04-13,Mobile App,Digital Wallet,5,Completed
54502,1367,2025-12-05,Marketplace,Credit Card,4,Completed
54503,117,2024-11-28,Mobile App,Credit Card,1,Completed
54504,746,2024-12-28,Online,Debit Card,1,Returned
54505,175,2025-06-22,Marketplace,Digital Wallet,5,Completed
54506,1415,2025-09-03,Marketplace,Digital Wallet,4,Completed
54507,1144,2025-09-24,Online,Debit Card,2,Completed
54508,1247,2024-02-01,Store,Digital Wallet,2,Completed
54509,1385,2024-04-12,Mobile App,Credit Card,5,Completed
54510,423,2025-10-16,Online,Credit Card,4,Completed
54511,1499,2024-09-22,Mobile App,PayPal,1,Returned
54512,1422,2024-12-30,Online,Digital Wallet,1,Completed
54513,1245,2024-01-10,Online,Digital Wallet,1,Returned
54514,892,2024-08-18,Marketplace,Digital Wallet,2,Completed
54515,888,2025-11-28,Marketplace,Debit Card,4,Completed
54516,654,2024-11-09,Marketplace,Debit Card,5,Completed
54517,527,2025-03-05,Marketplace,PayPal,1,Completed
54518,1045,2024-12-19,Online,Credit Card,3,Completed
54519,48,2024-07-19,Online,Digital Wallet,1,Completed
54520,1250,2025-03-03,Marketplace,PayPal,2,Completed
54521,1047,2024-12-06,Mobile App,Digital Wallet,3,Completed
54522,1462,2024-08-10,Marketplace,Digital Wallet,4,Completed
54523,1353,2024-08-07,Online,Debit Card,1,Completed
54524,1371,2025-12-14,Mobile App,Credit Card,1,Completed
54525,1487,2024-05-02,Online,Debit Card,4,Completed
54526,1270,2024-06-05,Marketplace,Credit Card,1,Completed
54527,1311,2024-09-25,Mobile App,PayPal,1,Returned
54528,760,2024-07-29,Online,Credit Card,4,Returned
54529,1109,2025-11-03,Online,Digital Wallet,4,Completed
54530,1101,2024-06-05,Mobile App,Credit Card,4,Completed
54531,706,2025-05-10,Online,Credit Card,3,Completed
54532,462,2024-09-30,Mobile App,Digital Wallet,5,Completed
54533,919,2025-01-12,Store,PayPal,1,Completed
54534,1375,2024-08-05,Store,Debit Card,5,Returned
54535,954,2024-08-25,Mobile App,Credit Card,3,Completed
54536,1015,2024-02-01,Marketplace,Credit Card,4,Completed
54537,1221,2025-03-30,Online,PayPal,4,Completed
54538,1000,2024-12-29,Store,PayPal,4,Completed
54539,1493,2024-12-07,Mobile App,PayPal,4,Completed
54540,1286,2025-01-30,Online,Debit Card,1,Completed
54541,551,2024-04-30,Store,Credit Card,2,Completed
54542,970,2025-01-24,Mobile App,Debit Card,5,Returned
54543,937,2025-10-14,Mobile App,Credit Card,1,Completed
54544,1170,2025-12-30,Online,Debit Card,1,Completed
54545,282,2024-05-16,Store,PayPal,3,Completed
54546,61,2025-05-03,Online,Credit Card,4,Completed
54547,1365,2025-03-26,Marketplace,Digital Wallet,5,Completed
54548,570,2025-01-25,Store,Debit Card,4,Returned
54549,1498,2024-09-09,Online,Digital Wallet,1,Completed
54550,211,2024-06-21,Online,Debit Card,2,Returned
54551,221,2024-11-15,Marketplace,Credit Card,3,Completed
54552,890,2025-11-02,Store,Debit Card,4,Completed
54553,802,2024-12-31,Mobile App,Digital Wallet,3,Completed
54554,127,2025-08-01,Marketplace,Digital Wallet,2,Completed
54555,748,2025-09-23,Online,Digital Wallet,4,Completed
54556,1142,2024-04-19,Online,Debit Card,4,Completed
54557,794,2024-01-06,Mobile App,PayPal,2,Completed
54558,652,2024-07-02,Mobile App,Digital Wallet,2,Completed
54559,143,2025-09-24,Store,PayPal,4,Completed
54560,1132,2025-12-22,Mobile App,Credit Card,4,Completed
54561,537,2025-12-29,Online,Debit Card,3,Completed
54562,380,2025-05-19,Online,Debit Card,1,Completed
54563,1214,2024-12-24,Mobile App,Debit Card,2,Completed
54564,1086,2024-12-19,Mobile App,Debit Card,5,Completed
54565,561,2025-05-23,Marketplace,Credit Card,3,Completed
54566,796,2024-11-24,Store,Digital Wallet,1,Completed
54567,934,2024-03-09,Marketplace,PayPal,3,Completed
54568,270,2024-12-05,Online,Debit Card,1,Completed
54569,1267,2024-06-18,Mobile App,Debit Card,2,Completed
54570,735,2024-11-13,Store,Digital Wallet,1,Completed
54571,612,2025-07-26,Online,Credit Card,4,Completed
54572,1222,2024-10-01,Mobile App,Debit Card,1,Completed
54573,663,2025-08-28,Online,Digital Wallet,2,Completed
54574,1424,2024-08-24,Online,Digital Wallet,5,Completed
54575,552,2024-11-11,Mobile App,PayPal,2,Completed
54576,1250,2024-12-26,Marketplace,Debit Card,2,Completed
54577,3,2024-06-08,Online,PayPal,1,Completed
54578,1063,2024-10-13,Online,PayPal,4,Completed
54579,506,2025-07-02,Store,Digital Wallet,5,Completed
54580,1157,2024-11-03,Mobile App,Debit Card,4,Completed
54581,581,2024-10-15,Store,Credit Card,4,Returned
54582,337,2024-04-17,Mobile App,Digital Wallet,2,Completed
54583,801,2025-05-01,Online,Debit Card,5,Completed
54584,379,2024-04-03,Mobile App,PayPal,1,Completed
54585,1382,2024-04-29,Mobile App,Digital Wallet,5,Completed
54586,1253,2025-09-14,Mobile App,Digital Wallet,5,Completed
54587,1341,2024-01-17,Online,Credit Card,5,Completed
54588,1494,2024-08-11,Online,Credit Card,1,Completed
54589,1188,2025-02-14,Online,PayPal,2,Completed
54590,922,2024-03-31,Online,PayPal,4,Completed
54591,185,2025-06-27,Online,Debit Card,5,Completed
54592,1172,2024-02-14,Online,Digital Wallet,4,Completed
54593,1467,2025-04-27,Mobile App,Credit Card,5,Completed
54594,330,2024-11-02,Mobile App,Digital Wallet,5,Completed
54595,237,2025-07-18,Store,Credit Card,1,Completed
54596,1314,2025-01-09,Online,PayPal,2,Cancelled
54597,1125,2025-01-03,Online,Digital Wallet,5,Cancelled
54598,1165,2024-06-08,Marketplace,Digital Wallet,2,Completed
54599,1260,2024-04-28,Online,Credit Card,3,Completed
54600,1343,2024-02-08,Marketplace,PayPal,1,Completed
54601,1325,2024-07-01,Online,Digital Wallet,2,Cancelled
54602,1382,2024-01-18,Online,Credit Card,5,Completed
54603,1198,2025-06-10,Online,Debit Card,4,Completed
54604,66,2024-10-26,Marketplace,Debit Card,4,Completed
54605,608,2025-11-22,Marketplace,Credit Card,3,Completed
54606,238,2024-03-25,Marketplace,Debit Card,5,Completed
54607,1419,2024-02-22,Online,Credit Card,1,Completed
54608,1229,2025-05-20,Mobile App,Credit Card,5,Completed
54609,447,2024-07-21,Online,Credit Card,3,Completed
54610,704,2025-07-17,Online,PayPal,5,Completed
54611,1097,2025-08-29,Online,PayPal,5,Completed
54612,1094,2025-04-23,Online,Debit Card,2,Completed
54613,1334,2024-01-07,Online,Credit Card,2,Completed
54614,1431,2024-08-12,Mobile App,Credit Card,4,Cancelled
54615,1001,2025-11-21,Online,Credit Card,5,Cancelled
54616,77,2024-11-03,Online,Credit Card,3,Completed
54617,91,2024-08-10,Online,Credit Card,4,Completed
54618,983,2025-11-11,Mobile App,Digital Wallet,4,Completed
54619,351,2025-12-25,Store,PayPal,5,Completed
54620,1430,2024-01-16,Mobile App,PayPal,4,Completed
54621,803,2025-09-14,Online,Credit Card,3,Returned
54622,1339,2025-09-22,Online,PayPal,5,Completed
54623,1443,2024-12-14,Marketplace,Debit Card,2,Completed
54624,991,2024-12-02,Marketplace,Debit Card,1,Completed
54625,75,2024-08-12,Online,Digital Wallet,4,Completed
54626,585,2025-05-19,Mobile App,Debit Card,2,Completed
54627,1067,2024-01-11,Online,Credit Card,2,Completed
54628,1030,2025-02-04,Mobile App,Debit Card,5,Completed
54629,611,2024-05-20,Mobile App,Credit Card,2,Completed
54630,1394,2024-03-26,Store,Credit Card,1,Completed
54631,853,2025-03-27,Online,Digital Wallet,5,Completed
54632,1212,2025-09-30,Online,Credit Card,5,Completed
54633,435,2024-01-08,Online,Debit Card,4,Completed
54634,1401,2025-12-30,Online,Digital Wallet,2,Completed
54635,577,2024-02-18,Marketplace,Debit Card,1,Completed
54636,921,2025-07-01,Online,Digital Wallet,5,Returned
54637,537,2024-07-07,Online,PayPal,3,Completed
54638,666,2024-08-13,Mobile App,Debit Card,2,Completed
54639,1031,2024-12-13,Online,Debit Card,4,Completed
54640,1369,2025-09-08,Store,Credit Card,1,Completed
54641,90,2025-07-01,Online,Credit Card,1,Completed
54642,563,2024-09-01,Marketplace,Debit Card,3,Completed
54643,301,2025-11-13,Marketplace,Digital Wallet,3,Completed
54644,1274,2024-07-17,Online,Debit Card,3,Completed
54645,819,2025-04-01,Marketplace,Credit Card,2,Completed
54646,908,2025-12-15,Online,Digital Wallet,5,Completed
54647,889,2024-11-08,Mobile App,Digital Wallet,3,Completed
54648,1463,2025-07-09,Mobile App,PayPal,4,Completed
54649,1000,2024-05-21,Store,Debit Card,4,Completed
54650,777,2025-09-07,Marketplace,Digital Wallet,2,Completed
54651,1427,2024-11-14,Store,Digital Wallet,1,Completed
54652,1229,2024-11-30,Mobile App,PayPal,5,Completed
54653,336,2025-12-20,Online,PayPal,1,Completed
54654,286,2025-01-28,Store,Digital Wallet,2,Completed
54655,1211,2025-03-12,Mobile App,Credit Card,3,Completed
54656,797,2025-01-21,Online,Digital Wallet,3,Completed
54657,970,2025-11-20,Online,Digital Wallet,5,Completed
54658,812,2025-04-24,Online,PayPal,4,Completed
54659,971,2024-12-28,Online,Credit Card,2,Completed
54660,571,2025-08-02,Store,Credit Card,1,Completed
54661,970,2024-07-29,Online,Digital Wallet,5,Completed
54662,992,2024-08-03,Online,Digital Wallet,3,Completed
54663,904,2024-12-19,Mobile App,Digital Wallet,2,Completed
54664,893,2024-04-01,Online,Debit Card,5,Completed
54665,263,2025-05-20,Marketplace,PayPal,3,Completed
54666,457,2024-05-01,Marketplace,Debit Card,3,Completed
54667,124,2025-07-14,Mobile App,Credit Card,1,Completed
54668,211,2024-11-10,Store,Debit Card,2,Completed
54669,345,2024-02-26,Online,Digital Wallet,5,Completed
54670,307,2024-09-23,Store,Digital Wallet,1,Completed
54671,495,2025-12-31,Mobile App,Digital Wallet,3,Completed
54672,614,2025-10-21,Online,Digital Wallet,5,Returned
54673,1417,2024-10-17,Store,Digital Wallet,5,Completed
54674,579,2025-09-04,Mobile App,Digital Wallet,3,Completed
54675,1109,2024-12-21,Marketplace,PayPal,4,Completed
54676,102,2024-02-06,Mobile App,Credit Card,2,Completed
54677,1337,2024-09-17,Marketplace,Debit Card,1,Completed
54678,621,2025-04-27,Store,Digital Wallet,1,Completed
54679,18,2024-04-21,Marketplace,Debit Card,1,Completed
54680,224,2025-01-14,Store,Debit Card,5,Completed
54681,639,2025-08-31,Mobile App,Credit Card,5,Completed
54682,1022,2025-12-17,Mobile App,PayPal,5,Completed
54683,1048,2024-11-21,Online,Debit Card,1,Completed
54684,138,2025-04-03,Mobile App,PayPal,2,Completed
54685,744,2025-01-09,Online,PayPal,4,Completed
54686,339,2025-11-25,Store,PayPal,4,Cancelled
54687,77,2025-05-06,Online,PayPal,3,Completed
54688,1001,2024-06-20,Mobile App,PayPal,5,Completed
54689,1258,2024-01-26,Marketplace,PayPal,1,Completed
54690,1328,2024-10-24,Marketplace,PayPal,1,Completed
54691,673,2025-04-08,Online,Credit Card,5,Completed
54692,795,2024-06-11,Mobile App,Digital Wallet,5,Completed
54693,275,2024-08-24,Online,PayPal,4,Completed
54694,76,2024-11-25,Online,Credit Card,4,Completed
54695,1269,2025-09-20,Mobile App,PayPal,4,Completed
54696,199,2025-08-13,Mobile App,PayPal,4,Completed
54697,303,2024-04-17,Online,Debit Card,5,Completed
54698,768,2024-04-07,Marketplace,PayPal,1,Completed
54699,253,2024-04-11,Marketplace,Credit Card,2,Completed
54700,18,2025-10-14,Store,Debit Card,1,Completed
54701,412,2025-10-11,Mobile App,Debit Card,2,Completed
54702,1274,2025-09-07,Mobile App,Debit Card,3,Completed
54703,577,2024-12-24,Online,Digital Wallet,1,Returned
54704,602,2025-08-15,Mobile App,Debit Card,1,Returned
54705,481,2025-01-12,Online,Debit Card,5,Returned
54706,994,2024-06-16,Online,Debit Card,2,Cancelled
54707,555,2024-01-11,Online,PayPal,4,Completed
54708,814,2025-12-23,Online,Debit Card,1,Completed
54709,1010,2025-01-30,Mobile App,Digital Wallet,2,Completed
54710,834,2024-05-27,Online,Digital Wallet,3,Completed
54711,1493,2024-02-01,Online,Credit Card,4,Completed
54712,1187,2024-05-10,Online,Digital Wallet,1,Cancelled
54713,856,2024-02-07,Mobile App,PayPal,1,Completed
54714,1462,2024-12-18,Online,Debit Card,4,Completed
54715,1288,2024-09-19,Online,Debit Card,1,Completed
54716,338,2024-01-24,Online,Debit Card,1,Completed
54717,1452,2024-06-22,Mobile App,Credit Card,1,Returned
54718,1326,2024-09-22,Marketplace,Credit Card,4,Completed
54719,983,2025-06-16,Mobile App,Digital Wallet,4,Cancelled
54720,1337,2024-08-26,Mobile App,Digital Wallet,1,Completed
54721,1479,2025-02-22,Mobile App,Digital Wallet,4,Completed
54722,313,2025-12-05,Online,Credit Card,1,Completed
54723,1457,2024-05-10,Store,Credit Card,3,Completed
54724,1429,2025-06-20,Mobile App,PayPal,3,Completed
54725,745,2025-01-15,Online,Debit Card,5,Completed
54726,19,2025-07-22,Online,Credit Card,3,Completed
54727,794,2025-12-12,Mobile App,Debit Card,2,Completed
54728,74,2024-06-07,Mobile App,Debit Card,1,Completed
54729,185,2024-07-06,Store,PayPal,5,Completed
54730,548,2025-12-12,Online,PayPal,5,Completed
54731,863,2025-11-05,Store,PayPal,4,Completed
54732,307,2024-08-19,Marketplace,Debit Card,1,Completed
54733,880,2025-06-17,Store,Digital Wallet,4,Completed
54734,1348,2024-12-11,Online,Debit Card,4,Completed
54735,709,2025-12-03,Mobile App,PayPal,2,Completed
54736,883,2024-03-06,Mobile App,Credit Card,1,Completed
54737,558,2025-12-25,Store,Credit Card,5,Returned
54738,337,2025-06-20,Online,PayPal,2,Completed
54739,1051,2024-01-16,Online,Digital Wallet,1,Completed
54740,1302,2024-11-13,Mobile App,Debit Card,4,Completed
54741,514,2025-10-18,Online,Debit Card,5,Completed
54742,40,2025-10-12,Online,Debit Card,3,Completed
54743,1492,2025-12-30,Online,Digital Wallet,4,Completed
54744,1149,2025-04-01,Mobile App,Digital Wallet,1,Returned
54745,195,2025-07-16,Online,Digital Wallet,4,Returned
54746,1205,2024-05-01,Online,Digital Wallet,5,Completed
54747,1188,2025-09-08,Online,PayPal,2,Completed
54748,1304,2024-02-15,Online,Debit Card,5,Completed
54749,825,2025-02-28,Mobile App,Credit Card,5,Completed
54750,949,2025-03-02,Marketplace,PayPal,1,Completed
54751,466,2024-12-31,Mobile App,Debit Card,1,Completed
54752,74,2024-12-06,Marketplace,PayPal,1,Completed
54753,424,2025-11-02,Store,PayPal,3,Completed
54754,613,2025-02-14,Store,Debit Card,1,Completed
54755,601,2025-04-01,Mobile App,PayPal,3,Completed
54756,973,2024-09-27,Marketplace,Digital Wallet,4,Completed
54757,831,2025-03-23,Mobile App,Digital Wallet,3,Completed
54758,191,2025-04-25,Online,Debit Card,4,Completed
54759,317,2025-04-21,Mobile App,Credit Card,4,Returned
54760,574,2024-08-06,Online,Debit Card,5,Completed
54761,1272,2025-12-22,Marketplace,Credit Card,4,Completed
54762,841,2024-07-18,Online,Credit Card,4,Completed
54763,972,2025-11-09,Marketplace,Credit Card,4,Completed
54764,1271,2025-09-01,Mobile App,PayPal,3,Completed
54765,800,2024-02-23,Mobile App,Credit Card,4,Completed
54766,443,2024-04-08,Online,Digital Wallet,1,Completed
54767,1237,2025-05-16,Online,PayPal,2,Completed
54768,949,2025-10-16,Mobile App,PayPal,1,Completed
54769,456,2024-12-24,Online,Debit Card,4,Completed
54770,901,2025-10-25,Mobile App,PayPal,2,Completed
54771,844,2025-03-20,Online,PayPal,4,Completed
54772,186,2025-07-16,Online,Debit Card,3,Completed
54773,1152,2025-01-27,Mobile App,PayPal,5,Completed
54774,616,2024-12-11,Mobile App,Debit Card,1,Completed
54775,300,2025-09-26,Mobile App,Digital Wallet,3,Completed
54776,1030,2025-01-06,Mobile App,PayPal,5,Completed
54777,1365,2025-04-17,Store,Digital Wallet,5,Completed
54778,468,2025-12-26,Online,Digital Wallet,3,Completed
54779,601,2024-06-14,Mobile App,PayPal,3,Completed
54780,1260,2025-10-10,Mobile App,Digital Wallet,3,Returned
54781,750,2024-10-01,Mobile App,PayPal,3,Returned
54782,1326,2025-03-11,Mobile App,PayPal,4,Completed
54783,80,2024-11-16,Online,PayPal,4,Completed
54784,1290,2025-03-25,Marketplace,Debit Card,3,Completed
54785,217,2024-12-30,Store,Credit Card,3,Completed
54786,1168,2024-10-08,Marketplace,Digital Wallet,4,Completed
54787,243,2024-12-05,Online,Credit Card,2,Completed
54788,681,2024-10-12,Marketplace,Credit Card,1,Completed
54789,626,2025-02-25,Mobile App,PayPal,5,Completed
54790,877,2024-01-17,Store,Credit Card,2,Completed
54791,406,2024-12-09,Online,Digital Wallet,4,Returned
54792,1121,2025-07-23,Online,Credit Card,5,Returned
54793,923,2025-04-28,Online,PayPal,1,Completed
54794,1142,2024-11-24,Store,Credit Card,4,Completed
54795,1080,2024-10-05,Marketplace,PayPal,2,Completed
54796,308,2025-09-13,Store,PayPal,5,Completed
54797,711,2024-12-15,Marketplace,Digital Wallet,2,Completed
54798,1059,2024-07-27,Online,Digital Wallet,3,Completed
54799,1149,2024-09-13,Online,PayPal,1,Completed
54800,1045,2024-09-14,Marketplace,Credit Card,3,Completed
54801,1384,2025-02-05,Store,Digital Wallet,2,Completed
54802,68,2024-02-06,Online,Digital Wallet,1,Completed
54803,1368,2025-04-24,Mobile App,Debit Card,1,Completed
54804,600,2024-06-01,Online,Digital Wallet,4,Completed
54805,1081,2024-05-06,Online,PayPal,3,Completed
54806,1061,2024-12-10,Mobile App,PayPal,2,Completed
54807,929,2024-08-16,Online,Debit Card,2,Completed
54808,539,2025-06-09,Online,Credit Card,4,Completed
54809,1345,2025-03-15,Mobile App,Credit Card,1,Completed
54810,599,2024-10-16,Online,PayPal,3,Completed
54811,853,2024-11-06,Online,PayPal,5,Completed
54812,497,2025-01-11,Online,Debit Card,1,Completed
54813,1204,2025-08-18,Online,Credit Card,3,Completed
54814,459,2025-05-03,Mobile App,Credit Card,1,Returned
54815,1280,2025-10-27,Online,Debit Card,3,Completed
54816,647,2024-11-08,Marketplace,PayPal,5,Completed
54817,11,2025-01-17,Online,Credit Card,4,Completed
54818,808,2025-01-05,Marketplace,Digital Wallet,4,Completed
54819,725,2024-09-19,Online,Credit Card,2,Completed
54820,955,2025-11-17,Online,Credit Card,4,Completed
54821,664,2024-07-19,Store,Digital Wallet,3,Cancelled
54822,1297,2024-12-05,Online,Credit Card,2,Completed
54823,1476,2025-11-14,Online,PayPal,5,Completed
54824,1164,2024-03-05,Mobile App,Digital Wallet,5,Completed
54825,1260,2024-10-26,Mobile App,Debit Card,3,Completed
54826,1329,2024-11-10,Online,Credit Card,4,Completed
54827,669,2025-09-08,Store,Credit Card,2,Completed
54828,94,2024-09-12,Online,Digital Wallet,2,Completed
54829,237,2024-05-24,Online,Credit Card,1,Completed
54830,727,2024-12-22,Store,PayPal,5,Completed
54831,993,2024-12-30,Mobile App,Debit Card,4,Completed
54832,147,2024-03-11,Online,Credit Card,5,Completed
54833,870,2025-11-16,Online,Credit Card,2,Completed
54834,829,2024-02-11,Marketplace,Debit Card,3,Completed
54835,1091,2025-01-15,Online,Credit Card,4,Completed
54836,973,2025-03-08,Online,Digital Wallet,4,Completed
54837,509,2025-06-18,Marketplace,Debit Card,2,Completed
54838,206,2025-08-07,Mobile App,PayPal,5,Completed
54839,1248,2024-06-26,Mobile App,Credit Card,2,Returned
54840,1478,2025-05-21,Mobile App,Debit Card,2,Completed
54841,565,2024-09-15,Online,Debit Card,1,Completed
54842,155,2025-05-03,Mobile App,Debit Card,5,Completed
54843,1240,2025-11-27,Mobile App,Digital Wallet,3,Completed
54844,237,2025-06-13,Mobile App,Digital Wallet,1,Completed
54845,467,2024-12-01,Online,Credit Card,3,Completed
54846,1148,2024-07-28,Marketplace,Digital Wallet,3,Returned
54847,220,2024-02-07,Online,Credit Card,5,Completed
54848,55,2024-09-09,Marketplace,Debit Card,5,Cancelled
54849,1137,2024-01-16,Online,Digital Wallet,3,Completed
54850,328,2024-10-24,Marketplace,Debit Card,1,Completed
54851,649,2024-03-10,Online,Credit Card,2,Completed
54852,259,2024-11-25,Store,Credit Card,5,Completed
54853,276,2024-06-09,Online,Credit Card,1,Cancelled
54854,488,2024-08-15,Mobile App,Debit Card,2,Completed
54855,1497,2024-07-15,Online,Credit Card,5,Completed
54856,1204,2025-12-23,Online,Credit Card,3,Completed
54857,653,2024-10-18,Store,PayPal,1,Completed
54858,890,2025-06-09,Mobile App,Credit Card,4,Completed
54859,19,2025-03-10,Store,PayPal,3,Returned
54860,539,2025-04-10,Online,Debit Card,4,Completed
54861,67,2024-03-11,Online,PayPal,5,Completed
54862,827,2024-03-14,Mobile App,PayPal,1,Completed
54863,78,2024-09-02,Marketplace,PayPal,2,Completed
54864,527,2024-07-30,Store,Credit Card,1,Completed
54865,900,2025-08-15,Mobile App,Digital Wallet,5,Completed
54866,1090,2025-01-10,Online,Digital Wallet,1,Completed
54867,19,2025-10-14,Online,Credit Card,3,Completed
54868,952,2024-12-15,Marketplace,Digital Wallet,4,Completed
54869,1362,2024-12-19,Mobile App,Debit Card,1,Completed
54870,1114,2025-09-22,Online,PayPal,4,Completed
54871,399,2024-04-28,Online,Credit Card,4,Completed
54872,1192,2025-11-02,Store,Credit Card,5,Cancelled
54873,847,2024-12-17,Online,Digital Wallet,2,Completed
54874,1095,2024-09-23,Online,Digital Wallet,4,Completed
54875,1383,2024-02-01,Mobile App,PayPal,3,Returned
54876,56,2024-05-24,Online,Debit Card,1,Completed
54877,680,2024-05-25,Online,Debit Card,1,Completed
54878,58,2024-08-24,Marketplace,Debit Card,3,Completed
54879,920,2025-02-06,Online,Digital Wallet,4,Cancelled
54880,932,2024-09-05,Mobile App,Credit Card,5,Completed
54881,38,2024-03-05,Online,Debit Card,4,Completed
54882,121,2025-07-12,Mobile App,PayPal,4,Returned
54883,715,2025-12-08,Marketplace,Credit Card,3,Completed
54884,274,2024-11-03,Store,PayPal,1,Completed
54885,463,2024-11-18,Mobile App,PayPal,2,Completed
54886,417,2025-12-02,Store,Digital Wallet,2,Completed
54887,716,2025-08-07,Online,Digital Wallet,5,Completed
54888,858,2025-12-29,Store,PayPal,3,Completed
54889,110,2025-04-23,Marketplace,Credit Card,2,Completed
54890,782,2024-01-26,Online,PayPal,4,Completed
54891,1375,2025-06-09,Online,Credit Card,5,Completed
54892,691,2024-07-01,Online,Digital Wallet,2,Completed
54893,1438,2024-09-09,Marketplace,Credit Card,4,Completed
54894,1333,2025-11-19,Online,Digital Wallet,5,Completed
54895,332,2024-03-01,Mobile App,Credit Card,2,Completed
54896,445,2024-04-23,Online,PayPal,3,Completed
54897,818,2024-09-28,Store,Digital Wallet,4,Returned
54898,344,2025-11-20,Store,Credit Card,4,Completed
54899,1483,2024-05-23,Mobile App,PayPal,4,Completed
54900,294,2025-08-08,Online,Digital Wallet,3,Completed
54901,124,2024-11-13,Online,Digital Wallet,1,Completed
54902,1131,2024-09-15,Mobile App,Credit Card,4,Completed
54903,1379,2024-01-21,Online,Debit Card,2,Completed
54904,180,2025-11-17,Marketplace,PayPal,5,Returned
54905,922,2024-04-04,Online,Debit Card,4,Completed
54906,1121,2024-03-20,Mobile App,Debit Card,5,Completed
54907,87,2025-11-02,Online,Credit Card,1,Completed
54908,149,2024-01-30,Online,Credit Card,3,Completed
54909,1460,2025-01-28,Store,Credit Card,4,Completed
54910,1371,2024-12-28,Online,Credit Card,1,Completed
54911,151,2025-08-08,Store,PayPal,4,Completed
54912,1290,2024-08-10,Store,Credit Card,3,Completed
54913,822,2024-06-14,Mobile App,Digital Wallet,4,Returned
54914,494,2024-12-06,Marketplace,Credit Card,2,Completed
54915,294,2025-08-04,Online,Digital Wallet,3,Completed
54916,238,2024-12-28,Mobile App,Debit Card,5,Completed
54917,907,2025-02-18,Online,Digital Wallet,4,Completed
54918,1131,2024-11-28,Marketplace,Debit Card,4,Cancelled
54919,574,2025-06-12,Marketplace,PayPal,5,Completed
54920,982,2025-03-28,Marketplace,Digital Wallet,2,Completed
54921,1254,2025-04-24,Marketplace,Digital Wallet,3,Completed
54922,584,2025-05-22,Mobile App,PayPal,4,Completed
54923,1374,2025-11-09,Marketplace,Debit Card,3,Completed
54924,1231,2025-02-25,Online,Credit Card,1,Completed
54925,1039,2025-07-07,Online,PayPal,4,Completed
54926,1226,2025-08-13,Marketplace,Debit Card,1,Completed
54927,990,2024-10-17,Mobile App,Credit Card,1,Completed
54928,1069,2024-12-17,Online,Debit Card,5,Completed
54929,643,2025-11-01,Mobile App,Digital Wallet,1,Completed
54930,249,2024-03-09,Mobile App,Digital Wallet,2,Cancelled
54931,906,2024-12-24,Store,Debit Card,5,Completed
54932,810,2024-12-07,Marketplace,Debit Card,3,Completed
54933,1382,2024-09-06,Online,Digital Wallet,5,Completed
54934,945,2025-12-26,Online,PayPal,1,Completed
54935,395,2024-01-15,Online,Digital Wallet,3,Completed
54936,57,2024-09-08,Store,Credit Card,5,Completed
54937,1257,2024-05-21,Online,PayPal,2,Completed
54938,518,2025-02-01,Online,Digital Wallet,3,Completed
54939,1315,2025-05-23,Online,PayPal,4,Completed
54940,1454,2024-11-17,Marketplace,Digital Wallet,3,Completed
54941,1122,2024-08-18,Online,Debit Card,2,Completed
54942,170,2025-02-14,Online,Credit Card,5,Completed
54943,1098,2024-12-12,Online,Digital Wallet,1,Completed
54944,929,2024-12-04,Mobile App,Debit Card,2,Completed
54945,857,2024-09-06,Marketplace,Debit Card,2,Completed
54946,161,2024-11-05,Mobile App,Digital Wallet,4,Completed
54947,379,2025-05-26,Online,Digital Wallet,1,Completed
54948,839,2025-01-20,Online,PayPal,1,Completed
54949,57,2025-11-09,Online,Digital Wallet,5,Completed
54950,854,2024-06-04,Mobile App,Digital Wallet,1,Completed
54951,55,2024-08-19,Online,Credit Card,5,Completed
54952,829,2024-09-01,Marketplace,Debit Card,3,Completed
54953,85,2025-11-05,Mobile App,Digital Wallet,3,Completed
54954,28,2024-11-20,Online,PayPal,2,Completed
54955,40,2025-03-22,Online,Debit Card,3,Cancelled
54956,305,2024-07-18,Online,Debit Card,2,Completed
54957,1223,2025-12-24,Mobile App,Debit Card,2,Completed
54958,1421,2025-07-14,Online,Debit Card,5,Completed
54959,535,2024-04-30,Online,PayPal,4,Completed
54960,1145,2024-01-11,Online,Credit Card,3,Completed
54961,738,2025-12-02,Marketplace,Debit Card,4,Completed
54962,913,2024-04-11,Online,Digital Wallet,4,Completed
54963,609,2024-10-16,Marketplace,Debit Card,5,Completed
54964,197,2025-11-30,Marketplace,Debit Card,2,Completed
54965,582,2025-02-08,Online,PayPal,3,Completed
54966,301,2025-04-02,Mobile App,PayPal,3,Completed
54967,508,2024-11-07,Mobile App,PayPal,3,Completed
54968,1307,2024-07-14,Online,Credit Card,4,Completed
54969,1143,2024-07-31,Online,PayPal,3,Completed
54970,38,2024-07-12,Online,Digital Wallet,4,Completed
54971,1420,2024-03-09,Mobile App,Debit Card,5,Completed
54972,6,2024-11-13,Store,Debit Card,4,Completed
54973,1499,2024-01-29,Online,PayPal,1,Completed
54974,923,2024-11-09,Store,Debit Card,1,Completed
54975,715,2024-10-10,Online,PayPal,3,Completed
54976,1022,2025-05-10,Online,Digital Wallet,5,Completed
54977,421,2024-12-23,Online,Debit Card,4,Completed
54978,319,2025-11-24,Mobile App,Debit Card,1,Completed
54979,86,2024-06-15,Marketplace,Digital Wallet,2,Completed
54980,161,2025-12-22,Mobile App,Debit Card,4,Completed
54981,244,2024-10-26,Online,PayPal,5,Completed
54982,48,2024-08-29,Mobile App,Credit Card,1,Completed
54983,374,2025-03-06,Mobile App,Debit Card,4,Completed
54984,650,2025-10-21,Online,Debit Card,3,Completed
54985,523,2024-11-19,Online,Digital Wallet,4,Completed
54986,783,2024-09-17,Mobile App,Credit Card,4,Completed
54987,1337,2025-05-16,Online,PayPal,1,Completed
54988,1425,2025-07-15,Marketplace,Digital Wallet,5,Completed
54989,549,2025-12-23,Store,Credit Card,5,Completed
54990,311,2025-12-12,Store,Credit Card,4,Returned
54991,977,2025-03-01,Online,Debit Card,5,Completed
54992,473,2024-11-21,Mobile App,Digital Wallet,2,Completed
54993,935,2025-05-26,Store,Credit Card,3,Completed
54994,568,2024-03-09,Mobile App,Digital Wallet,2,Completed
54995,14,2025-03-12,Mobile App,Digital Wallet,2,Completed
54996,472,2025-12-13,Online,Digital Wallet,1,Completed
54997,449,2025-03-17,Online,Credit Card,4,Completed
54998,927,2024-12-05,Online,PayPal,2,Completed
54999,806,2024-07-18,Online,Debit Card,3,Returned
55000,798,2024-03-15,Online,Digital Wallet,2,Completed
55001,1092,2025-07-17,Marketplace,PayPal,1,Completed
55002,768,2025-06-13,Mobile App,PayPal,1,Completed
55003,377,2024-11-13,Online,Credit Card,5,Completed
55004,994,2024-09-19,Mobile App,Digital Wallet,2,Completed
55005,756,2025-01-26,Online,Credit Card,4,Completed
55006,901,2025-04-11,Mobile App,Digital Wallet,2,Completed
55007,181,2024-12-22,Mobile App,Debit Card,4,Completed
55008,334,2025-01-23,Mobile App,Debit Card,3,Completed
55009,234,2024-12-03,Online,PayPal,2,Completed
55010,1033,2025-02-13,Online,PayPal,4,Completed
55011,1388,2025-05-09,Marketplace,Digital Wallet,3,Completed
55012,1367,2025-02-13,Store,Debit Card,4,Completed
55013,856,2025-12-18,Marketplace,Credit Card,1,Completed
55014,1237,2024-02-22,Marketplace,Credit Card,2,Completed
55015,717,2025-12-13,Marketplace,Credit Card,5,Completed
55016,313,2024-02-07,Store,Digital Wallet,1,Completed
55017,52,2024-12-05,Online,Credit Card,3,Completed
55018,1294,2025-08-23,Online,Digital Wallet,5,Completed
55019,105,2025-03-29,Mobile App,PayPal,5,Completed
55020,1463,2025-01-02,Online,Credit Card,4,Completed
55021,1191,2025-01-18,Online,Credit Card,5,Completed
55022,1271,2025-12-17,Marketplace,Credit Card,3,Completed
55023,687,2024-08-12,Online,PayPal,5,Completed
55024,610,2025-12-11,Online,Debit Card,4,Completed
55025,1131,2024-12-07,Online,Debit Card,4,Completed
55026,19,2025-01-14,Marketplace,Credit Card,3,Completed
55027,955,2025-12-24,Online,Credit Card,4,Cancelled
55028,1061,2025-01-23,Online,Credit Card,2,Completed
55029,674,2025-01-13,Online,PayPal,1,Completed
55030,590,2024-05-28,Online,Digital Wallet,1,Completed
55031,549,2024-07-09,Online,PayPal,5,Completed
55032,225,2024-08-19,Online,Debit Card,1,Completed
55033,51,2025-11-06,Mobile App,Digital Wallet,5,Completed
55034,219,2025-09-16,Mobile App,Debit Card,3,Completed
55035,1253,2025-04-06,Mobile App,Debit Card,5,Completed
55036,394,2024-06-23,Mobile App,Digital Wallet,2,Cancelled
55037,145,2025-04-30,Mobile App,Debit Card,4,Completed
55038,1225,2025-01-16,Marketplace,Digital Wallet,2,Completed
55039,1433,2025-07-20,Online,Credit Card,3,Completed
55040,232,2024-05-13,Mobile App,Digital Wallet,4,Completed
55041,376,2024-08-19,Marketplace,PayPal,3,Completed
55042,727,2025-10-24,Online,Credit Card,5,Completed
55043,916,2025-08-10,Online,Debit Card,4,Completed
55044,17,2025-06-21,Marketplace,PayPal,1,Completed
55045,1430,2025-05-30,Marketplace,Digital Wallet,4,Completed
55046,1006,2024-12-29,Online,Digital Wallet,3,Completed
55047,1146,2025-04-03,Online,Credit Card,5,Completed
55048,559,2024-04-14,Mobile App,PayPal,2,Completed
55049,59,2024-01-24,Online,Debit Card,5,Completed
55050,1432,2025-01-07,Store,Credit Card,4,Completed
55051,725,2024-02-24,Online,Debit Card,2,Completed
55052,244,2024-09-05,Online,PayPal,5,Completed
55053,672,2024-02-06,Online,PayPal,1,Completed
55054,920,2024-03-11,Mobile App,Debit Card,4,Completed
55055,1415,2025-08-29,Online,Digital Wallet,4,Completed
55056,1108,2025-05-27,Online,Debit Card,3,Completed
55057,262,2024-04-26,Marketplace,Digital Wallet,5,Completed
55058,613,2025-06-11,Mobile App,PayPal,1,Completed
55059,799,2024-11-12,Mobile App,Debit Card,3,Completed
55060,16,2024-01-02,Online,Credit Card,1,Completed
55061,586,2024-02-20,Online,Digital Wallet,5,Completed
55062,1030,2025-12-09,Mobile App,Debit Card,5,Completed
55063,1453,2025-06-07,Mobile App,Credit Card,4,Completed
55064,1230,2025-05-14,Mobile App,PayPal,3,Completed
55065,314,2024-08-27,Online,Digital Wallet,1,Completed
55066,518,2025-04-23,Online,PayPal,3,Completed
55067,95,2024-11-15,Marketplace,Debit Card,4,Completed
55068,1032,2024-05-18,Online,Credit Card,3,Completed
55069,371,2024-08-10,Mobile App,PayPal,3,Completed
55070,913,2025-12-09,Online,Digital Wallet,4,Returned
55071,239,2024-12-30,Mobile App,Digital Wallet,4,Completed
55072,14,2025-06-11,Online,Credit Card,2,Completed
55073,390,2024-11-01,Online,Credit Card,3,Completed
55074,1412,2024-09-13,Online,PayPal,1,Completed
55075,620,2025-06-14,Mobile App,PayPal,3,Completed
55076,1148,2025-07-29,Mobile App,Digital Wallet,3,Completed
55077,256,2024-07-21,Store,Credit Card,2,Completed
55078,209,2024-08-13,Store,Debit Card,5,Completed
55079,1406,2024-05-12,Online,PayPal,4,Completed
55080,34,2024-07-15,Online,Debit Card,1,Completed
55081,267,2025-05-21,Online,Digital Wallet,5,Completed
55082,16,2025-10-06,Marketplace,Debit Card,1,Completed
55083,969,2024-07-31,Online,PayPal,1,Completed
55084,57,2024-09-16,Marketplace,Credit Card,5,Returned
55085,1481,2024-11-29,Marketplace,Debit Card,4,Completed
55086,88,2025-12-18,Marketplace,Digital Wallet,4,Completed
55087,1131,2025-09-14,Online,Credit Card,4,Completed
55088,596,2024-09-02,Mobile App,Debit Card,5,Completed
55089,313,2024-06-10,Online,Credit Card,1,Completed
55090,131,2024-08-13,Online,Digital Wallet,5,Completed
55091,947,2024-04-09,Online,Debit Card,4,Completed
55092,564,2025-11-22,Marketplace,PayPal,4,Returned
55093,813,2025-09-13,Online,Debit Card,1,Completed
55094,437,2025-05-09,Marketplace,Digital Wallet,5,Completed
55095,1005,2025-02-25,Online,Credit Card,2,Completed
55096,1445,2025-11-18,Mobile App,PayPal,1,Completed
55097,757,2025-11-19,Online,Digital Wallet,1,Completed
55098,72,2025-03-11,Marketplace,Debit Card,2,Returned
55099,471,2024-06-18,Online,Digital Wallet,2,Returned
55100,275,2024-04-14,Online,Debit Card,4,Completed
55101,346,2024-09-28,Mobile App,Debit Card,3,Returned
55102,479,2025-12-05,Online,Debit Card,3,Completed
55103,700,2025-02-16,Online,Credit Card,4,Returned
55104,128,2025-03-06,Online,Credit Card,2,Completed
55105,1244,2025-04-01,Mobile App,Digital Wallet,1,Cancelled
55106,345,2025-05-26,Marketplace,Digital Wallet,5,Completed
55107,888,2025-06-09,Mobile App,PayPal,4,Completed
55108,451,2025-04-29,Mobile App,PayPal,1,Completed
55109,487,2025-05-27,Mobile App,Digital Wallet,2,Completed
55110,1323,2025-01-24,Online,Debit Card,2,Completed
55111,607,2025-08-13,Online,PayPal,2,Completed
55112,1001,2025-06-12,Mobile App,Digital Wallet,5,Completed
55113,359,2025-03-26,Online,Debit Card,1,Completed
55114,657,2024-07-25,Online,Digital Wallet,2,Completed
55115,1326,2024-12-17,Mobile App,Credit Card,4,Completed
55116,1486,2025-02-12,Mobile App,Debit Card,3,Completed
55117,147,2024-11-01,Store,Digital Wallet,5,Completed
55118,601,2025-12-28,Marketplace,PayPal,3,Completed
55119,851,2024-01-06,Mobile App,PayPal,5,Cancelled
55120,683,2025-12-08,Online,PayPal,5,Completed
55121,892,2024-07-13,Online,Credit Card,2,Completed
55122,848,2025-09-21,Mobile App,Debit Card,1,Completed
55123,786,2024-06-06,Marketplace,Credit Card,3,Completed
55124,1136,2024-11-01,Mobile App,Debit Card,2,Completed
55125,1325,2025-04-06,Online,Debit Card,2,Completed
55126,464,2024-05-15,Marketplace,Credit Card,3,Returned
55127,1063,2024-03-13,Store,Credit Card,4,Completed
55128,688,2025-06-11,Mobile App,Credit Card,1,Completed
55129,119,2024-12-22,Online,Credit Card,4,Completed
55130,839,2024-11-16,Store,Digital Wallet,1,Completed
55131,1439,2025-09-23,Online,PayPal,3,Completed
55132,982,2024-11-03,Store,Digital Wallet,2,Completed
55133,1099,2025-05-21,Online,Credit Card,3,Completed
55134,105,2024-09-11,Mobile App,Credit Card,5,Completed
55135,1338,2025-12-04,Store,Digital Wallet,4,Returned
55136,601,2025-07-07,Online,Digital Wallet,3,Completed
55137,251,2024-07-03,Online,Debit Card,5,Completed
55138,233,2024-06-09,Online,Credit Card,3,Completed
55139,1328,2024-09-23,Mobile App,Debit Card,1,Returned
55140,1424,2025-02-09,Online,Credit Card,5,Completed
55141,739,2024-09-07,Marketplace,PayPal,4,Completed
55142,680,2024-09-18,Online,Digital Wallet,1,Completed
55143,811,2025-02-08,Online,Credit Card,1,Completed
55144,826,2024-07-01,Store,Digital Wallet,2,Completed
55145,702,2025-01-01,Online,Credit Card,2,Completed
55146,1347,2024-06-21,Online,Credit Card,5,Returned
55147,104,2024-09-28,Store,PayPal,3,Completed
55148,1394,2024-02-12,Store,Debit Card,1,Completed
55149,23,2024-08-14,Store,Debit Card,5,Completed
55150,541,2024-02-12,Mobile App,Credit Card,1,Completed
55151,989,2025-09-17,Online,Debit Card,5,Completed
55152,328,2025-04-06,Online,Digital Wallet,1,Cancelled
55153,617,2025-04-07,Online,Credit Card,1,Completed
55154,1020,2024-11-30,Marketplace,Digital Wallet,2,Completed
55155,1429,2024-02-26,Marketplace,Credit Card,3,Completed
55156,530,2024-04-25,Online,Credit Card,4,Returned
55157,844,2025-08-24,Marketplace,Debit Card,4,Completed
55158,1036,2024-06-13,Store,Credit Card,5,Completed
55159,497,2024-04-10,Store,Credit Card,1,Completed
55160,1046,2024-09-07,Mobile App,Digital Wallet,2,Completed
55161,1133,2025-11-04,Mobile App,Debit Card,3,Completed
55162,1020,2024-05-23,Online,Credit Card,2,Completed
55163,941,2025-08-04,Online,PayPal,1,Completed
55164,560,2024-09-17,Online,Debit Card,4,Completed
55165,937,2024-09-02,Online,PayPal,1,Cancelled
55166,550,2025-07-29,Marketplace,Debit Card,2,Completed
55167,881,2024-10-12,Mobile App,Digital Wallet,4,Completed
55168,417,2024-04-05,Marketplace,Digital Wallet,2,Completed
55169,154,2024-11-15,Store,Credit Card,4,Completed
55170,1367,2024-12-14,Store,PayPal,4,Completed
55171,1072,2025-12-05,Online,Debit Card,4,Completed
55172,910,2025-06-06,Online,Credit Card,2,Completed
55173,766,2024-11-28,Online,Debit Card,4,Completed
55174,358,2024-10-17,Online,PayPal,5,Completed
55175,750,2025-11-22,Mobile App,Credit Card,3,Completed
55176,1018,2024-04-03,Marketplace,Credit Card,3,Completed
55177,236,2025-05-02,Online,Digital Wallet,3,Completed
55178,423,2025-05-17,Online,Digital Wallet,4,Completed
55179,1387,2024-04-12,Online,Debit Card,3,Returned
55180,917,2025-03-01,Online,Digital Wallet,2,Completed
55181,497,2025-07-31,Marketplace,Digital Wallet,1,Completed
55182,1344,2025-12-14,Online,PayPal,4,Completed
55183,482,2024-03-18,Marketplace,Digital Wallet,2,Completed
55184,1473,2025-04-19,Online,PayPal,1,Completed
55185,442,2025-06-25,Online,Digital Wallet,1,Completed
55186,1161,2024-12-16,Online,Debit Card,2,Completed
55187,389,2024-05-15,Online,Digital Wallet,4,Returned
55188,1230,2024-04-02,Mobile App,PayPal,3,Completed
55189,874,2024-08-04,Marketplace,Digital Wallet,3,Returned
55190,1490,2024-12-19,Online,Debit Card,4,Completed
55191,892,2025-09-05,Store,Digital Wallet,2,Completed
55192,410,2024-12-25,Store,Debit Card,3,Completed
55193,772,2024-12-07,Marketplace,PayPal,5,Completed
55194,785,2024-07-17,Marketplace,PayPal,5,Completed
55195,120,2024-11-05,Online,PayPal,5,Completed
55196,1406,2024-04-12,Mobile App,Debit Card,4,Completed
55197,1025,2024-09-22,Store,Digital Wallet,5,Completed
55198,460,2024-02-25,Mobile App,Credit Card,1,Completed
55199,423,2025-12-11,Mobile App,Digital Wallet,4,Completed
55200,494,2024-10-15,Online,Digital Wallet,2,Completed
55201,1139,2025-12-25,Online,Credit Card,1,Cancelled
55202,1488,2024-12-16,Mobile App,PayPal,1,Cancelled
55203,1433,2024-03-20,Online,Credit Card,3,Completed
55204,1151,2024-12-28,Store,Credit Card,2,Completed
55205,670,2024-08-14,Online,Debit Card,2,Completed
55206,877,2025-02-09,Mobile App,Debit Card,2,Completed
55207,539,2025-11-17,Marketplace,Debit Card,4,Completed
55208,237,2024-12-27,Marketplace,Credit Card,1,Completed
55209,858,2024-09-24,Marketplace,Credit Card,3,Returned
55210,1104,2025-07-20,Online,PayPal,5,Completed
55211,1187,2025-12-05,Store,Debit Card,1,Completed
55212,216,2025-01-10,Online,Credit Card,3,Completed
55213,831,2025-10-26,Marketplace,Credit Card,3,Completed
55214,989,2024-10-21,Online,PayPal,5,Completed
55215,635,2025-01-14,Online,Digital Wallet,5,Completed
55216,455,2024-02-04,Online,Credit Card,3,Completed
55217,776,2025-12-02,Mobile App,Credit Card,4,Completed
55218,227,2025-01-21,Online,Credit Card,3,Completed
55219,1409,2024-11-08,Store,Credit Card,5,Completed
55220,1189,2024-09-19,Online,Credit Card,4,Completed
55221,744,2025-12-27,Online,Credit Card,4,Completed
55222,1445,2025-12-05,Online,Digital Wallet,1,Completed
55223,1211,2024-10-18,Online,PayPal,3,Completed
55224,338,2024-01-25,Mobile App,PayPal,1,Completed
55225,12,2025-10-22,Marketplace,Debit Card,4,Completed
55226,867,2025-12-22,Mobile App,Digital Wallet,2,Completed
55227,315,2025-07-15,Online,Digital Wallet,1,Completed
55228,581,2024-06-16,Mobile App,Digital Wallet,4,Completed
55229,1432,2025-12-01,Online,Debit Card,4,Completed
55230,122,2024-04-27,Online,Credit Card,5,Completed
55231,631,2025-02-15,Online,Digital Wallet,4,Completed
55232,685,2025-03-06,Online,PayPal,5,Completed
55233,1098,2025-10-01,Online,PayPal,1,Completed
55234,295,2025-07-17,Mobile App,Digital Wallet,5,Completed
55235,637,2025-11-24,Store,PayPal,4,Completed
55236,988,2025-09-12,Store,Debit Card,4,Completed
55237,315,2025-01-19,Marketplace,Debit Card,1,Completed
55238,1229,2025-04-02,Store,Debit Card,5,Returned
55239,884,2025-03-28,Mobile App,Credit Card,1,Completed
55240,1284,2024-08-29,Marketplace,Debit Card,1,Completed
55241,1302,2024-12-16,Store,PayPal,4,Returned
55242,1118,2024-12-07,Online,Debit Card,2,Returned
55243,1484,2024-06-27,Mobile App,Debit Card,4,Returned
55244,1488,2025-10-19,Marketplace,Credit Card,1,Completed
55245,330,2025-11-13,Online,PayPal,5,Completed
55246,135,2025-01-05,Store,PayPal,2,Completed
55247,317,2025-03-20,Store,Debit Card,4,Completed
55248,829,2025-09-11,Marketplace,Digital Wallet,3,Completed
55249,1007,2024-06-07,Store,PayPal,4,Completed
55250,475,2024-04-13,Store,Digital Wallet,2,Completed
55251,1328,2025-11-20,Online,PayPal,1,Completed
55252,1218,2025-08-01,Online,Digital Wallet,3,Completed
55253,1078,2025-10-06,Marketplace,PayPal,2,Completed
55254,454,2025-10-08,Store,PayPal,3,Completed
55255,1023,2025-05-05,Mobile App,Digital Wallet,5,Completed
55256,935,2024-07-08,Mobile App,Debit Card,3,Completed
55257,1174,2025-04-17,Marketplace,Credit Card,5,Completed
55258,847,2024-02-08,Mobile App,Credit Card,2,Completed
55259,106,2024-05-08,Mobile App,Credit Card,2,Completed
55260,609,2024-08-14,Online,Digital Wallet,5,Completed
55261,1164,2025-11-06,Mobile App,PayPal,5,Completed
55262,1341,2025-01-18,Mobile App,Digital Wallet,5,Completed
55263,350,2024-06-20,Marketplace,Credit Card,1,Completed
55264,1175,2024-01-23,Online,PayPal,1,Completed
55265,1156,2024-08-23,Mobile App,Debit Card,2,Completed
55266,831,2025-08-22,Store,Debit Card,3,Completed
55267,1108,2025-03-28,Online,Digital Wallet,3,Completed
55268,1171,2024-04-06,Online,PayPal,5,Completed
55269,701,2025-11-22,Marketplace,Digital Wallet,5,Completed
55270,680,2024-07-15,Mobile App,Credit Card,1,Returned
55271,303,2025-08-08,Mobile App,PayPal,5,Completed
55272,28,2024-12-06,Marketplace,Debit Card,2,Completed
55273,1429,2025-11-08,Online,Debit Card,3,Cancelled
55274,1155,2024-07-19,Marketplace,PayPal,2,Completed
55275,711,2024-12-29,Mobile App,Debit Card,2,Completed
55276,162,2024-10-05,Online,PayPal,4,Completed
55277,1353,2025-06-12,Online,Credit Card,1,Completed
55278,780,2025-12-14,Online,Debit Card,2,Completed
55279,926,2025-12-27,Online,PayPal,4,Completed
55280,184,2025-02-24,Marketplace,Debit Card,3,Completed
55281,119,2025-09-30,Online,PayPal,4,Completed
55282,1077,2024-05-09,Mobile App,Debit Card,2,Completed
55283,1378,2025-02-01,Online,Digital Wallet,3,Completed
55284,1127,2025-11-25,Online,Digital Wallet,5,Completed
55285,405,2025-09-06,Store,Digital Wallet,4,Completed
55286,100,2024-01-22,Mobile App,Digital Wallet,4,Completed
55287,1401,2025-11-26,Online,Digital Wallet,2,Completed
55288,613,2024-10-16,Store,PayPal,1,Completed
55289,1138,2024-12-19,Mobile App,Credit Card,2,Completed
55290,1110,2025-11-02,Online,PayPal,5,Completed
55291,1479,2025-12-12,Online,Debit Card,4,Completed
55292,1062,2025-09-13,Online,Credit Card,4,Completed
55293,1289,2025-12-20,Mobile App,Credit Card,2,Completed
55294,1472,2025-08-26,Online,PayPal,2,Completed
55295,411,2024-07-18,Store,Credit Card,5,Completed
55296,1142,2025-10-27,Mobile App,PayPal,4,Completed
55297,1478,2024-12-19,Online,PayPal,2,Completed
55298,983,2025-11-06,Mobile App,PayPal,4,Completed
55299,503,2025-06-12,Mobile App,Credit Card,3,Completed
55300,1173,2025-12-27,Store,Credit Card,2,Completed
55301,1377,2024-02-25,Store,Digital Wallet,1,Returned
55302,1118,2024-05-25,Marketplace,PayPal,2,Completed
55303,1174,2025-01-21,Online,Debit Card,5,Completed
55304,688,2025-01-01,Online,PayPal,1,Completed
55305,365,2025-07-14,Mobile App,PayPal,5,Completed
55306,788,2025-12-12,Marketplace,Digital Wallet,4,Completed
55307,113,2024-11-25,Store,Digital Wallet,3,Completed
55308,148,2024-12-30,Online,Credit Card,1,Completed
55309,1236,2025-01-23,Marketplace,Credit Card,5,Completed
55310,742,2025-09-02,Marketplace,Debit Card,5,Completed
55311,2,2024-07-20,Online,Credit Card,1,Completed
55312,56,2025-02-10,Store,PayPal,1,Completed
55313,1124,2024-04-13,Online,Digital Wallet,5,Completed
55314,889,2024-12-02,Store,Digital Wallet,3,Completed
55315,1447,2024-04-22,Store,Credit Card,3,Completed
55316,1157,2025-07-11,Online,Debit Card,4,Completed
55317,663,2025-12-23,Online,Debit Card,2,Completed
55318,63,2024-03-08,Online,Credit Card,5,Completed
55319,759,2024-08-30,Marketplace,Debit Card,4,Completed
55320,1279,2025-06-04,Marketplace,Digital Wallet,5,Completed
55321,15,2024-12-25,Mobile App,Credit Card,2,Completed
55322,858,2025-03-05,Online,Credit Card,3,Completed
55323,1239,2025-07-05,Mobile App,Digital Wallet,2,Completed
55324,44,2025-05-06,Mobile App,Debit Card,4,Completed
55325,19,2025-09-29,Online,Debit Card,3,Completed
55326,1186,2025-08-05,Mobile App,Digital Wallet,4,Completed
55327,813,2024-06-08,Mobile App,PayPal,1,Completed
55328,1204,2025-09-22,Online,Debit Card,3,Completed
55329,1432,2025-07-05,Online,Credit Card,4,Returned
55330,1195,2025-09-05,Mobile App,Digital Wallet,4,Completed
55331,208,2024-11-25,Store,Digital Wallet,5,Completed
55332,45,2024-05-29,Online,PayPal,3,Completed
55333,1381,2024-04-28,Online,PayPal,5,Completed
55334,682,2025-12-24,Online,PayPal,4,Completed
55335,1267,2024-10-28,Mobile App,Digital Wallet,2,Completed
55336,888,2024-04-17,Online,PayPal,4,Completed
55337,440,2025-01-18,Online,Debit Card,2,Completed
55338,1455,2025-11-02,Mobile App,Debit Card,1,Completed
55339,1364,2024-04-20,Mobile App,Digital Wallet,5,Completed
55340,1267,2024-08-19,Mobile App,Debit Card,2,Completed
55341,613,2025-09-12,Mobile App,Debit Card,1,Completed
55342,609,2025-09-20,Mobile App,Digital Wallet,5,Returned
55343,751,2024-12-11,Online,PayPal,5,Returned
55344,194,2025-10-16,Mobile App,Debit Card,2,Completed
55345,700,2024-01-27,Mobile App,Debit Card,4,Completed
55346,1137,2024-09-22,Store,Digital Wallet,3,Completed
55347,869,2025-04-13,Online,Credit Card,1,Completed
55348,1236,2025-12-09,Online,Digital Wallet,5,Completed
55349,910,2024-09-14,Marketplace,Debit Card,2,Completed
55350,295,2024-01-29,Mobile App,PayPal,5,Completed
55351,92,2024-12-25,Store,PayPal,3,Completed
55352,986,2025-09-24,Online,Credit Card,2,Completed
55353,392,2024-05-10,Online,Debit Card,5,Completed
55354,503,2024-07-03,Store,PayPal,3,Completed
55355,417,2025-07-06,Online,Debit Card,2,Completed
55356,570,2025-11-23,Online,Digital Wallet,4,Completed
55357,57,2024-12-14,Mobile App,Debit Card,5,Cancelled
55358,461,2025-03-21,Marketplace,Credit Card,4,Completed
55359,1078,2025-10-18,Mobile App,PayPal,2,Completed
55360,344,2025-04-19,Online,PayPal,4,Completed
55361,978,2025-02-13,Online,PayPal,3,Completed
55362,412,2024-10-03,Online,PayPal,2,Completed
55363,1437,2025-02-19,Online,Credit Card,1,Completed
55364,96,2025-12-29,Online,Debit Card,3,Completed
55365,579,2025-08-16,Mobile App,PayPal,3,Completed
55366,968,2025-02-18,Mobile App,PayPal,5,Completed
55367,63,2025-12-29,Marketplace,Credit Card,5,Completed
55368,257,2024-08-22,Mobile App,Credit Card,4,Completed
55369,1157,2025-07-25,Online,Debit Card,4,Returned
55370,1166,2025-12-04,Online,Digital Wallet,4,Completed
55371,792,2024-09-06,Mobile App,Digital Wallet,3,Completed
55372,850,2025-10-20,Online,Debit Card,2,Completed
55373,1092,2025-08-26,Online,PayPal,1,Completed
55374,818,2025-12-09,Mobile App,Debit Card,4,Completed
55375,164,2025-02-27,Mobile App,Digital Wallet,4,Completed
55376,680,2025-02-28,Mobile App,PayPal,1,Completed
55377,839,2025-07-30,Online,PayPal,1,Completed
55378,1330,2025-05-15,Mobile App,Credit Card,5,Completed
55379,1279,2024-10-07,Mobile App,Digital Wallet,5,Returned
55380,1219,2024-08-27,Online,Digital Wallet,4,Completed
55381,433,2025-02-17,Online,Credit Card,4,Completed
55382,307,2025-06-30,Marketplace,Credit Card,1,Cancelled
55383,1297,2025-11-25,Store,Credit Card,2,Completed
55384,212,2024-01-14,Mobile App,Credit Card,5,Completed
55385,529,2025-02-17,Online,PayPal,4,Completed
55386,101,2024-02-19,Marketplace,Credit Card,5,Completed
55387,454,2024-04-28,Marketplace,PayPal,3,Completed
55388,1384,2024-10-02,Online,Debit Card,2,Completed
55389,728,2025-10-19,Online,Debit Card,4,Completed
55390,980,2025-01-12,Store,Debit Card,4,Completed
55391,489,2025-11-07,Mobile App,PayPal,3,Completed
55392,201,2025-08-20,Online,Debit Card,2,Completed
55393,835,2024-10-08,Marketplace,Credit Card,4,Completed
55394,1047,2025-10-30,Mobile App,Credit Card,3,Completed
55395,274,2025-01-23,Marketplace,Digital Wallet,1,Completed
55396,375,2025-10-17,Online,Digital Wallet,1,Completed
55397,660,2024-11-05,Marketplace,Credit Card,5,Completed
55398,1197,2025-09-20,Online,Digital Wallet,1,Completed
55399,1340,2024-12-29,Store,Credit Card,4,Completed
55400,1109,2024-02-21,Online,Digital Wallet,4,Returned
55401,269,2025-11-23,Marketplace,Credit Card,5,Completed
55402,22,2025-11-13,Online,Digital Wallet,2,Completed
55403,33,2024-12-24,Mobile App,Credit Card,1,Completed
55404,1060,2024-07-03,Store,Debit Card,1,Completed
55405,1254,2025-12-21,Mobile App,Credit Card,3,Completed
55406,512,2024-10-19,Mobile App,Credit Card,2,Completed
55407,1420,2024-04-18,Marketplace,PayPal,5,Completed
55408,883,2025-12-22,Online,Digital Wallet,1,Completed
55409,1432,2025-04-28,Mobile App,Credit Card,4,Completed
55410,143,2025-12-06,Online,PayPal,4,Completed
55411,1283,2024-06-23,Online,Digital Wallet,4,Completed
55412,956,2025-08-13,Marketplace,Credit Card,3,Cancelled
55413,498,2025-06-25,Online,Debit Card,3,Completed
55414,392,2024-05-27,Store,Credit Card,5,Completed
55415,431,2024-07-19,Store,PayPal,2,Completed
55416,1301,2024-03-09,Online,Digital Wallet,3,Completed
55417,157,2025-06-24,Marketplace,Debit Card,1,Completed
55418,1081,2025-11-22,Online,Credit Card,3,Completed
55419,302,2024-02-28,Online,Debit Card,2,Completed
55420,37,2025-07-27,Marketplace,Debit Card,5,Returned
55421,1099,2025-05-28,Mobile App,Digital Wallet,3,Cancelled
55422,199,2024-11-18,Online,Credit Card,4,Completed
55423,964,2025-12-06,Online,PayPal,1,Completed
55424,1020,2024-11-20,Online,Credit Card,2,Completed
55425,375,2025-06-17,Mobile App,Debit Card,1,Completed
55426,325,2025-08-29,Online,Digital Wallet,1,Completed
55427,365,2025-10-02,Mobile App,Debit Card,5,Completed
55428,420,2025-07-23,Online,Digital Wallet,3,Completed
55429,1312,2024-11-30,Online,Debit Card,4,Completed
55430,1327,2024-04-28,Online,PayPal,1,Returned
55431,1366,2024-08-24,Mobile App,Digital Wallet,1,Completed
55432,1134,2025-09-02,Online,Debit Card,4,Completed
55433,229,2024-08-13,Online,PayPal,1,Completed
55434,846,2024-06-23,Online,PayPal,1,Completed
55435,1135,2025-05-30,Online,Debit Card,4,Completed
55436,663,2025-07-27,Marketplace,PayPal,2,Completed
55437,1101,2024-12-26,Store,Credit Card,4,Completed
55438,827,2024-03-15,Marketplace,PayPal,1,Completed
55439,371,2024-12-25,Online,PayPal,3,Completed
55440,1387,2025-12-01,Online,Debit Card,3,Completed
55441,1167,2024-06-13,Mobile App,Debit Card,2,Completed
55442,787,2024-03-24,Online,Digital Wallet,2,Completed
55443,290,2024-02-03,Mobile App,Credit Card,3,Completed
55444,674,2024-05-02,Store,Debit Card,1,Completed
55445,411,2025-03-16,Mobile App,Credit Card,5,Completed
55446,688,2025-03-18,Marketplace,Debit Card,1,Completed
55447,591,2025-08-04,Online,Credit Card,2,Returned
55448,241,2024-06-16,Online,Credit Card,1,Completed
55449,1346,2024-12-04,Marketplace,Credit Card,2,Completed
55450,240,2024-06-24,Online,Debit Card,5,Completed
55451,1051,2024-05-29,Mobile App,Debit Card,1,Returned
55452,399,2025-04-15,Store,Debit Card,4,Completed
55453,1431,2025-04-16,Online,Digital Wallet,4,Completed
55454,1081,2025-05-02,Marketplace,Debit Card,3,Completed
55455,859,2025-05-22,Mobile App,Credit Card,1,Completed
55456,1493,2024-12-12,Marketplace,Credit Card,4,Completed
55457,150,2025-07-11,Store,Debit Card,1,Completed
55458,1281,2025-10-27,Marketplace,Debit Card,3,Completed
55459,7,2025-09-20,Store,Credit Card,1,Completed
55460,112,2025-05-28,Online,Debit Card,4,Completed
55461,1032,2025-07-05,Online,Credit Card,3,Completed
55462,1334,2024-08-03,Online,PayPal,2,Completed
55463,837,2024-12-12,Marketplace,PayPal,2,Completed
55464,696,2025-12-05,Mobile App,Credit Card,2,Completed
55465,407,2024-06-26,Mobile App,Credit Card,5,Completed
55466,189,2024-11-28,Online,Credit Card,2,Completed
55467,1431,2025-07-24,Mobile App,Digital Wallet,4,Completed
55468,1442,2025-09-12,Online,Digital Wallet,5,Completed
55469,928,2024-08-06,Online,Credit Card,1,Completed
55470,574,2025-09-20,Mobile App,PayPal,5,Completed
55471,498,2025-05-29,Marketplace,PayPal,3,Completed
55472,887,2024-07-26,Online,Credit Card,1,Completed
55473,809,2025-01-04,Mobile App,Debit Card,5,Completed
55474,478,2024-04-24,Online,Debit Card,3,Completed
55475,634,2025-11-28,Mobile App,Credit Card,1,Completed
55476,799,2025-11-19,Online,Debit Card,3,Completed
55477,563,2024-02-14,Mobile App,Debit Card,3,Completed
55478,127,2024-12-26,Online,Digital Wallet,2,Completed
55479,1019,2025-10-17,Store,Credit Card,4,Completed
55480,533,2024-06-22,Online,Debit Card,3,Completed
55481,535,2024-07-02,Mobile App,PayPal,4,Completed
55482,990,2025-12-01,Online,Digital Wallet,1,Completed
55483,815,2024-01-23,Online,Credit Card,3,Completed
55484,951,2025-12-05,Online,PayPal,3,Completed
55485,1010,2025-12-23,Online,Debit Card,2,Completed
55486,1035,2025-11-03,Mobile App,Debit Card,3,Completed
55487,1144,2025-11-08,Online,Debit Card,2,Completed
55488,93,2024-03-11,Mobile App,Credit Card,5,Completed
55489,766,2025-08-13,Online,PayPal,4,Returned
55490,290,2025-11-10,Mobile App,Debit Card,3,Returned
55491,1329,2025-06-16,Online,Credit Card,4,Completed
55492,711,2024-03-23,Store,PayPal,2,Completed
55493,642,2024-12-15,Online,Credit Card,3,Returned
55494,264,2025-11-26,Mobile App,Debit Card,4,Completed
55495,1213,2024-06-18,Online,PayPal,3,Completed
55496,63,2025-01-03,Online,PayPal,5,Completed
55497,1140,2025-02-22,Mobile App,Digital Wallet,1,Completed
55498,985,2024-07-19,Store,PayPal,4,Completed
55499,1454,2024-10-17,Online,Digital Wallet,3,Completed
55500,924,2025-07-07,Marketplace,Digital Wallet,1,Completed
55501,1135,2024-02-28,Mobile App,Debit Card,4,Returned
55502,1421,2025-09-01,Online,PayPal,5,Completed
55503,148,2024-12-13,Mobile App,Debit Card,1,Completed
55504,579,2024-06-01,Store,Credit Card,3,Completed
55505,75,2024-02-12,Mobile App,Credit Card,4,Completed
55506,257,2024-03-08,Mobile App,Digital Wallet,4,Completed
55507,961,2025-01-09,Online,Debit Card,1,Returned
55508,140,2024-01-20,Marketplace,Debit Card,3,Completed
55509,718,2024-06-09,Marketplace,Digital Wallet,1,Completed
55510,120,2025-10-20,Store,Debit Card,5,Completed
55511,6,2025-12-20,Online,PayPal,4,Completed
55512,1238,2025-09-19,Online,Credit Card,3,Completed
55513,1058,2025-11-23,Online,Digital Wallet,2,Completed
55514,1364,2025-05-27,Store,Digital Wallet,5,Completed
55515,575,2025-12-30,Online,Digital Wallet,3,Completed
55516,150,2025-12-20,Mobile App,PayPal,1,Cancelled
55517,1441,2024-07-14,Store,Credit Card,2,Completed
55518,1078,2025-07-22,Online,Credit Card,2,Completed
55519,1237,2025-10-10,Marketplace,Digital Wallet,2,Completed
55520,1447,2025-07-30,Marketplace,PayPal,3,Completed
55521,668,2025-03-15,Mobile App,Credit Card,5,Completed
55522,709,2024-09-30,Mobile App,Credit Card,2,Completed
55523,1333,2024-12-29,Online,Digital Wallet,5,Completed
55524,278,2025-11-13,Mobile App,Debit Card,3,Completed
55525,1387,2024-04-30,Online,Credit Card,3,Completed
55526,892,2024-01-12,Online,Credit Card,2,Completed
55527,811,2024-12-12,Mobile App,Debit Card,1,Completed
55528,1124,2025-07-02,Online,PayPal,5,Returned
55529,375,2024-12-31,Online,Digital Wallet,1,Completed
55530,716,2024-11-20,Mobile App,Digital Wallet,5,Completed
55531,1268,2025-10-22,Online,Credit Card,2,Completed
55532,282,2024-05-06,Online,Digital Wallet,3,Completed
55533,994,2024-02-18,Online,PayPal,2,Completed
55534,57,2025-10-29,Mobile App,PayPal,5,Completed
55535,554,2025-03-13,Store,Credit Card,5,Completed
55536,1353,2024-05-26,Marketplace,Debit Card,1,Completed
55537,304,2025-03-15,Online,Digital Wallet,3,Completed
55538,826,2024-11-07,Online,PayPal,2,Completed
55539,449,2024-12-10,Online,Credit Card,4,Completed
55540,887,2024-10-11,Online,Debit Card,1,Completed
55541,1218,2024-01-03,Store,Digital Wallet,3,Completed
55542,435,2024-03-03,Online,Debit Card,4,Completed
55543,947,2024-12-18,Online,Debit Card,4,Cancelled
55544,873,2025-11-05,Marketplace,Digital Wallet,1,Completed
55545,182,2024-10-16,Marketplace,Debit Card,2,Completed
55546,597,2024-12-29,Mobile App,Digital Wallet,2,Completed
55547,326,2025-11-21,Online,PayPal,3,Completed
55548,1102,2025-12-21,Mobile App,Credit Card,5,Completed
55549,1366,2025-07-01,Marketplace,Credit Card,1,Completed
55550,1036,2024-05-27,Marketplace,Credit Card,5,Cancelled
55551,1376,2024-10-17,Mobile App,Digital Wallet,1,Completed
55552,224,2025-12-09,Online,Digital Wallet,5,Completed
55553,807,2025-03-29,Online,Digital Wallet,4,Cancelled
55554,892,2024-12-18,Online,Digital Wallet,2,Completed
55555,637,2025-11-14,Marketplace,Credit Card,4,Completed
55556,1441,2025-08-23,Online,Credit Card,2,Completed
55557,807,2024-11-20,Online,Debit Card,4,Completed
55558,1479,2024-09-27,Mobile App,PayPal,4,Completed
55559,1460,2025-10-17,Online,Digital Wallet,4,Completed
55560,1348,2025-08-01,Marketplace,Debit Card,4,Completed
55561,1351,2024-05-28,Marketplace,Digital Wallet,4,Completed
55562,704,2025-06-21,Marketplace,Credit Card,5,Completed
55563,664,2025-09-04,Mobile App,Credit Card,3,Completed
55564,61,2025-11-20,Online,Credit Card,4,Completed
55565,398,2025-12-07,Store,Debit Card,5,Completed
55566,667,2024-07-28,Online,Digital Wallet,3,Returned
55567,675,2025-05-17,Marketplace,PayPal,5,Completed
55568,392,2025-03-14,Marketplace,Debit Card,5,Completed
55569,973,2024-01-01,Store,Digital Wallet,4,Completed
55570,879,2025-07-27,Store,Debit Card,2,Completed
55571,477,2024-05-13,Online,Debit Card,2,Completed
55572,498,2025-05-28,Online,PayPal,3,Completed
55573,330,2024-04-12,Mobile App,Debit Card,5,Completed
55574,343,2025-11-30,Store,Credit Card,2,Cancelled
55575,160,2024-03-30,Mobile App,Digital Wallet,5,Completed
55576,648,2025-07-21,Store,Credit Card,2,Completed
55577,1088,2025-11-04,Mobile App,Digital Wallet,2,Completed
55578,957,2025-01-21,Online,PayPal,4,Completed
55579,320,2025-10-25,Online,Credit Card,4,Completed
55580,317,2024-11-18,Online,Digital Wallet,4,Returned
55581,1013,2024-08-23,Marketplace,Credit Card,1,Completed
55582,856,2024-04-22,Store,Digital Wallet,1,Completed
55583,275,2025-03-12,Online,PayPal,4,Completed
55584,677,2024-04-02,Mobile App,Credit Card,2,Cancelled
55585,1405,2024-04-13,Online,PayPal,1,Completed
55586,1000,2024-08-27,Online,Debit Card,4,Completed
55587,393,2024-08-11,Mobile App,Credit Card,5,Completed
55588,1271,2025-05-13,Online,Debit Card,3,Completed
55589,567,2024-03-21,Online,Digital Wallet,2,Completed
55590,539,2025-12-03,Mobile App,Debit Card,4,Completed
55591,1072,2025-01-13,Online,Credit Card,4,Completed
55592,440,2025-12-18,Online,Digital Wallet,2,Completed
55593,953,2025-08-10,Mobile App,Debit Card,5,Cancelled
55594,1298,2025-04-28,Mobile App,PayPal,2,Completed
55595,121,2024-04-17,Marketplace,Digital Wallet,4,Returned
55596,277,2025-12-27,Online,PayPal,5,Completed
55597,1190,2025-09-29,Mobile App,Credit Card,5,Completed
55598,927,2025-03-06,Online,PayPal,2,Completed
55599,323,2025-03-13,Online,PayPal,1,Completed
55600,1052,2025-10-02,Store,Credit Card,4,Completed
55601,611,2025-04-21,Marketplace,PayPal,2,Completed
55602,677,2025-06-13,Mobile App,PayPal,2,Completed
55603,1005,2024-12-29,Mobile App,Digital Wallet,2,Completed
55604,526,2024-10-17,Mobile App,Credit Card,3,Completed
55605,853,2025-04-13,Mobile App,Credit Card,5,Completed
55606,905,2024-01-10,Online,Digital Wallet,2,Cancelled
55607,778,2024-06-05,Marketplace,Digital Wallet,4,Completed
55608,218,2025-02-28,Store,Debit Card,3,Completed
55609,69,2024-10-01,Marketplace,Credit Card,5,Completed
55610,679,2024-05-08,Marketplace,PayPal,1,Completed
55611,420,2025-01-22,Mobile App,Credit Card,3,Completed
55612,743,2024-12-06,Mobile App,Credit Card,3,Completed
55613,1223,2024-11-01,Online,Credit Card,2,Completed
55614,359,2024-07-16,Mobile App,Credit Card,1,Completed
55615,66,2025-08-15,Mobile App,PayPal,4,Completed
55616,1320,2024-04-09,Mobile App,Debit Card,2,Cancelled
55617,1202,2025-12-13,Online,Digital Wallet,2,Completed
55618,1093,2025-05-12,Mobile App,PayPal,5,Completed
55619,438,2025-09-17,Online,Digital Wallet,1,Completed
55620,780,2025-08-06,Online,PayPal,2,Completed
55621,387,2025-08-28,Online,Credit Card,3,Completed
55622,26,2025-11-19,Mobile App,PayPal,3,Completed
55623,939,2025-10-10,Online,Digital Wallet,2,Completed
55624,797,2024-12-15,Marketplace,Debit Card,3,Completed
55625,1202,2025-07-31,Online,Debit Card,2,Completed
55626,1279,2025-01-17,Online,Digital Wallet,5,Returned
55627,692,2024-04-09,Online,Digital Wallet,2,Completed
55628,1460,2025-09-26,Store,Credit Card,4,Completed
55629,1234,2025-11-04,Mobile App,Debit Card,4,Completed
55630,1095,2025-12-03,Online,Credit Card,4,Completed
55631,815,2024-08-08,Mobile App,Digital Wallet,3,Completed
55632,450,2025-09-28,Online,Debit Card,5,Completed
55633,11,2024-05-04,Mobile App,Credit Card,4,Returned
55634,296,2024-06-21,Online,Credit Card,2,Completed
55635,557,2024-12-16,Store,PayPal,5,Returned
55636,161,2024-11-16,Mobile App,Digital Wallet,4,Completed
55637,948,2024-12-03,Store,PayPal,4,Completed
55638,95,2025-06-02,Mobile App,Debit Card,4,Completed
55639,135,2024-05-14,Online,Digital Wallet,2,Completed
55640,1015,2025-02-11,Marketplace,PayPal,4,Completed
55641,75,2024-07-24,Online,PayPal,4,Cancelled
55642,706,2024-07-16,Marketplace,PayPal,3,Returned
55643,412,2024-12-28,Mobile App,PayPal,2,Completed
55644,214,2024-12-25,Mobile App,PayPal,1,Completed
55645,512,2025-12-02,Online,Credit Card,2,Completed
55646,1285,2025-12-30,Online,Credit Card,2,Completed
55647,855,2024-11-07,Mobile App,Debit Card,3,Completed
55648,1396,2025-11-28,Online,Credit Card,2,Completed
55649,426,2024-08-10,Online,Credit Card,3,Completed
55650,1453,2025-05-05,Online,PayPal,4,Completed
55651,1223,2025-11-17,Online,PayPal,2,Completed
55652,1271,2025-07-28,Online,Digital Wallet,3,Completed
55653,205,2024-10-29,Online,Debit Card,1,Completed
55654,1212,2025-10-06,Mobile App,Digital Wallet,5,Completed
55655,327,2024-03-22,Store,Digital Wallet,3,Completed
55656,416,2025-12-01,Online,PayPal,4,Completed
55657,1126,2024-05-13,Online,PayPal,2,Completed
55658,51,2025-07-09,Store,PayPal,5,Completed
55659,615,2025-12-14,Store,Debit Card,3,Completed
55660,1026,2025-06-01,Marketplace,PayPal,3,Completed
55661,839,2025-08-16,Mobile App,PayPal,1,Completed
55662,637,2024-01-31,Marketplace,PayPal,4,Completed
55663,22,2025-04-22,Marketplace,PayPal,2,Completed
55664,1469,2024-03-07,Marketplace,Credit Card,5,Returned
55665,827,2024-03-17,Online,Credit Card,1,Completed
55666,1260,2024-09-02,Mobile App,Debit Card,3,Completed
55667,1097,2025-07-19,Online,Credit Card,5,Completed
55668,645,2024-07-09,Mobile App,Digital Wallet,4,Completed
55669,892,2024-04-17,Marketplace,Debit Card,2,Completed
55670,205,2025-11-17,Online,Credit Card,1,Cancelled
55671,340,2025-05-21,Online,Digital Wallet,4,Completed
55672,720,2025-09-26,Marketplace,Debit Card,1,Completed
55673,1471,2025-12-03,Online,Debit Card,5,Completed
55674,1057,2025-08-17,Online,Credit Card,1,Completed
55675,671,2024-12-19,Store,Credit Card,5,Completed
55676,751,2024-08-02,Online,Debit Card,5,Completed
55677,1343,2025-12-14,Store,Debit Card,1,Completed
55678,980,2025-01-22,Marketplace,Digital Wallet,4,Completed
55679,1353,2024-01-19,Mobile App,Credit Card,1,Completed
55680,1085,2024-07-08,Store,PayPal,1,Completed
55681,1174,2024-09-09,Store,Debit Card,5,Completed
55682,983,2024-10-08,Marketplace,Credit Card,4,Completed
55683,447,2024-05-02,Mobile App,PayPal,3,Cancelled
55684,1287,2024-12-19,Marketplace,Debit Card,1,Completed
55685,478,2024-02-24,Marketplace,PayPal,3,Completed
55686,360,2025-03-24,Online,Digital Wallet,1,Returned
55687,1276,2024-04-28,Mobile App,Debit Card,1,Completed
55688,1283,2025-03-29,Marketplace,Debit Card,4,Completed
55689,1149,2025-12-12,Online,Digital Wallet,1,Completed
55690,1016,2025-12-14,Mobile App,Debit Card,2,Completed
55691,972,2024-06-24,Store,Digital Wallet,4,Completed
55692,612,2025-09-05,Online,Digital Wallet,4,Completed
55693,496,2025-01-12,Marketplace,Digital Wallet,5,Completed
55694,1229,2024-01-30,Marketplace,PayPal,5,Completed
55695,1388,2025-06-17,Store,Debit Card,3,Completed
55696,997,2024-02-17,Marketplace,PayPal,4,Completed
55697,787,2024-05-06,Marketplace,Debit Card,2,Completed
55698,395,2024-05-12,Mobile App,PayPal,3,Completed
55699,1402,2025-03-26,Online,PayPal,4,Completed
55700,256,2024-08-20,Online,Digital Wallet,2,Completed
55701,1369,2024-06-09,Online,Digital Wallet,1,Completed
55702,1418,2024-11-18,Mobile App,PayPal,4,Completed
55703,443,2024-12-23,Online,Digital Wallet,1,Completed
55704,104,2024-05-14,Marketplace,PayPal,3,Completed
55705,1389,2025-07-01,Online,Credit Card,1,Completed
55706,252,2025-08-18,Store,Debit Card,4,Completed
55707,37,2025-07-31,Online,PayPal,5,Completed
55708,537,2024-03-06,Mobile App,Digital Wallet,3,Completed
55709,247,2025-08-21,Online,Debit Card,3,Completed
55710,1456,2025-06-07,Marketplace,Debit Card,5,Completed
55711,848,2025-07-13,Online,Credit Card,1,Completed
55712,533,2024-06-30,Online,PayPal,3,Completed
55713,324,2024-05-29,Online,Credit Card,2,Completed
55714,120,2024-12-11,Mobile App,Debit Card,5,Completed
55715,795,2025-10-12,Marketplace,Credit Card,5,Completed
55716,1039,2024-03-03,Marketplace,PayPal,4,Completed
55717,1086,2024-04-19,Online,Digital Wallet,5,Completed
55718,567,2025-09-21,Mobile App,Debit Card,2,Completed
55719,525,2025-10-01,Mobile App,Digital Wallet,5,Completed
55720,210,2024-03-05,Online,PayPal,3,Completed
55721,604,2024-03-15,Mobile App,PayPal,4,Completed
55722,599,2025-07-02,Mobile App,Debit Card,3,Completed
55723,777,2024-07-07,Mobile App,Credit Card,2,Returned
55724,1366,2024-04-04,Mobile App,Credit Card,1,Completed
55725,796,2025-10-27,Marketplace,Credit Card,1,Completed
55726,402,2025-07-23,Store,Credit Card,1,Completed
55727,687,2024-04-14,Online,Debit Card,5,Completed
55728,1087,2024-05-18,Online,Credit Card,2,Completed
55729,1127,2024-11-30,Online,Debit Card,5,Completed
55730,286,2025-09-16,Mobile App,PayPal,2,Cancelled
55731,493,2024-12-08,Online,Credit Card,2,Completed
55732,410,2025-11-13,Online,PayPal,3,Completed
55733,666,2024-09-12,Online,PayPal,2,Completed
55734,1293,2025-09-15,Marketplace,Debit Card,1,Completed
55735,296,2024-05-10,Online,PayPal,2,Completed
55736,363,2025-02-08,Online,Digital Wallet,1,Completed
55737,249,2024-06-08,Store,Digital Wallet,2,Completed
55738,938,2025-11-14,Online,Debit Card,3,Completed
55739,719,2025-09-23,Marketplace,Digital Wallet,3,Completed
55740,654,2025-05-01,Mobile App,Digital Wallet,5,Completed
55741,58,2024-11-18,Mobile App,Credit Card,3,Completed
55742,592,2025-12-16,Online,Debit Card,2,Completed
55743,461,2024-10-25,Mobile App,Debit Card,4,Completed
55744,665,2025-09-06,Online,Credit Card,1,Completed
55745,885,2025-04-18,Online,PayPal,5,Returned
55746,734,2025-12-15,Online,Digital Wallet,2,Completed
55747,561,2024-03-19,Online,Debit Card,3,Returned
55748,458,2024-12-25,Online,Digital Wallet,4,Completed
55749,1049,2025-12-13,Mobile App,Digital Wallet,5,Completed
55750,599,2024-01-02,Mobile App,Digital Wallet,3,Returned
55751,802,2024-01-24,Online,PayPal,3,Completed
55752,1107,2024-08-21,Mobile App,Debit Card,4,Completed
55753,694,2024-11-22,Online,PayPal,3,Completed
55754,604,2025-10-22,Mobile App,Debit Card,4,Completed
55755,1416,2024-01-21,Store,Credit Card,5,Completed
55756,750,2024-10-20,Online,PayPal,3,Completed
55757,644,2025-10-01,Mobile App,Digital Wallet,2,Completed
55758,640,2024-02-17,Mobile App,Credit Card,4,Completed
55759,1107,2024-06-07,Online,PayPal,4,Completed
55760,924,2025-11-07,Mobile App,PayPal,1,Completed
55761,1406,2024-04-16,Mobile App,Digital Wallet,4,Completed
55762,314,2024-06-23,Online,Debit Card,1,Completed
55763,1173,2024-04-05,Store,Debit Card,2,Completed
55764,502,2025-12-02,Online,Credit Card,4,Completed
55765,1037,2025-07-21,Marketplace,PayPal,5,Completed
55766,116,2024-12-02,Mobile App,PayPal,1,Completed
55767,1142,2024-02-25,Online,Debit Card,4,Completed
55768,1408,2024-12-19,Mobile App,Debit Card,3,Completed
55769,1473,2025-04-15,Online,PayPal,1,Completed
55770,1275,2024-06-22,Online,Digital Wallet,4,Completed
55771,387,2025-12-18,Mobile App,Debit Card,3,Completed
55772,326,2024-08-09,Marketplace,Debit Card,3,Completed
55773,753,2025-05-26,Online,Debit Card,4,Returned
55774,912,2024-03-08,Marketplace,Digital Wallet,3,Completed
55775,637,2025-11-04,Marketplace,PayPal,4,Completed
55776,1211,2025-05-22,Online,Credit Card,3,Completed
55777,1493,2024-08-08,Store,Credit Card,4,Completed
55778,525,2024-11-23,Online,Debit Card,5,Completed
55779,423,2024-01-08,Store,Credit Card,4,Returned
55780,570,2024-11-06,Store,Digital Wallet,4,Completed
55781,1279,2024-11-10,Online,Credit Card,5,Completed
55782,37,2024-12-20,Mobile App,Digital Wallet,5,Completed
55783,227,2025-06-01,Store,PayPal,3,Completed
55784,269,2025-10-28,Online,Digital Wallet,5,Completed
55785,507,2024-06-09,Online,Digital Wallet,4,Completed
55786,865,2024-09-16,Mobile App,Credit Card,5,Completed
55787,1386,2024-11-21,Online,PayPal,2,Returned
55788,459,2025-11-14,Store,Digital Wallet,1,Completed
55789,1012,2024-01-21,Marketplace,Credit Card,3,Completed
55790,193,2025-05-08,Store,Credit Card,4,Completed
55791,499,2024-11-09,Online,Digital Wallet,1,Completed
55792,39,2024-02-16,Mobile App,Credit Card,3,Completed
55793,1167,2025-05-06,Online,PayPal,2,Completed
55794,1325,2024-04-01,Online,Digital Wallet,2,Completed
55795,443,2025-12-13,Marketplace,PayPal,1,Completed
55796,842,2025-05-17,Mobile App,PayPal,3,Completed
55797,254,2025-12-18,Online,Digital Wallet,1,Completed
55798,814,2024-08-15,Mobile App,Credit Card,1,Completed
55799,1301,2025-04-26,Online,Debit Card,3,Completed
55800,665,2024-03-14,Store,Digital Wallet,1,Returned
55801,968,2024-11-06,Mobile App,Digital Wallet,5,Completed
55802,728,2024-07-14,Mobile App,Digital Wallet,4,Completed
55803,699,2025-11-07,Online,Credit Card,4,Completed
55804,253,2024-03-17,Online,Debit Card,2,Completed
55805,1303,2024-04-15,Store,PayPal,3,Completed
55806,660,2024-11-17,Store,Digital Wallet,5,Completed
55807,467,2024-06-16,Online,Digital Wallet,3,Completed
55808,1202,2025-03-02,Online,PayPal,2,Cancelled
55809,1430,2024-03-28,Mobile App,Debit Card,4,Completed
55810,775,2024-08-17,Mobile App,Credit Card,5,Completed
55811,1073,2025-11-03,Marketplace,Debit Card,3,Completed
55812,455,2024-09-02,Mobile App,Debit Card,3,Completed
55813,812,2025-12-15,Store,Debit Card,4,Completed
55814,488,2024-05-12,Marketplace,Debit Card,2,Completed
55815,1162,2025-10-05,Mobile App,Debit Card,1,Completed
55816,1411,2025-05-13,Online,Credit Card,5,Completed
55817,197,2025-02-21,Mobile App,Debit Card,2,Completed
55818,991,2025-06-02,Online,Debit Card,1,Completed
55819,1053,2024-09-15,Marketplace,Digital Wallet,5,Completed
55820,682,2025-10-11,Online,Digital Wallet,4,Completed
55821,72,2024-10-29,Marketplace,PayPal,2,Completed
55822,1052,2024-05-08,Mobile App,Credit Card,4,Completed
55823,218,2025-10-28,Mobile App,PayPal,3,Completed
55824,1483,2024-01-03,Mobile App,Credit Card,4,Completed
55825,117,2024-10-17,Store,Digital Wallet,1,Returned
55826,962,2025-05-01,Marketplace,PayPal,1,Completed
55827,633,2025-11-25,Marketplace,Digital Wallet,1,Completed
55828,541,2024-09-12,Marketplace,Debit Card,1,Completed
55829,471,2024-12-12,Mobile App,Credit Card,2,Completed
55830,1025,2024-09-25,Online,Credit Card,5,Completed
55831,1205,2024-01-31,Marketplace,Credit Card,5,Completed
55832,1177,2024-08-24,Mobile App,PayPal,4,Cancelled
55833,605,2025-10-20,Online,PayPal,1,Completed
55834,524,2025-09-13,Marketplace,PayPal,5,Completed
55835,348,2024-12-15,Marketplace,Debit Card,1,Completed
55836,989,2025-08-21,Online,Debit Card,5,Completed
55837,340,2025-06-03,Online,Debit Card,4,Completed
55838,1213,2024-12-28,Marketplace,PayPal,3,Completed
55839,579,2024-12-07,Marketplace,Debit Card,3,Completed
55840,67,2025-07-29,Store,Digital Wallet,5,Completed
55841,222,2024-08-23,Online,Digital Wallet,3,Completed
55842,782,2024-08-23,Online,Credit Card,4,Completed
55843,740,2024-10-30,Online,PayPal,5,Completed
55844,462,2024-12-21,Mobile App,Credit Card,5,Completed
55845,767,2025-09-01,Store,Debit Card,2,Completed
55846,780,2024-05-23,Online,PayPal,2,Completed
55847,729,2025-12-16,Store,Debit Card,2,Completed
55848,883,2025-09-03,Online,Digital Wallet,1,Completed
55849,826,2025-09-08,Mobile App,Credit Card,2,Completed
55850,702,2025-09-22,Store,Digital Wallet,2,Completed
55851,725,2025-04-19,Marketplace,Debit Card,2,Completed
55852,1338,2024-11-01,Online,Digital Wallet,4,Completed
55853,552,2024-11-11,Mobile App,Debit Card,2,Completed
55854,1364,2025-06-23,Mobile App,PayPal,5,Completed
55855,796,2024-06-10,Online,PayPal,1,Completed
55856,187,2024-07-20,Online,Debit Card,2,Completed
55857,486,2024-08-23,Mobile App,PayPal,4,Completed
55858,1111,2024-06-30,Online,Debit Card,4,Completed
55859,41,2025-06-10,Mobile App,Digital Wallet,3,Completed
55860,11,2024-02-19,Mobile App,PayPal,4,Completed
55861,1253,2024-06-26,Online,Credit Card,5,Completed
55862,17,2025-12-01,Online,Digital Wallet,1,Completed
55863,497,2025-07-10,Marketplace,PayPal,1,Returned
55864,1343,2025-01-23,Mobile App,PayPal,1,Completed
55865,254,2025-08-02,Online,PayPal,1,Completed
55866,331,2024-11-28,Online,Digital Wallet,2,Completed
55867,226,2024-11-14,Online,PayPal,3,Cancelled
55868,33,2024-06-05,Online,Debit Card,1,Cancelled
55869,416,2025-01-14,Store,Credit Card,4,Completed
55870,859,2024-10-07,Store,Digital Wallet,1,Completed
55871,228,2025-05-08,Online,Debit Card,3,Completed
55872,1385,2024-05-03,Online,Credit Card,5,Completed
55873,626,2024-10-31,Online,PayPal,5,Completed
55874,1118,2025-10-26,Marketplace,Credit Card,2,Completed
55875,143,2025-08-07,Online,PayPal,4,Completed
55876,1049,2025-04-13,Online,Digital Wallet,5,Completed
55877,684,2025-09-28,Marketplace,Digital Wallet,1,Completed
55878,21,2024-09-16,Mobile App,Digital Wallet,1,Cancelled
55879,810,2025-12-25,Store,PayPal,3,Completed
55880,1402,2025-03-29,Mobile App,PayPal,4,Completed
55881,336,2025-02-08,Mobile App,PayPal,1,Completed
55882,969,2024-04-14,Mobile App,Credit Card,1,Completed
55883,152,2025-02-19,Store,Credit Card,3,Completed
55884,575,2025-09-18,Online,Credit Card,3,Completed
55885,1038,2024-04-02,Mobile App,Debit Card,3,Completed
55886,885,2025-09-19,Online,Digital Wallet,5,Completed
55887,826,2024-06-28,Marketplace,Debit Card,2,Completed
55888,567,2024-12-02,Online,Digital Wallet,2,Completed
55889,1228,2025-02-05,Mobile App,PayPal,2,Completed
55890,1370,2024-03-23,Mobile App,PayPal,1,Completed
55891,664,2024-07-11,Mobile App,Credit Card,3,Completed
55892,440,2025-08-20,Online,Debit Card,2,Completed
55893,1442,2024-07-31,Mobile App,Credit Card,5,Completed
55894,71,2025-03-20,Online,Debit Card,1,Completed
55895,704,2025-11-02,Online,Debit Card,5,Completed
55896,379,2024-09-19,Marketplace,PayPal,1,Completed
55897,1294,2024-12-03,Online,Credit Card,5,Completed
55898,1140,2025-06-22,Mobile App,Debit Card,1,Completed
55899,1398,2024-02-03,Online,Credit Card,5,Completed
55900,347,2024-08-02,Online,Digital Wallet,2,Completed
55901,1321,2025-11-26,Store,Debit Card,4,Completed
55902,1276,2025-08-19,Online,Credit Card,1,Completed
55903,759,2024-04-18,Online,Debit Card,4,Completed
55904,1349,2025-02-09,Mobile App,PayPal,4,Completed
55905,910,2025-09-04,Online,Debit Card,2,Completed
55906,1177,2025-07-13,Mobile App,Debit Card,4,Completed
55907,1249,2025-06-17,Online,Digital Wallet,4,Cancelled
55908,758,2025-02-18,Online,Digital Wallet,5,Returned
55909,1292,2024-07-18,Online,Debit Card,3,Completed
55910,1490,2025-07-19,Mobile App,Credit Card,4,Completed
55911,878,2025-04-01,Online,Debit Card,3,Completed
55912,38,2024-05-17,Store,PayPal,4,Completed
55913,1353,2025-08-01,Mobile App,PayPal,1,Completed
55914,1466,2025-07-19,Online,PayPal,4,Completed
55915,1204,2024-12-09,Store,Digital Wallet,3,Completed
55916,1423,2024-02-09,Online,PayPal,3,Completed
55917,715,2025-12-27,Mobile App,PayPal,3,Completed
55918,718,2024-04-24,Online,PayPal,1,Completed
55919,250,2024-09-25,Online,PayPal,2,Completed
55920,352,2025-05-22,Online,Digital Wallet,4,Completed
55921,27,2025-09-28,Mobile App,Debit Card,3,Returned
55922,368,2025-05-31,Online,PayPal,1,Completed
55923,147,2024-10-22,Online,Digital Wallet,5,Completed
55924,226,2025-01-10,Mobile App,Debit Card,3,Completed
55925,706,2025-07-10,Mobile App,Credit Card,3,Completed
55926,654,2024-01-15,Online,Credit Card,5,Completed
55927,597,2025-09-13,Mobile App,Debit Card,2,Completed
55928,362,2024-03-23,Mobile App,PayPal,5,Completed
55929,449,2024-12-02,Store,PayPal,4,Completed
55930,1264,2024-03-08,Marketplace,PayPal,4,Completed
55931,639,2024-09-05,Marketplace,Credit Card,5,Completed
55932,771,2025-11-03,Online,Credit Card,5,Completed
55933,960,2025-12-17,Mobile App,Digital Wallet,1,Completed
55934,823,2024-09-13,Online,Credit Card,1,Completed
55935,946,2025-12-19,Online,Debit Card,5,Completed
55936,568,2024-12-27,Online,PayPal,2,Completed
55937,1034,2024-08-04,Marketplace,Debit Card,1,Completed
55938,1212,2024-11-25,Store,PayPal,5,Cancelled
55939,366,2024-02-09,Marketplace,Credit Card,5,Completed
55940,857,2025-07-20,Online,Credit Card,2,Completed
55941,854,2025-04-05,Store,PayPal,1,Completed
55942,207,2024-09-05,Online,Debit Card,3,Completed
55943,663,2025-04-24,Online,Debit Card,2,Completed
55944,1418,2024-03-29,Online,PayPal,4,Completed
55945,900,2025-04-02,Online,Credit Card,5,Completed
55946,1223,2024-09-29,Mobile App,PayPal,2,Completed
55947,661,2024-08-02,Online,Debit Card,2,Completed
55948,1412,2025-05-03,Mobile App,PayPal,1,Completed
55949,440,2025-05-05,Mobile App,Digital Wallet,2,Completed
55950,306,2025-09-17,Store,Credit Card,4,Completed
55951,303,2025-09-19,Online,Debit Card,5,Completed
55952,577,2024-09-06,Online,Debit Card,1,Completed
55953,1165,2024-05-14,Marketplace,Credit Card,2,Returned
55954,375,2025-07-03,Mobile App,PayPal,1,Completed
55955,79,2024-10-09,Online,PayPal,1,Completed
55956,446,2024-01-17,Mobile App,Debit Card,2,Completed
55957,1148,2024-08-20,Online,Digital Wallet,3,Completed
55958,1352,2024-03-28,Store,Debit Card,5,Completed
55959,421,2025-01-05,Online,PayPal,4,Completed
55960,355,2025-05-11,Online,Digital Wallet,5,Completed
55961,471,2025-02-24,Mobile App,Debit Card,2,Completed
55962,975,2024-12-14,Online,PayPal,3,Completed
55963,830,2025-07-12,Mobile App,Debit Card,2,Completed
55964,1089,2025-12-07,Online,Debit Card,4,Completed
55965,1341,2025-11-07,Marketplace,PayPal,5,Completed
55966,87,2025-11-18,Mobile App,Debit Card,1,Completed
55967,717,2025-01-28,Online,Debit Card,5,Completed
55968,526,2024-03-26,Online,Credit Card,3,Completed
55969,45,2024-02-25,Online,Digital Wallet,3,Completed
55970,758,2024-03-03,Online,Debit Card,5,Completed
55971,1356,2024-08-11,Mobile App,Debit Card,2,Completed
55972,582,2024-01-08,Online,Credit Card,3,Completed
55973,1443,2024-04-19,Mobile App,Debit Card,2,Completed
55974,376,2025-08-16,Marketplace,Debit Card,3,Completed
55975,179,2025-11-28,Online,PayPal,2,Completed
55976,1350,2025-02-14,Online,Debit Card,2,Completed
55977,1433,2024-08-19,Store,PayPal,3,Completed
55978,584,2024-11-07,Online,Debit Card,4,Completed
55979,1049,2025-12-11,Mobile App,Credit Card,5,Completed
55980,1368,2025-04-09,Online,Credit Card,1,Completed
55981,1479,2025-09-27,Online,Credit Card,4,Completed
55982,1173,2025-11-23,Store,PayPal,2,Completed
55983,1234,2025-03-10,Online,Digital Wallet,4,Completed
55984,121,2024-03-22,Marketplace,Debit Card,4,Completed
55985,931,2024-07-10,Marketplace,Digital Wallet,5,Completed
55986,1095,2024-11-09,Marketplace,Credit Card,4,Returned
55987,1485,2024-06-21,Mobile App,Credit Card,1,Completed
55988,1002,2025-03-29,Mobile App,Credit Card,1,Completed
55989,1286,2025-08-12,Marketplace,PayPal,1,Completed
55990,1207,2024-03-21,Mobile App,PayPal,3,Completed
55991,333,2024-12-27,Mobile App,Digital Wallet,5,Completed
55992,1480,2024-02-29,Online,Credit Card,1,Completed
55993,702,2025-06-04,Mobile App,Credit Card,2,Completed
55994,418,2025-02-21,Mobile App,Credit Card,4,Completed
55995,1166,2025-06-29,Mobile App,PayPal,4,Completed
55996,818,2024-02-04,Store,Credit Card,4,Completed
55997,1360,2025-01-22,Mobile App,PayPal,1,Completed
55998,521,2024-11-26,Online,Digital Wallet,2,Completed
55999,538,2025-07-14,Online,Credit Card,5,Completed
56000,1122,2024-02-28,Online,PayPal,2,Completed
